GEOID,pop,minority_pct,zero_vehicle_pct,poverty_pct,commute_pct,disability_pct,lep_pct,age_pct,education_pct,equity_score,tier,lon,lat
36047024400,3556,31.52418447694038,37.65060240963856,36.979314253329555,42.77047522750253,0.06285355122564425,38.45381526104418,41.76040494938133,67.33539094650206,39.57210524804155,2.0,-73.98615695027641,40.6216445
36047023000,4202,32.72251308900523,72.55859375,52.284626368396005,28.515625,0.6652474720596061,21.484375,51.23750594954784,65.599173553719,46.58509674438986,1.0,-73.98464550978179,40.6382645
36047023100,3530,45.43909348441926,47.20812182741117,9.376770538243626,34.19618528610354,3.627107858733694,4.39932318104907,19.716713881019828,15.769626328419609,29.537237768871798,3.0,-73.9607972654004,40.685584000000006
36047023300,5988,59.903139612558455,53.45997286295794,33.967935871743485,40.64096609382257,7.383487519636935,6.241519674355495,33.4001336005344,24.21244467586566,42.74594723197362,2.0,-73.9574905,40.688795999999996
36047023400,5663,11.813526399434929,54.78686233403215,35.90609994664769,20.21410579345088,1.589793915603533,49.75541579315164,49.178880452057214,50.91177920157713,36.624909560604124,3.0,-73.98794019793232,40.6338715
36047023500,5527,23.376153428623123,65.51059730250482,31.101863578795008,35.600907029478456,4.879385964912281,5.908798972382788,46.661841867197396,30.338541666666668,37.42767737201622,2.0,-73.95762688342145,40.691719
36047023600,6444,7.5418994413407825,65.86183769282361,33.56610800744879,25.58983666061706,0.9305417082087072,28.303152246814218,55.105524518932334,54.91803278688525,36.43962754085366,3.0,-73.98968804120577,40.632191
36047022100,3724,60.87540279269602,71.8452380952381,21.133190118152523,39.137017411052234,7.112698928223448,0.0,15.198711063372716,32.12101705825555,41.02345178364472,2.0,-73.95426327037191,40.676525999999996
36047024000,5598,14.773133261879243,56.690140845070424,48.264014466546115,43.501805054151625,1.9017432646592711,41.33802816901409,48.4280100035727,64.54662655779974,44.13422972899175,2.0,-73.99318648766447,40.628831
36047024200,3402,14.19753086419753,35.00678426051561,27.660199882422106,25.86427656850192,1.7119838872104733,24.287652645861602,54.1740152851264,65.57046979865771,30.045043565644033,3.0,-73.9937683783505,40.626412
36047024900,4147,68.38678562816494,76.09359104781281,13.991270611057228,34.53837597330367,9.698220273407273,0.7121057985757884,19.242826139377865,17.039196631033366,41.2571035828448,2.0,-73.948441,40.6830915
36047024500,4383,63.90600045630846,63.12594840667678,10.472279260780287,52.94117647058824,7.0262246412667,0.15174506828528073,20.26009582477755,22.422165095686946,40.15572578495598,2.0,-73.95198182777287,40.6830585
36047024600,3298,54.24499696785931,40.430622009569376,23.12925170068027,55.82010582010582,4.655056932350972,27.15311004784689,41.570648878107946,56.32879475542107,42.71924296692903,2.0,-73.98067798739655,40.6180365
36047024800,2543,44.750294927251275,42.747111681643126,26.504128981517894,29.749478079331944,2.044525215810995,21.18100128369705,36.02044828942194,59.471365638766514,35.79452495681808,3.0,-73.98984516241362,40.621273
36047025000,1433,87.64829030006979,45.27896995708154,23.739495798319325,47.90619765494137,10.102899906454631,25.9656652360515,19.609211444521982,64.00359066427289,47.635945749876655,1.0,-73.99542820894827,40.6236975
36047025100,3990,80.55137844611528,77.82189449801474,37.418546365914786,55.51048005409061,6.424661480841257,6.125921724333523,17.719298245614034,39.61766644693474,53.8449651173831,1.0,-73.94938812858118,40.6878555
36047025200,4460,60.80717488789238,41.65659008464329,16.345291479820627,56.11899932386748,1.968503937007874,23.216444981862153,25.76233183856502,55.06692160611855,40.35934518767886,2.0,-73.99275101219956,40.620039
36047025300,3904,46.92622950819672,59.85155195681512,30.532786885245898,35.883084577114424,7.390486428379468,0.0,25.28176229508197,26.059479553903348,38.44855826187656,2.0,-73.95033573371869,40.692617
36047025600,2815,70.23090586145648,27.397260273972602,10.088809946714033,43.06122448979592,5.648441030275643,44.29223744292237,24.58259325044405,67.11070280202112,38.57830434777914,2.0,-73.98566971906772,40.6149925
36047025700,3370,43.73887240356083,61.09936575052855,39.08011869436202,25.124999999999996,3.6792452830188678,22.938689217758984,31.54302670623145,48.95522388059702,41.22081903032364,2.0,-73.94821992245744,40.697743
36047025901,2217,64.90753270184935,70.91346153846155,21.380243572395127,40.76029567053855,4.318936877076411,0.9615384615384616,24.31213351375733,49.594694178334564,42.784271034240604,2.0,-73.94622400361105,40.694963
36047026000,2909,72.08662770711585,49.4,12.967493883257603,42.33907524932003,9.3711467324291,38.7,27.70711584737023,57.34870317002881,43.83085131131633,2.0,-73.99235155475662,40.616901
36047035900,6794,96.55578451574918,61.53533712428919,21.582203889216263,55.79432079815809,7.959954045626129,0.0,26.449808654695318,60.29765813088203,50.64390873548419,1.0,-73.92397885347364,40.669776
36047035000,3169,0.5680025244556642,58.41092489137182,13.284947933101925,54.73372781065089,23.21852731591449,53.81750465549349,24.076995897759545,30.921777451340432,37.54442400412029,2.0,-73.97905414689578,40.577331
36047035200,1529,50.68672334859385,75.03045066991474,60.11804384485666,91.02040816326532,71.89349112426035,52.375152253349576,43.68868541530412,47.96806966618287,77.80422159481003,1.0,-73.976935578877,40.57154
36047035400,6075,7.02880658436214,43.48739495798319,9.662551440329219,50.66798614547254,8.901070216653615,48.07422969187675,35.95061728395062,25.339366515837103,32.195701061847195,3.0,-73.97410672996708,40.5795035
36047035500,5046,82.52080856123662,59.96131528046421,11.454617518826794,48.114901256732495,13.553760726905603,10.493230174081237,26.020610384462938,49.616503570484,45.67582035328255,1.0,-73.93294455555557,40.6644625
36047073400,1142,96.49737302977232,24.829157175398635,6.17828773168579,34.47761194029851,11.65644171779141,0.0,21.278458844133098,42.561983471074385,35.51076289565427,3.0,-73.9375773775423,40.6287435
36047075600,1720,27.55813953488372,13.817663817663817,10.348837209302324,31.195840554592717,4.009252120277564,13.96011396011396,25.813953488372093,13.879870129870131,20.901447974059995,3.0,-73.9479391092093,40.616898
36047073600,2918,99.24605894448251,32.152842497670086,6.511309115832763,57.54966887417219,9.068115336397826,10.624417520969246,17.20356408498972,45.06778868630201,42.38681571111418,2.0,-73.93545774106846,40.62344
36047074800,1504,36.03723404255319,34.99222395023328,15.691489361702127,55.35390199637023,8.816120906801007,1.088646967340591,33.04521276595745,33.57664233576642,32.75270208482296,3.0,-73.94689509685824,40.6218935
36047074000,3287,84.36264070581076,44.01913875598086,15.424399148159415,39.358108108108105,12.308254200146092,5.9330143540669855,34.3778521448129,35.51020408163265,41.90504818213097,2.0,-73.9412276718304,40.627324
36047074400,2648,15.030211480362537,10.221465076660987,12.235649546827794,7.445442875481387,3.7672666387609874,6.473594548551959,43.051359516616316,18.811074918566774,14.527500240719835,3.0,-73.94310019991212,40.622310999999996
36047074600,2385,19.538784067085953,35.321100917431195,10.925449871465295,40.631808278867105,6.695992179863147,6.8807339449541285,38.9937106918239,33.93528969149737,26.675331327215165,3.0,-73.94331934529289,40.617960499999995
36047075800,1400,6.142857142857143,47.935103244837755,10.590778097982708,46.52014652014652,14.165261382799327,25.958702064896755,44.0,28.21397756686799,31.363898903848643,3.0,-73.95221157807808,40.6164865
36047076000,3205,31.638065522620906,54.99153976311336,8.517940717628706,60.90425531914894,4.037037037037037,34.940778341793575,35.38221528861155,22.83783783783784,38.36550735675686,2.0,-73.95514097757884,40.621108500000005
36047095800,2760,96.48550724637681,33.265306122448976,17.355072463768114,81.25,5.451373746184038,2.3469387755102042,27.717391304347828,44.141252006420544,48.45375474690469,1.0,-73.91212447217632,40.6412205
36047076200,4224,63.802083333333336,58.22050290135397,29.74137931034483,48.1218993621545,7.156514613493581,33.978078658929725,31.273674242424242,44.07368786930831,48.224844236104836,1.0,-73.9564866707162,40.6257195
36047076600,2126,86.92380056444027,50.0,11.429915333960489,59.82532751091703,8.083989501312336,6.986301369863014,18.0620884289746,32.826362484157166,44.420088124776306,2.0,-73.95677189273187,40.6330105
36047077000,2780,84.17266187050359,47.38771769019248,13.271960107403144,61.97411003236246,9.253246753246753,1.1915673693858846,25.107913669064747,29.69569779643232,44.28209471357112,2.0,-73.95467840723126,40.6359975
36047096000,0,,,,,,,,,,,-73.91539986241276,40.6460175
36047096200,1315,90.5703422053232,21.629213483146067,11.02661596958175,69.29133858267717,3.6521739130434785,3.651685393258427,27.756653992395435,67.68707482993197,41.64766221045433,2.0,-73.91028190061516,40.644974000000005
36047096400,2086,97.74688398849473,37.025796661608496,10.579710144927535,62.36024844720497,2.8504944735311226,12.44309559939302,31.016299137104507,48.285714285714285,45.43146051276537,1.0,-73.90727825117187,40.6419585
36047096800,1224,97.22222222222221,25.287356321839084,12.826797385620914,59.67741935483871,8.895705521472392,4.885057471264368,28.186274509803923,32.72283272283272,42.560898288396565,2.0,-73.9036142878435,40.643906
36047097000,1935,98.50129198966408,23.633879781420767,4.754521963824289,64.16275430359939,17.531978931527465,4.371584699453552,32.97157622739018,54.50507614213198,43.54649079197311,2.0,-73.90725982134279,40.647172499999996
36047097400,2415,90.84886128364388,32.3051948051948,25.231820400195215,57.08908406524466,8.115942028985506,3.7337662337662336,30.683229813664596,51.674903898956615,45.56084547809616,1.0,-73.9000428425617,40.646914499999994
36047098400,1924,98.23284823284824,22.26277372262774,9.563409563409564,61.7124394184168,5.474934036939314,3.64963503649635,36.53846153846153,46.22950819672131,42.07454158703902,2.0,-73.89163453351449,40.6464355
36047098600,2341,94.3613840239214,34.46153846153846,8.586074327210595,58.080313418217436,7.745358090185676,2.358974358974359,24.647586501495088,28.315612758813653,41.64696759973666,2.0,-73.89445585662432,40.645059
36047100400,2423,96.24432521667354,35.68818514007308,11.679735864630624,42.17289719626168,7.673143996013951,10.962241169305726,26.578621543541065,42.610150585610704,41.46505715213048,2.0,-73.90450721522672,40.6307945
36047099000,1479,97.22785665990534,32.59911894273127,11.98375084631009,48.16983894582723,8.871662360034453,3.524229074889868,24.408384043272484,41.85185185185185,41.35134040416112,2.0,-73.89844919559901,40.639269999999996
36047099400,1525,93.18032786885246,14.41947565543071,12.655737704918032,57.62962962962963,5.546218487394958,0.0,25.639344262295083,61.45741878841089,38.49457935588204,2.0,-73.90497966586867,40.635927
36047099800,3348,95.9378733572282,40.53452115812918,7.616487455197133,46.12037708484409,8.450155763239875,9.873793615441723,32.49701314217443,33.95995096035963,42.46449012187746,2.0,-73.90739851341462,40.6291535
36047100800,2161,93.79916705229061,41.27218934911242,7.5602968460111315,55.78313253012048,8.748481166464156,6.656804733727811,22.44331328088848,44.71153846153847,43.01116557370984,2.0,-73.89831508098591,40.6342115
36047101000,2577,97.01202949165697,46.517412935323385,9.545983701979045,71.62162162162163,3.8766519823788546,3.109452736318408,26.93053938688397,44.16475972540046,47.28159076994618,1.0,-73.89492708043403,40.6361055
36047101200,2119,96.36621047663992,25.287356321839084,3.1746031746031744,55.18394648829431,3.153988868274583,4.21455938697318,25.106182161396884,42.1310471524801,38.19886009087897,2.0,-73.89334734007352,40.639438999999996
36047101400,1796,98.05122494432071,35.16896120150187,12.436974789915967,75.0814332247557,7.204385277995301,4.630788485607009,33.073496659242764,38.8310648518815,47.70136247852856,1.0,-73.89081994098714,40.641794000000004
36047101600,1897,97.52240379546653,3.415559772296015,1.2664907651715038,60.54794520547945,6.262359920896507,0.0,26.146547179757512,32.81710914454277,34.54761091419859,3.0,-73.88814080501601,40.643301
36047000501,4541,39.19841444615723,74.82124616956078,8.429458740017747,21.168923734853884,3.965129358830146,10.572012257405516,22.594142259414227,6.559065934065934,31.982504421129597,3.0,-73.99476600409835,40.6956665
36047035601,2326,10.361134995700775,61.70365068002863,18.95958727429063,51.717557251908396,15.723873441994247,62.77738010021474,33.87790197764403,22.054527750730283,41.37486634584804,2.0,-73.96943177172346,40.581083500000005
36047050801,3910,89.23273657289002,79.28370786516854,30.80071629572781,53.266957062850025,7.604895104895106,1.053370786516854,29.462915601023017,42.18865143699337,54.447689310681774,1.0,-73.96095602774881,40.651372
36047051001,4488,92.24598930481284,78.48101265822784,20.655080213903744,54.277108433734945,8.616891064871481,7.088607594936709,33.02139037433155,48.15950920245399,53.92081171467671,1.0,-73.95975663837793,40.64591
36047051602,3477,87.80557952257693,65.07378777231202,10.823812387251955,56.253776435045324,1.865284974093264,4.989458889669711,21.541558815070463,43.468026677128286,46.057055373344056,1.0,-73.95812625950106,40.641716
36047079601,3232,68.40965346534654,79.69639468690703,18.96658415841584,61.769911504424776,5.636503067484663,0.9487666034155597,18.564356435643564,28.544061302681996,47.80253879725095,1.0,-73.95828223189889,40.6565985
36047079602,5073,81.43110585452395,67.89577187807276,15.23753203232801,45.57390936044049,6.732536764705882,2.753195673549656,18.82515276956436,55.5030207512477,44.98181761449251,2.0,-73.95765076262015,40.652620999999996
36047079802,5004,74.5603517186251,79.93235625704622,12.23021582733813,48.35511491662911,10.778859527121002,8.718526869597895,18.08553157474021,29.18017600741084,46.589924957098724,1.0,-73.96133688763067,40.657652
36047105801,5655,74.23519009725906,71.39272271016311,33.29192546583851,60.24305555555556,14.946418499717993,28.074027603513173,35.225464190981434,55.87379727008279,57.029802593602916,1.0,-73.8805323438061,40.6489095
36047990100,0,,,,,,,,,,,-74.02597311260661,40.578613000000004
36047051800,3391,69.92037746977293,62.45186136071887,9.214412285883048,62.3750734861846,3.4482758620689653,1.7329910141206675,23.149513417870835,26.16127833519138,42.56937314688999,2.0,-73.9608964037749,40.6385355
36047051400,7213,84.43088867322889,60.079051383399204,14.46252259769156,52.707355242566514,6.921898928024501,6.758893280632411,22.903091640094274,44.0,45.770671022611474,1.0,-73.96164261036648,40.642471
36047052600,3938,57.313357034027426,60.05494505494505,6.480304955527319,55.45454545454545,3.4887046039462395,12.142857142857142,26.15540883697308,24.366666666666667,39.20987607094327,2.0,-73.96669705060155,40.636449
36047051500,2891,35.69699066067105,58.88364779874213,4.099560761346998,18.78999418266434,0.20905923344947736,1.179245283018868,18.09062608094085,11.265767725097868,24.716721893100797,3.0,-73.95046839424317,40.7189825
36047051700,3087,41.917719468739875,49.70717423133236,6.025267249757046,14.431372549019608,4.054054054054054,2.635431918008785,19.501133786848072,11.468288444830582,24.632139901241413,3.0,-73.95461371411483,40.720648499999996
36047051900,6051,43.893571310527186,72.79521674140508,5.288382085605685,13.47539956126606,3.749357986646122,1.7040358744394617,11.46917864815733,9.693877551020408,28.31659979469725,3.0,-73.95464155151976,40.716223
36047052000,3511,61.17915123896326,56.254681647940075,15.294787809740814,56.03448275862068,7.145383799080298,13.558052434456929,28.624323554542862,33.91660461653016,42.55258699170513,2.0,-73.96411336475532,40.637066000000004
36047053000,3329,46.20006007810154,40.2027027027027,22.122031860535017,54.46127946127947,6.433677521842732,31.6722972972973,21.29768699309102,29.70335675253708,39.1603362435146,2.0,-73.96373535634783,40.627363
36047052300,5077,64.27023832972228,79.52559300873908,26.354146149300767,24.05002405002405,10.318005033173188,13.358302122347066,16.840653929485917,45.21835268103925,44.082278847478385,2.0,-73.9584134201362,40.7118605
36047052700,5553,74.48226184044661,75.68218298555377,24.620664739884393,33.36466165413533,11.83457051961824,24.719101123595504,24.131100306140823,36.84462532918362,48.607545782418924,1.0,-73.95379869755641,40.70809
36047052900,3723,29.035723878592535,54.54545454545454,16.447191615157216,9.076923076923077,4.041679823176508,17.525773195876287,36.04619930163847,64.68952734012974,28.887720093942086,3.0,-73.95358931382978,40.705658
36047053300,6551,6.334910700656389,72.01426024955437,45.67824326428905,19.226044226044227,3.1397459165154267,10.51693404634581,53.67119523736834,55.77252483727304,37.296071695961736,2.0,-73.95740129406192,40.704143
36047053400,4620,48.311688311688314,49.096385542168676,9.815398469158037,42.00230149597238,9.897341405633062,13.102409638554215,37.467532467532465,39.71912135397911,36.04565308507492,3.0,-73.96282990433014,40.622582
36047053500,4611,16.070266753415748,65.29209621993127,36.06592929950119,20.622986036519872,8.21917808219178,22.25085910652921,51.22533073086098,86.83148335015136,38.36568939867265,2.0,-73.96094278421532,40.705605500000004
36047111800,3872,99.40599173553719,79.28513403736798,17.71694214876033,58.86699507389162,2.9321930360415394,6.498781478472786,26.110537190082646,52.00467107824056,54.103988062553746,1.0,-73.8757890487337,40.6684445
36047067000,2486,81.33547868061143,37.14585519412382,14.521319388576027,72.31364956437561,11.28133704735376,2.9380902413431267,22.888173773129523,42.371905584340816,44.53871299894872,2.0,-73.92261137652812,40.612616
36047025500,4940,97.8744939271255,64.34034416826003,32.20647773279352,35.83227445997459,12.893448356260201,12.619502868068832,26.639676113360323,74.85714285714286,52.81692529210333,1.0,-73.95128623238062,40.697393500000004
36047029400,2072,65.3957528957529,48.258706467661696,17.81750924784217,75.80645161290323,10.656934306569344,41.625207296849084,32.04633204633205,60.98680436029834,50.73413993451551,1.0,-73.99876275303487,40.594244
36047027900,4266,68.00281293952179,45.981087470449175,17.981220657276996,57.55983654407473,8.195449844881075,4.787234042553192,22.50351617440225,21.870925684485005,41.109857142075654,2.0,-73.93934490549269,40.689758999999995
36047062600,3046,36.769533814839136,29.49701619778346,20.026263952724886,42.54317111459969,8.10008481764207,31.9693094629156,23.177938279711096,26.559792027729635,32.93558860916271,3.0,-73.93521638772384,40.5934405
36047005100,2439,23.739237392373923,37.59920634920635,5.047579644187008,40.97421203438395,4.945054945054945,0.8928571428571428,22.83722837228372,5.3418803418803416,23.62280849515085,3.0,-74.00378530373831,40.683066
36047021600,3885,20.437580437580436,65.1639344262295,48.51994851994852,17.653061224489797,2.7437244600116752,51.02459016393443,45.92020592020592,63.00223214285714,43.128834865569516,2.0,-73.99978866715406,40.632820499999994
36047040800,3676,72.79651795429814,33.52059925093633,25.924918389553863,52.98840321141838,9.40766550522648,23.876404494382022,30.821545157780193,58.29383886255924,44.47933553544726,2.0,-73.97932256700591,40.6011025
36047020500,3834,41.73187271778821,49.87389659520807,3.390714658320292,28.64949258391881,1.8431831480397893,0.0,27.93427230046948,4.601449275362319,26.59226502937674,3.0,-73.96570346115033,40.677476
36047015700,5071,24.196410964306843,54.1488857278331,2.361111111111111,63.3177570093458,3.290719696969697,0.33191085822664773,28.081246302504436,3.4518026080286375,30.593771021318748,3.0,-73.97642206940063,40.673159
36047003300,4125,61.18787878787879,86.91663342640607,9.648484848484848,19.308831596269886,9.478551245825841,3.390506581571599,18.15757575757576,11.85098269287181,38.22968516559491,2.0,-73.97747220622257,40.687848
36047050900,5206,20.841336918939685,38.54961832061068,48.424894352669995,30.998613037447985,2.428991185112635,10.591603053435113,53.937764118325006,58.16714150047484,36.260416619002264,3.0,-73.95067541283848,40.703266
36047026900,3444,80.19744483159117,61.29032258064516,18.29268292682927,64.19491525423729,7.517084282460136,2.3041474654377883,22.38675958188153,29.721115537848608,47.50478241299135,1.0,-73.94345500044031,40.6810445
36047045600,2362,52.45554614733277,58.50673194614443,22.01524132091448,51.97294250281848,13.97733405288721,40.39167686658507,30.52497883149873,48.085373509102325,46.84571936482999,1.0,-73.96635215392953,40.6258035
36047100600,2670,97.64044943820225,35.25423728813559,9.299698795180724,45.980985306828,6.241395135383203,2.3728813559322033,20.823970037453183,36.60235798499464,39.93800728789871,2.0,-73.9008887856924,40.6322525
36047040600,3726,70.90713902308106,49.80988593155893,12.196438208310848,55.83090379008746,1.5151515151515151,17.680608365019012,28.743961352657006,51.793456838785964,42.3131147262404,2.0,-73.98215500785096,40.6006835
36047084800,1445,98.96193771626297,41.44144144144144,16.632016632016633,62.61859582542695,10.943775100401606,2.3423423423423424,16.885813148788927,39.277108433734945,46.711226724093294,1.0,-73.9278624404457,40.64644
36047051601,4936,87.80388978930308,58.024046001045484,17.465823301367067,52.47951703320397,7.318202871699861,10.611604809200209,23.05510534846029,46.493506493506494,47.2530009154732,1.0,-73.95657537703055,40.6382575
36047069800,1397,49.39155332856121,11.195928753180661,3.5153328347045627,36.407766990291265,7.561436672967864,7.888040712468193,41.80386542591267,44.49064449064449,25.72419820874165,3.0,-73.91512420234605,40.612817500000006
36047065200,1121,17.395182872435324,17.391304347826086,1.873327386262266,46.99140401146132,12.121212121212121,3.7549407114624502,40.58876003568243,42.39256678281069,22.55938402781089,3.0,-73.93009443413432,40.614772
36047068800,1584,85.85858585858585,23.174603174603174,2.967171717171717,52.83446712018141,3.250188964474679,1.9047619047619049,22.15909090909091,30.330578512396695,34.55475037613752,3.0,-73.91887627848101,40.616603
36047069200,2301,91.56888309430681,27.935723114956733,5.713039686000872,63.21334503950834,12.414518674381904,2.595797280593325,24.293785310734464,29.702380952380953,40.863119956995604,2.0,-73.91916403388856,40.624041
36047065800,1756,51.93621867881549,16.693944353518823,16.40091116173121,37.591240875912405,6.696428571428571,4.909983633387888,37.642369020501135,30.17241379310345,29.449978084898536,3.0,-73.93151863467125,40.60823
36047066000,1893,34.0729001584786,14.506172839506174,7.554146856840993,49.93270524899058,2.2881880024737167,9.41358024691358,25.779186476492338,26.908821349147516,24.56076864592082,3.0,-73.92808062922981,40.609044
36047067400,1909,94.70927187008905,16.8141592920354,7.985193019566367,55.55555555555556,5.409060175794456,6.1946902654867255,25.248821372446308,35.24766690595836,37.888711344319574,2.0,-73.93038469399762,40.619945
36047066200,1159,49.18032786885246,24.448897795591183,15.616911130284727,53.02325581395348,14.183381088825215,25.651302605210418,28.127696289905092,44.84911550468262,36.216541661901886,3.0,-73.92365818412128,40.609075000000004
36047066600,0,,,,,,,,,,,-73.90978840567513,40.588541
36047067200,1389,97.40820734341253,22.371364653243848,2.159827213822894,37.5,0.8271298593879239,0.8948545861297539,22.894168466522675,38.79040667361836,33.26623037593027,3.0,-73.927723,40.617721
36047067600,1510,92.64900662251657,23.221757322175733,7.511737089201878,50.23622047244094,9.242957746478874,2.7196652719665275,29.337748344370862,31.238095238095237,38.13033884989022,2.0,-73.9265687565064,40.625695
36047068000,1759,94.59920409323479,29.233511586452764,5.741898806139853,64.48087431693989,4.973474801061008,3.9215686274509802,34.3376918703809,39.557522123893804,41.992422135135975,2.0,-73.92519853902543,40.621479
36047068200,2907,88.9920880632955,22.413793103448278,4.3343653250774,63.82623224728488,6.891701828410689,4.827586206896552,26.1781905744754,36.75373134328358,38.7686117165616,2.0,-73.92373324739971,40.616732999999996
36047070000,1214,40.85667215815486,27.666666666666668,4.612850082372323,35.46617915904936,6.815761448349308,6.0,20.840197693574957,41.1214953271028,25.215868886313224,3.0,-73.90650566454175,40.620027500000006
36047070201,6531,14.745062011943041,6.043700604370061,3.99632521819017,47.362924281984334,8.470911949685535,5.904230590423059,43.48491808298882,31.521209166260363,20.100961457827196,3.0,-73.90806759461114,40.610616
36047072200,2242,99.86619090098127,23.61863488624052,10.749330954504906,34.48607108549472,1.3888888888888888,1.9501625135427951,23.728813559322035,48.12206572769953,35.93833099277214,3.0,-73.92446934831278,40.6325195
36047070202,14,,,,,,,,,,,-73.88675466105809,40.5876475
36047070203,0,,,,,,,,,,,-73.85968743835718,40.6114475
36047072000,1678,98.15256257449344,30.574324324324326,24.195470798569726,58.12591508052709,6.6415094339622645,11.317567567567567,29.797377830750893,33.91376451077944,46.76172919369178,1.0,-73.9204928492979,40.6294365
36047072400,1586,99.11727616645649,48.49445324881141,17.402269861286253,47.172619047619044,3.252710592160134,5.705229793977813,32.03026481715006,40.81455805892548,45.962717764183786,1.0,-73.92706592148672,40.634193499999995
36047072600,2672,97.15568862275448,18.6046511627907,20.28443113772455,54.51977401129944,10.951526032315979,1.3679890560875512,25.449101796407188,23.169508525576727,41.52876603148651,2.0,-73.93365248548987,40.632411000000005
36047073200,1877,98.18859882791688,17.423133235724745,14.544485881726157,33.14203730272597,4.201145767027372,0.0,34.310069259456576,44.97568881685575,36.124574149618056,3.0,-73.93364604001324,40.627811
36047022700,4833,73.51541485619698,75.26534379326257,13.850300642753474,31.048570131638677,11.247803163444638,0.9229349330872173,18.70473825781088,29.27027027027027,41.850398872217035,2.0,-73.95747108291008,40.6814085
36047022000,5854,19.661769730099078,59.45945945945946,33.97676802186539,26.258714175058095,4.512239678480088,42.77992277992278,51.99863341305091,60.41844577284372,39.78611183238293,2.0,-73.99600284458205,40.63646
36047022400,5786,23.833390943657104,49.62531223980017,34.20324922226063,16.962384669978707,5.47364541098415,37.71856786011657,49.775319737296925,74.55375674553757,36.611142391300625,3.0,-73.99047737151318,40.6404195
36047022600,2844,56.68073136427567,54.88029465930019,11.11111111111111,31.318681318681318,6.432532347504622,17.311233885819522,55.09845288326301,68.3982683982684,39.14755870359972,2.0,-73.98590193738332,40.6417175
36047022800,3496,43.735697940503435,50.06553079947575,38.47748815165877,28.421052631578945,8.415369958717053,12.450851900393186,37.5,50.125156445556954,39.58002964153431,2.0,-73.98208004178537,40.639016
36047035602,6581,14.4051056070506,44.4028687246648,15.605531074304817,42.658349328214975,4.437439379243453,47.271593389460556,36.60537912171403,24.487179487179485,32.93977288145335,3.0,-73.97033516819698,40.5777815
36047037401,4758,32.93400588482556,47.55360087960418,15.931063472047077,55.42244640605296,10.172546999742467,40.07696536558549,34.06893652795292,35.412293853073464,39.59516351342485,2.0,-73.9677979481132,40.5877825
36047037402,5843,32.654458326202295,38.2688927943761,18.77460208796851,28.32286128564524,6.149373881932021,40.55360281195079,39.56871470135205,28.683834048640914,33.09634445236543,3.0,-73.9719362264151,40.58685
36047050803,2282,79.75460122699386,78.56485740570378,15.914072775098642,58.808724832214764,9.834469328140214,6.439742410303588,12.971078001752847,31.92389006342495,49.32976766663025,1.0,-73.96063604885285,40.6539805
36047050804,6637,69.45909296368842,66.62983425414365,5.981618200994425,54.037267080745345,7.183170856849666,4.198895027624309,24.815428657525988,22.81798024591816,41.93176757294106,2.0,-73.96375494596762,40.65283650000001
36047051002,3675,83.75510204081633,80.64324002382371,17.333333333333336,63.738207547169814,5.506047103755569,8.874329958308518,18.74829931972789,33.27562326869806,51.8872782011669,1.0,-73.96067688487476,40.648984999999996
36047069601,3434,72.56843331391963,26.100386100386103,5.620267909143855,36.7586611861421,9.46808510638298,12.277992277992277,25.800815375655212,37.2827804107425,32.89483308110258,3.0,-73.91385632159017,40.6269225
36047069602,5847,46.5537882674876,21.084953940634595,3.6276522929500343,50.54759898904801,2.784445511281805,17.553735926305013,32.54660509663075,33.611599297012305,29.15072600843684,3.0,-73.9115763040887,40.622543
36047079801,3316,60.796139927623635,64.08404464871963,5.3679131483715326,33.50515463917525,2.7430555555555554,0.0,29.644149577804583,9.658617818484597,34.776286336218824,3.0,-73.95870256981128,40.659878500000005
36047121400,4512,98.98049645390071,84.43456162642948,27.061170212765955,64.15826221877424,11.263467189030363,13.786531130876748,33.133865248226954,58.49209566274828,61.15917977805458,1.0,-73.86515244407069,40.6673895
36047122000,6991,100.0,43.7007874015748,5.006436847375197,60.984848484848484,5.3800437910541135,4.803149606299213,31.140037190673723,62.77888226198365,45.40236457295135,2.0,-73.86351265427066,40.6625985
36047013000,5598,51.375491246873885,59.866592551417455,14.679556032939493,39.384800965018094,5.777166437414031,10.283490828237909,36.67381207574134,37.577183181417226,38.333195778371554,2.0,-74.02138404877167,40.632596500000005
36047017000,3503,53.753925206965455,23.350694444444446,12.045779685264664,43.91371340523883,9.996170049789352,17.1875,28.803882386525835,40.75046904315197,32.64448020471578,3.0,-74.01237895976101,40.610372
36047020100,3993,55.997996493864264,62.80041797283177,3.6814425244177307,39.36599423631124,4.613220815752461,1.7241379310344827,21.863260706235913,12.766655726944537,34.18771395372272,3.0,-73.9634099481818,40.683792999999994
36047022200,4050,25.80246913580247,44.8589626933576,50.90548251054329,51.57232704402516,1.8648018648018647,39.39945404913558,42.96296296296296,63.574778530484636,45.29764848183637,2.0,-73.99257364811567,40.638035
36047023800,5584,12.249283667621777,63.735343383584585,28.27722063037249,29.447236180904525,0.8042369556688898,55.1926298157454,61.174785100286535,69.42070275403609,40.30403263044746,2.0,-73.99143723682758,40.630511
36047024700,2547,74.83313702394975,63.8205499276411,23.444976076555022,37.279843444227005,2.772727272727273,8.683068017366136,15.312131919905772,19.940623453735775,42.378450630601165,2.0,-73.9496917362367,40.679514499999996
36047027300,4176,90.1580459770115,54.929577464788736,8.353394318728936,38.39390386869871,9.298245614035087,0.7746478873239436,27.945402298850574,30.22870401060656,41.54667733879195,2.0,-73.93759568588551,40.6809665
36047028000,1708,64.63700234192038,38.4873949579832,10.94847775175644,37.07165109034268,1.885424220449601,33.78151260504202,25.35128805620609,53.73134328358209,36.772852876526294,3.0,-74.00693656554255,40.6008945
36047032600,10531,90.05792422372045,58.621805241022315,34.18934457646608,54.881386861313864,9.739860712822614,16.887738595923647,40.091159434051846,64.32103461392164,55.19147030263453,1.0,-73.98794963998633,40.576276
36047052500,3321,38.0006022282445,68.68829337094499,20.133010882708586,17.002417405318294,7.88109229173868,13.610719322990128,37.789822342667875,51.51933701657458,35.76591980456168,3.0,-73.96009078316958,40.7088075
36047034700,3728,92.51609442060087,69.46236559139784,21.67381974248927,53.576341127922966,11.712285168682367,4.946236559139785,25.992489270386265,31.512448903753253,51.59341167851332,1.0,-73.92797237005297,40.6726585
36047041000,1899,41.969457609268034,37.391304347826086,15.481832543443918,43.08797127468581,6.343792633015006,18.84057971014493,33.07003686150606,55.75620767494357,34.14240744232015,3.0,-73.97501607328516,40.601364000000004
36047048600,3189,87.83317654437127,51.19047619047619,14.497321147179326,47.6906552094522,4.7050801227412204,16.26984126984127,41.76857949200377,48.92041949413942,46.23235447804186,1.0,-73.97864732527219,40.6389915
36047018000,2948,47.08276797829037,53.96498455200825,16.4850136239782,54.39330543933054,3.254067584480601,21.627188465499486,24.253731343283583,51.25184094256259,39.70921201727901,2.0,-74.00718234226017,40.6082785
36047017700,0,,,,,,,,,,,-73.97095764417422,40.660616000000005
36047017800,2517,61.54151767977751,37.91469194312796,4.543506215173596,51.58648925281474,3.2480314960629917,33.53080568720379,32.69765593961065,41.72077922077922,37.83346925106331,2.0,-74.00463564761357,40.607076
36047017900,4183,73.84652163519006,62.87128712871287,30.17063081695967,30.798479087452474,9.088136627020434,12.800565770862802,33.468802295003584,24.777887462981244,45.55057088391278,1.0,-73.97149398595491,40.6839565
36047018200,3708,73.30097087378641,37.532355478861085,11.515641855447681,49.64639321074964,5.421293272370999,30.457290767903366,30.12405609492988,58.98854207822994,41.39743720872299,2.0,-74.0026579056719,40.612766500000006
36047018700,1356,40.85545722713864,52.18181818181819,9.29889298892989,34.79381443298969,7.056798623063683,0.0,21.68141592920354,9.519572953736654,29.814940305065083,3.0,-73.97060498969032,40.694492499999996
36047018300,2821,46.08294930875576,48.717948717948715,2.410492733073378,31.68044077134986,0.44,3.5897435897435894,14.214817440623891,6.8181818181818175,26.56928075531236,3.0,-73.97132307939687,40.690593
36047018501,4583,93.4977089242854,83.59511343804537,22.998036220816058,54.742939898624186,16.271551724137932,12.507271669575335,23.76172812568187,45.926143024618995,56.79897580802875,1.0,-73.97414998385301,40.694755
36047018600,1907,70.89669638175144,33.00970873786408,5.29627687467226,60.66252587991718,0.33003300330033003,22.006472491909385,19.611955951756684,56.583389601620524,37.87242450498968,2.0,-74.00510492174567,40.615643
36047019000,4171,69.09614001438504,71.3125,21.841285063533924,62.394067796610166,5.509085664839919,22.5,17.693598657396308,66.33279483037157,50.26344168688034,1.0,-74.00080646003963,40.6209745
36047019100,3029,49.1251238032354,62.870514820592824,12.575655682582381,40.119760479041915,2.896551724137931,7.800312012480499,23.869263783426874,14.452214452214452,35.80902243846889,3.0,-73.96475230809799,40.694946
36047019200,3118,58.1783194355356,49.525101763907735,26.765083440308086,41.0010649627263,3.1423290203327174,31.75033921302578,38.03720333547145,68.54433909648634,43.59949955935358,2.0,-73.9991232943609,40.628043
36047019600,3872,64.02376033057851,44.667143879742305,32.7431217651866,54.67511885895404,4.071900220102714,27.630637079455976,36.33780991735537,71.63701067615659,47.30673897948303,1.0,-74.00418465900654,40.6234225
36047019700,3619,49.101961867919314,46.633277685030606,5.9938667410091995,43.05993690851735,4.931417374265186,1.8363939899833055,25.255595468361424,8.103262818214414,31.19641281421593,3.0,-73.96629474866842,40.688072500000004
36047019800,1823,59.46242457487658,29.076923076923077,13.658804168952276,60.056258790436004,4.719387755102041,21.69230769230769,36.69775095995612,57.88177339901478,38.97979750447203,2.0,-74.00661724662632,40.61936
36047019900,4311,56.274646253769426,70.63723448563098,6.737918215613383,34.61538461538461,5.879446640316206,10.620574760516451,16.121549524472282,12.5956444967628,36.362383999920034,3.0,-73.96692515780295,40.6835985
36047020000,2337,58.66495507060334,40.390390390390394,19.940094137783483,39.20335429769392,4.62046204620462,19.96996996996997,29.35387248609328,58.192771084337345,37.82086719782647,2.0,-74.0088198159649,40.6206895
36047020700,4628,31.633535004321523,59.112249253094326,8.340535868625757,31.312075274438055,5.622391357721581,0.8536064874093043,19.9438202247191,5.498374864572048,28.198815808938956,3.0,-73.96611012125535,40.6747825
36047020300,2074,43.49083895853423,62.20145379023884,13.066538090646093,31.372549019607842,7.109737248840804,2.4922118380062304,25.168756027000967,7.727570399476097,33.11680346261028,3.0,-73.9648009129951,40.6799455
36047020400,2037,36.720667648502705,33.38068181818182,5.743740795287187,50.72847682119205,6.223043746149107,14.488636363636365,28.031418753068237,29.056865464632452,29.952809602762272,3.0,-74.01322443627495,40.6233495
36047020600,2590,40.34749034749035,18.773466833541928,23.986095017381228,37.37373737373738,5.9599413776257935,12.640801001251564,30.61776061776062,33.99772209567198,29.686885413286337,3.0,-74.01568040770889,40.624842
36047021800,2760,23.51449275362319,41.32841328413284,16.52173913043478,28.896882494004792,1.6535433070866141,41.57441574415744,40.108695652173914,54.04284727021423,31.512300303823274,3.0,-73.99754600039992,40.6342015
36047020800,2573,71.62844928099494,59.49953660797034,13.208284486127395,36.282394995531725,6.165413533834586,37.071362372567194,24.91255343956471,53.81083562901745,43.65488077233359,2.0,-74.01000779717299,40.626087
36047021000,3794,79.49393779652083,34.52274754683318,26.304691618344755,43.001555209953345,8.284928156527057,24.53166815343443,27.780706378492354,61.01900525677315,43.86315570927058,2.0,-74.00742676508773,40.627202
36047021400,2580,45.542635658914726,48.29545454545455,32.61211644374508,27.78402699662542,4.744672295938882,56.81818181818182,44.49612403100775,71.9298245614035,43.696429036484695,2.0,-74.0029500712406,40.631504500000005
36047021900,4258,67.0737435415688,70.35512094698919,10.004697040864254,41.084010840108405,3.406973649188182,0.9778692743180649,11.578205730389854,28.17961817692928,38.7467670189476,2.0,-73.95526238559226,40.6721025
36047064600,2154,36.67595171773444,11.76470588235294,9.331476323119778,44.31486880466473,5.612829324169531,7.660738714090288,34.86536675951718,44.198078344419805,25.349240622320284,3.0,-73.93940373114555,40.615878499999994
36047052800,1764,51.247165532879826,40.1840490797546,14.965986394557824,43.641618497109825,5.336105336105336,9.355828220858896,28.57142857142857,23.90625,34.12836217893134,3.0,-73.96284028885489,40.6302235
36047053800,5186,38.565368299267256,53.59504132231405,14.225053078556263,36.644951140065146,10.4997476022211,26.776859504132233,31.797146162745854,36.914315298990424,36.27835268710752,3.0,-73.95657744212411,40.6183125
36047054200,4061,40.58113765082492,49.49367088607595,24.328983009111056,48.39432412247946,7.295029051000645,32.65822784810127,36.54272346712632,42.639773531493276,41.16285290690704,2.0,-73.96096934553574,40.6127535
36047059300,2669,36.118396403147244,49.22630560928433,15.51142750093668,49.122807017543856,8.513189448441247,10.638297872340425,26.97639565380292,28.76931273308471,34.8104944460511,3.0,-73.93836007562524,40.725373000000005
36047113400,2615,100.0,85.27493010251631,26.88336520076482,59.64285714285714,15.761589403973511,9.878844361602983,26.921606118546844,55.48961424332344,60.285221751941954,1.0,-73.89964782392053,40.667916000000005
36047075200,1146,0.34904013961605584,1.773049645390071,0.0,41.013824884792626,1.951219512195122,0.0,51.396160558464224,11.11111111111111,12.953153584614897,3.0,-73.95254760017849,40.626153
36047081800,4639,86.48415606811814,74.49841605068637,32.33707865168539,46.286065070595455,18.284478616049977,7.550158394931363,22.39706833369261,31.415286253995934,53.65262375561952,1.0,-73.9478833946639,40.653187
36047102200,2067,82.77697145621674,34.88700564971751,6.2409288824383164,51.87287173666289,10.368663594470046,5.508474576271186,30.865989356555396,40.536620739666425,39.38881708807101,2.0,-73.89001063861282,40.636441500000004
36047115800,2529,98.77421905891657,47.44136460554371,23.21075523922499,49.20245398773006,17.03896103896104,11.513859275053305,29.102412020561484,51.839080459770116,50.271547099739436,1.0,-73.89219828569529,40.6690215
36047116600,2998,98.26551034022681,71.56521739130434,19.846564376250832,43.969204448246366,9.243384271338053,12.173913043478262,36.424282855236825,72.19307450157397,53.05536845367842,1.0,-73.88220868759842,40.674572
36047040200,2414,86.61971830985915,49.22279792746114,30.115990057995027,64.34474616292798,1.8292682926829267,29.274611398963728,21.499585749792875,57.43204164256795,51.920914487430885,1.0,-73.9827097124155,40.595931500000006
36047043700,5034,81.50576082638061,47.170756134201305,19.348430671434247,44.70695138573376,5.313174946004319,5.958938407611417,14.700039729837108,29.583558680367766,40.990561691874774,2.0,-73.90842399134064,40.6932445
36047040300,3982,67.70467101958815,45.39959704499664,13.04785894206549,45.0281425891182,10.048491379310345,2.0147750167897915,17.152184831742844,29.10543130990415,37.07435161498139,2.0,-73.90833001496779,40.684652
36047040500,1653,77.49546279491834,45.73529411764706,11.91772534785239,43.04703476482617,5.2668052668052665,8.970588235294118,15.970961887477314,37.842064112587956,38.48735468626327,2.0,-73.90540115708544,40.681501499999996
36047041100,2631,77.72709996199164,57.37864077669903,26.415811478525274,53.72848948374761,4.603244191144236,10.097087378640776,25.465602432535157,35.69114470842333,47.08861955368245,1.0,-73.9070699722022,40.6879195
36047041200,2789,56.50770885622087,50.05500550055005,14.521333811401938,54.25867507886435,5.285714285714286,47.194719471947195,29.11437791323055,57.571288102261555,44.07796869511544,2.0,-73.97411373141455,40.6039995
36047039500,4083,64.36443791329904,81.47013782542113,27.13690913543963,47.06422018348624,6.939978563772777,13.629402756508421,15.233896644624052,27.971403038427166,47.97362778558159,1.0,-73.9245975127387,40.6929705
36047041300,3851,80.4985717995326,60.1104209799862,19.813035575175277,67.12485681557845,6.970509383378016,12.146307798481711,15.42456504803947,37.88220148052784,48.85946113033338,1.0,-73.9106195495251,40.689814
36047039600,1708,20.550351288056206,36.2962962962963,16.80327868852459,46.12736660929432,17.581653926337733,5.481481481481482,32.55269320843091,46.26086956521739,30.728586954194537,3.0,-73.96963048765426,40.597376
36047039700,3356,74.04648390941597,66.02002503128911,21.93877551020408,61.066398390342044,7.147375079063884,2.5031289111389237,7.955899880810488,45.167575993764615,46.583968777210465,1.0,-73.91912949415888,40.6889455
36047039800,2586,68.5614849187935,30.902348578491967,10.982211910286157,40.94827586206897,3.2107957189390413,18.665018541409147,31.90255220417633,52.248150256118386,35.737775586027155,3.0,-73.97596011289036,40.595652
36047039900,3745,86.83578104138851,68.44036697247707,28.31858407079646,62.223710649698596,13.365079365079366,6.666666666666667,26.168224299065418,50.693210095982934,54.38063838322684,1.0,-73.9173026970405,40.690169999999995
36047040000,2570,74.78599221789884,29.304446978335235,20.047077285209884,51.609195402298845,1.2587412587412588,25.085518814139114,24.474708171206224,60.95433555669574,40.72452630890694,2.0,-73.97608652793792,40.597558
36047041401,1237,31.285367825383993,34.82905982905983,29.991915925626518,50.14836795252226,3.326612903225806,35.256410256410255,32.2554567502021,48.028673835125446,37.60239969737205,2.0,-73.97104403232896,40.601957999999996
36047042300,4523,63.475569312403266,51.505235602094245,9.222507588139155,44.378966455122395,6.40346653827636,13.547120418848168,15.454344461640504,38.13939575231828,37.24993792587463,2.0,-73.9274884049959,40.698882
36047041500,4300,82.6046511627907,57.368101879927224,14.674418604651162,35.75282000980873,5.36822228216887,7.82292298362644,19.55813953488372,40.40131775980832,41.292861383732,2.0,-73.91442176263286,40.691908999999995
36047041600,1784,49.55156950672646,35.46099290780142,19.45067264573991,51.03578154425612,9.08385093167702,31.347517730496456,36.93946188340807,39.67213114754099,39.5247544479513,2.0,-73.96298798443985,40.6026895
36047041800,2350,17.659574468085108,45.35017221584386,19.736842105263158,34.98293515358362,4.415874790385691,39.60964408725603,40.638297872340424,44.83516483516484,33.16473680350672,3.0,-73.9655736566456,40.604936499999994
36047041900,3479,83.81718884736993,67.92908944399679,32.45185398102903,42.25978647686833,12.432249322493224,10.797743755036262,31.388329979879277,53.53390639923591,51.81566614370717,1.0,-73.92117293967229,40.6951775
36047042100,4712,70.33106960950764,60.55710306406685,26.71901528013582,44.12915851272016,9.79714153988013,11.364902506963787,17.40237691001698,33.005780346820806,44.80685979489465,2.0,-73.92403716924665,40.6970305
36047042500,2709,72.75747508305648,72.38675958188153,14.492216456634544,51.349267540478024,10.307109802271771,10.104529616724738,18.6046511627907,42.23081882656351,46.25562690208113,1.0,-73.93070258474864,40.7012715
36047042600,4528,63.11837455830389,42.02992843201041,22.420723537293437,56.15482233502538,7.3766094420600865,36.30448926480156,32.9726148409894,47.74339136041264,45.180990124911695,2.0,-73.98021835996792,40.605829
36047042700,4098,59.80966325036603,69.69535008017104,11.737432894094681,38.233710285406566,5.056033359395361,6.574024585783003,7.491459248413861,36.84674104521433,37.85531161069733,2.0,-73.92773369741813,40.703623
36047042800,3636,49.03740374037404,33.966745843230406,5.088008800880088,49.64675658317277,2.9601905410003404,45.447347585114805,28.905390539053904,43.427931292008964,35.50292961687734,3.0,-73.98330167911288,40.6042365
36047042900,4630,76.17710583153348,74.92639842983317,27.10583153347732,58.73192436040044,7.376648754274548,20.70657507360157,20.345572354211665,51.77263404629359,52.909776296886584,1.0,-73.92345664243041,40.7017965
36047043000,3666,54.93726132024004,52.35336712527155,13.938897981451174,66.68937329700273,3.400705806865576,55.394641564084004,30.032733224222586,44.912680334092634,46.895225873348316,1.0,-73.9837376055773,40.6099795
36047043100,3864,63.612836438923395,76.89287717330342,10.144927536231885,60.706751054852326,7.632565613283342,3.365114974761638,13.095238095238097,15.450361604207757,43.89239329437347,2.0,-73.91969843683881,40.699661
36047088800,3783,100.0,64.12162162162161,17.287866772402854,47.37975592246949,5.636179547755653,7.635135135135135,34.4964314036479,47.72107518504091,50.17931305175183,1.0,-73.91757459061168,40.6537855
36047075000,2804,38.01711840228245,26.171079429735233,4.461099214846538,28.37837837837838,3.4408602150537635,7.841140529531568,27.60342368045649,35.294117647058826,23.177157667129922,3.0,-73.94876765424863,40.6265675
36047018800,2865,51.13438045375218,44.12580943570768,17.591623036649214,48.582600195503424,5.234159779614325,10.638297872340425,27.923211169284468,61.216350947158524,37.26819607556313,2.0,-74.00302655326786,40.6176425
36047025800,4068,74.60668633235005,59.14634146341463,31.3913470993117,59.65834428383706,6.459121326738434,39.2530487804878,29.572271386430675,53.16718587746625,53.54077778943398,1.0,-73.98742378744086,40.613296500000004
36047049500,3284,45.401948842874546,74.6347941567065,9.348355663824604,31.357142857142854,5.001562988433886,6.374501992031872,12.576126674786844,22.86135693215339,34.37495555098282,3.0,-73.94334132327862,40.712441999999996
36047011800,1867,91.16229244777718,72.67080745341616,27.5307980717729,54.8469387755102,0.4657351962741184,58.850931677018636,24.37064809855383,61.631205673758856,58.584177763869164,1.0,-74.01183143625354,40.6350285
36047053200,2280,56.35964912280702,46.14537444933921,17.192982456140353,47.292418772563174,6.18436406067678,11.894273127753303,26.184210526315788,42.91845493562232,38.09310169604506,2.0,-73.96019265123329,40.6265325
36047022900,3650,45.26027397260274,73.91304347826086,11.001371742112482,41.190619362597715,5.279591257451036,4.40738534842168,14.356164383561643,17.96745267353039,36.304592076981834,3.0,-73.95676115109933,40.685131999999996
36047040100,3354,79.15921288014312,70.83631165117941,27.59032547028964,60.89430894308943,5.903145987981619,9.864188706218728,17.65056648777579,46.06378683891805,51.341077194054584,1.0,-73.9125961652764,40.686607499999994
36047112000,3249,99.87688519544476,49.40273037542662,11.88057863958141,35.59322033898305,1.7132216014897579,6.825938566552901,32.99476762080641,68.04431188751597,43.333420902077926,2.0,-73.88049350949368,40.6671405
36047058600,2264,64.17844522968198,32.5974025974026,32.99469964664311,48.53556485355649,2.3547880690737837,25.454545454545453,34.54063604240283,36.838624338624335,42.48196603177985,2.0,-73.95442690047113,40.5935755
36047005800,3115,25.90690208667737,56.33995887594243,7.608346709470306,52.95031055900621,7.482430756510955,12.885538039753255,23.78812199036918,35.22146507666099,33.06254377770759,3.0,-74.03216133782249,40.6188845
36047014000,1791,36.795086543830266,24.277456647398843,23.22327923894796,52.888888888888886,7.106963388370424,13.583815028901732,25.404801786711335,40.25157232704403,32.77718757887203,3.0,-74.01959429761601,40.6208485
36047014800,1233,47.039740470397405,15.47911547911548,7.768595041322314,21.41176470588235,3.7569060773480665,9.336609336609335,31.95458231954582,40.26258205689278,22.96856955409732,3.0,-74.01293483882735,40.616732
36047064200,2379,28.667507356031948,37.84722222222222,26.39437856829161,53.440702781844806,3.1966224366706877,18.40277777777778,32.40857503152585,36.1612515042118,35.246479027053276,3.0,-73.94655077458756,40.6123575
36047030900,2279,94.29574374725756,80.60021436227224,37.15415019762846,74.21555252387448,13.113972341440153,1.0718113612004287,31.19789381307591,45.28543938422065,62.17354170634599,1.0,-73.93322761053392,40.6759695
36047094402,2371,98.81906368620835,78.15442561205273,43.14635175031632,61.92129629629629,14.523449319213313,3.295668549905838,36.0185575706453,60.23192360163711,62.88722788538613,1.0,-73.92087901688463,40.635351
36047082400,5125,93.5609756097561,67.87614900822449,23.781446540880502,46.385306760453304,3.824521934758155,9.337203676826318,22.18536585365854,47.215430589513716,49.897184627105425,1.0,-73.9493767042334,40.648967999999996
36047021500,5595,45.77301161751564,66.40202093107182,7.631814119749776,49.28131416837782,5.500941225685003,0.0,16.907953529937444,10.666391582422117,35.2201384851952,3.0,-73.96396885624054,40.673356
36047038500,3823,66.91080303426628,54.16931890515595,12.947946638765368,56.808106396453454,7.843749999999999,1.8459579885423298,14.62202458801988,25.66025432018259,40.171386665523286,2.0,-73.92678859699863,40.6874555
36047024300,4419,74.40597420230822,59.72078593588418,13.577732518669382,45.839636913767016,6.244604316546763,7.445708376421924,25.933469110658518,31.82060864922584,42.29877034960587,2.0,-73.95285605694339,40.687456
36047003800,1539,38.33658219623132,20.13422818791946,9.6816114359974,48.007968127490045,7.877813504823152,6.375838926174497,28.135152696556204,22.651006711409398,27.271534070255317,3.0,-74.04820208004995,40.636696
36047033300,4519,25.95707014826289,50.0,20.46913033857048,29.69924812030075,3.522205206738132,1.903367496339678,38.437707457402084,29.862792574656982,29.813376198965138,3.0,-73.94252666970547,40.6658375
36047003500,2178,61.0651974288338,68.29477292202229,10.218300046446819,25.674217907227614,9.624796084828711,4.884318766066838,18.9623507805326,17.47737556561086,36.23721741418032,3.0,-73.97616615537848,40.68503
36047062200,2822,45.49964564138909,38.042474607571556,26.516853932584272,43.71859296482412,10.704355885078778,42.93628808864266,31.5024805102764,36.20137299771167,40.649649132319006,2.0,-73.93517285291594,40.5843155
36047061002,4696,4.195059625212947,51.86064924782264,13.798977853492334,42.782277274892806,8.545335942596216,53.721298495645286,21.465076660988075,14.3248629795715,31.945655824837697,3.0,-73.95570088513378,40.572103999999996
36047061200,1118,14.75849731663685,24.053452115812917,7.601809954751131,57.89473684210527,1.0165184243964422,38.30734966592428,26.386404293381037,14.375655823714586,27.247986742687093,3.0,-73.94883030335731,40.580669
36047060000,6451,21.841574949620213,38.77630553390491,15.920012401178113,50.39028620988725,2.791361043194784,33.47622759158223,26.274996124631837,21.21212121212121,31.924380921989666,3.0,-73.94596121062547,40.587185500000004
36047060800,3549,34.51676528599605,51.58867706528019,14.84170781295382,47.571189279731996,6.538461538461539,38.53264009243212,23.781346858269934,15.174045285569449,36.90856333922438,3.0,-73.94946978571429,40.584071
36047061600,1626,16.236162361623617,10.902255639097744,2.213740458015267,30.120481927710845,1.728395061728395,19.924812030075188,41.26691266912669,25.30730296456978,17.95224411767777,3.0,-73.94161840092116,40.576477499999996
36047062800,4838,24.700289375775114,13.534246575342465,5.849524596940885,54.091700522344745,3.6321483771251932,4.712328767123288,36.04795369987598,31.799410029498524,23.619635740118934,3.0,-73.92815079894504,40.5916845
36047063600,1093,38.24336688014638,12.35632183908046,3.9341262580054894,54.54545454545454,4.648526077097506,5.459770114942529,35.315645013723696,31.91800878477306,25.76501698283954,3.0,-73.9366088387294,40.6099765
36047065000,1286,67.49611197511665,35.978835978835974,10.730948678071538,58.546168958742626,19.959677419354836,1.763668430335097,23.79471228615863,34.50704225352113,39.363974314994586,2.0,-73.93387511221292,40.619453
36047063800,1882,32.46546227417641,23.94578313253012,6.588735387885228,40.37267080745342,2.9850746268656714,9.036144578313253,35.65356004250797,22.683706070287542,24.943233870535,3.0,-73.93920054666718,40.6060605
36047064000,1327,17.256970610399396,7.8817733990147785,6.706857573474001,43.655913978494624,2.1296296296296298,8.866995073891626,34.36322532027129,24.358974358974358,19.302418685665366,3.0,-73.94025818796484,40.611001
36047064400,2182,43.76718606782768,36.04651162790697,24.51523545706371,64.51612903225806,5.382436260623229,7.10594315245478,30.7974335472044,31.66421207658321,38.16486627852416,2.0,-73.94195202757354,40.613744999999994
36047094401,3158,97.75174160861305,38.7962962962963,12.841091492776885,57.10991544965411,14.131839724256787,7.4074074074074066,19.53768207726409,32.82789992418499,45.219537902496825,2.0,-73.92262941723317,40.639185499999996
36047095000,2333,96.4852121731676,40.803108808290155,5.745140388768898,44.03794037940379,5.810200129115558,0.0,31.03300471495928,46.87162891046386,40.35534596592817,2.0,-73.91669427807545,40.636449999999996
36047095400,3875,97.10967741935484,37.3063973063973,5.463619648016811,59.9208312716477,4.609690444145357,4.713804713804714,24.980645161290322,41.661039837947335,42.40775311001259,2.0,-73.91547274868628,40.6397295
36047095600,3666,99.37261320240044,33.36045565500407,19.830878341516637,63.30669944683467,1.798800799467022,3.7428803905614325,21.44026186579378,35.68075117370892,45.13214088778354,2.0,-73.91090150515612,40.635624
36047002000,1733,96.13387189844201,44.22604422604422,10.386612810155798,42.8087986463621,3.0683403068340307,43.24324324324324,31.448355452971725,67.94258373205741,46.91231264081955,1.0,-74.0159174182738,40.648026
36047000700,4243,22.507659674758425,66.51982378854625,4.100119189511323,29.726944873776407,0.6967741935483871,1.8600097895252081,21.706339853876973,2.4881889763779528,26.05867264953496,3.0,-73.99739193852142,40.6922805
36047000900,5227,33.93916204323703,69.6843853820598,2.9120198265179678,26.884422110552762,3.665028665028665,3.03156146179402,19.68624449971303,4.1612143417953416,28.495977293856345,3.0,-73.99122965496838,40.692011
36047001100,1580,43.67088607594937,80.67520372526194,10.506329113924052,16.941176470588236,4.715762273901809,1.8626309662398137,9.49367088607595,3.0257186081694405,31.584069753523003,3.0,-73.98806507723911,40.6927375
36047001300,2518,42.811755361397935,65.80645161290323,10.493552690084481,15.937499999999998,6.8107092531705025,5.448028673835125,13.105639396346305,3.828715365239295,29.375361493533994,3.0,-73.98818287171687,40.698108500000004
36047002100,6452,37.75573465592065,54.892857142857146,9.035957842529447,18.21524064171123,3.552803129074315,1.5,21.884686918784872,2.312365275328238,26.101408499728475,3.0,-73.98754717677825,40.703199
36047002200,4650,73.63440860215053,59.92462311557789,25.00538444970924,40.26578073089701,6.907985631389886,47.29899497487437,34.817204301075265,50.77654516640253,49.78402437677319,1.0,-74.02118826170599,40.643027000000004
36047003900,2986,47.62223710649698,76.66666666666667,11.922304085733423,27.904929577464788,3.7997807818779683,7.2727272727272725,27.39450770261219,12.561909049977487,36.160514983182935,3.0,-73.98076354330709,40.68503
36047002901,3177,97.04123386842933,89.60359012715034,43.0280138495436,39.83050847457627,15.347137637028013,15.856394913986538,34.1517154548316,65.34457114526523,62.194499933888075,1.0,-73.97815687205535,40.6948905
36047003400,3351,42.106833780960905,39.01639344262295,7.4649148999701405,49.45652173913043,10.15304217991788,11.21311475409836,29.811996418979408,31.426362582141476,32.69810073138455,3.0,-74.04759795363364,40.647638
36047003700,4385,55.188141391106036,75.13751375137514,13.164675568048722,11.089957163255592,0.8454673555659934,3.9970663733039973,14.02508551881414,5.557163531114327,32.29934107922695,3.0,-73.98490821739131,40.689498
36047049400,5710,56.112084063047284,50.19973368841545,18.78754778809394,55.707139608913145,7.671174978867286,25.521526853084776,19.527145359019265,36.47675180091683,41.90845721154445,2.0,-73.97402355390591,40.643312
36047048800,4933,45.67200486519359,46.739792809262646,23.512276321265084,39.45666235446313,6.234184495054061,13.284582571602682,33.367119399959456,24.86910994764398,36.659993216864144,3.0,-73.97711773594716,40.641864
36047049000,5371,71.83019921802271,63.22274881516587,9.731543624161073,48.07245703669298,7.975460122699387,21.84834123222749,33.51331223235896,33.64030335861322,44.64717161242676,2.0,-73.9723567355285,40.638434000000004
36047049200,3115,67.67255216693418,43.00476947535771,17.043253712072303,53.92857142857142,17.44360902255639,7.472178060413355,28.314606741573034,27.329749103942653,41.943986498293434,2.0,-73.97036348192646,40.6415365
36047049600,4225,61.37278106508875,57.3959938366718,27.08029197080292,51.80921052631579,7.429893032668401,6.086286594761171,31.573964497041416,50.38223516563524,44.603411880469714,2.0,-73.98139775806452,40.643451999999996
36047049700,3361,32.04403451353764,49.542857142857144,7.110978875334721,37.7405338299193,4.5076726342711,5.0285714285714285,16.66170782505207,13.729729729729732,27.48725986870508,3.0,-73.944676805022,40.7162915
36047049800,3950,72.15189873417721,59.36305732484076,8.810126582278482,39.19793014230272,7.262731481481481,13.121019108280255,23.468354430379748,37.661454792658056,40.1506861491344,2.0,-73.98236797139302,40.6452905
36047049900,2480,23.346774193548388,51.71773444753946,4.274193548387097,47.03237410071942,2.5884383088869716,2.785515320334262,23.266129032258064,11.29119394921664,27.28738245400006,3.0,-73.94676585322505,40.720785500000005
36047050100,3089,39.91583036581418,56.187954996690934,14.98866947232114,18.99482631189948,2.4677716390423576,10.324288550628722,19.19715118161217,17.30260672459388,29.259709724794543,3.0,-73.94859252116514,40.716261
36047076400,4302,82.65922826592282,64.68769325912183,22.669146710067427,37.40379681888148,8.00739957716702,12.863327149041433,26.452812645281266,38.985896574882474,46.53610779481546,1.0,-73.95859872542869,40.63159
36047051300,5970,57.70519262981575,61.117156329343494,16.03757758765308,16.081986598344503,14.489687995769435,10.04715270221255,16.499162479061976,25.337976239246213,35.09682150156466,3.0,-73.95246055085221,40.71146
36047040700,0,,,,,,,,,,,-73.9018349042683,40.6849795
36047014300,3675,51.455782312925166,47.01335207308503,9.499041883383521,39.38826466916355,4.453559917960739,0.9135628952916374,24.979591836734695,16.190075693860386,31.825954713074285,3.0,-73.99281918505497,40.663717500000004
36047018400,2108,62.428842504743834,26.832641770401107,5.834914611005693,42.80487804878049,2.8107432854465957,18.118948824343015,22.296015180265655,48.97959183673469,31.863856981953155,3.0,-74.00733955394806,40.613806
36047029600,6463,59.925731084635615,53.242835595776775,28.779204703697975,42.97082228116711,2.315405651777575,39.66817496229261,31.363144050750424,44.23395690267583,45.2298162401743,2.0,-73.99310225728014,40.600882999999996
36047028300,3976,86.54426559356136,68.62373737373737,29.916476841306,38.90808569454043,13.925883034163288,8.712121212121213,21.47887323943662,48.92601431980907,50.276027222838565,1.0,-73.94043602872776,40.695254000000006
36047015500,3443,26.198083067092654,40.18105849582172,3.984764137122766,47.24025974025974,3.4120734908136483,2.01949860724234,28.20214928841127,5.470287288469106,25.872045611228195,3.0,-73.97856143797019,40.670512
36047021300,4523,77.16117621047977,66.14404703576679,24.054830864470482,49.66401954795357,5.36842105263158,3.2337089661930425,26.398408136192792,33.07508939213349,46.73818551324097,1.0,-73.96045078482891,40.6674115
36047038100,5138,81.39353834176723,64.36126932465419,18.97625535227715,44.69885515181682,9.052302190433617,1.0577705451586654,17.555469054106656,42.6556420233463,44.80240777863024,2.0,-73.92549991587923,40.680859
36047016600,2201,34.21172194457065,7.475317348377997,7.587460245343027,32.780082987551864,2.280501710376283,6.064880112834979,29.940935938209908,39.91144845034788,20.24247188094784,3.0,-74.01623906598343,40.6187255
36047093200,1565,98.53035143769968,51.796407185628745,18.665811417575366,76.47058823529412,6.197183098591549,2.3952095808383236,21.661341853035143,43.34862385321101,51.49866747322429,1.0,-73.92947814477992,40.637392500000004
36047110400,5199,99.76918638199653,53.90070921985816,24.350836699365264,54.37185929648242,6.785878037597433,4.846335697399527,37.58415079823043,56.131207847946044,51.40410827418166,1.0,-73.89151528916219,40.657608499999995
36047053700,4803,2.727462002914845,58.51851851851851,44.927536231884055,7.274826789838337,2.0132692747655,5.061728395061729,62.52342286071205,71.45369284876905,31.816888528886835,3.0,-73.95970261565978,40.7006995
36047054700,9666,25.098282640182077,75.80645161290323,9.797227394992758,27.73019271948608,5.192846369316958,4.049416609471517,46.99979308917857,34.775749380211856,33.18608715695475,3.0,-73.96624386950128,40.7082615
36047054800,2304,15.277777777777779,23.258706467661693,9.99131190269331,39.85594237695078,2.8379772961816303,20.149253731343283,37.5,28.34372834372834,23.81571786899864,3.0,-73.9495884823965,40.610446499999995
36047053900,2470,27.89473684210526,48.25646794150732,44.979757085020246,34.78873239436619,10.01088139281828,16.42294713160855,40.48582995951417,65.01672240802677,40.239238862415576,2.0,-73.96294132780922,40.702349
36047054300,0,,,,,,,,,,,-73.97312627824269,40.703430499999996
36047054400,3544,19.892776523702032,35.79676674364896,15.59216131780744,40.586565752128664,8.608058608058608,36.41262509622787,29.683972911963885,23.475355054302423,30.66062444318012,3.0,-73.95718085929903,40.613166
36047054900,4530,29.867549668874172,71.3326941514861,15.481727574750831,20.139260846277452,1.9344560764679108,3.978906999041227,28.03532008830022,11.826891311529568,30.51021505919704,3.0,-73.9655060453629,40.711043000000004
36047026600,3431,63.654911104634216,53.65853658536586,19.299794057075612,52.09380234505863,1.537361458705756,33.79790940766551,34.129991256193534,58.12441968430826,45.17475737478563,2.0,-73.98968774811294,40.612387999999996
36047026200,2645,76.71077504725898,33.6734693877551,15.841209829867676,42.97029702970297,7.600341588385994,15.688775510204081,27.901701323251416,59.85482970407594,39.515309757588206,2.0,-73.99661669060886,40.6188675
36047026300,2216,72.29241877256317,58.89243876464324,17.816354499771585,52.613240418118465,9.965635738831615,0.0,19.584837545126355,35.35220539828835,43.24859074102744,2.0,-73.9451305452395,40.6894695
36047026400,4554,67.58893280632411,50.78226857887876,20.129147183255398,59.20758928571429,5.701443103856163,55.73663624511083,30.742204655248134,58.29517435716801,49.797548863150865,1.0,-73.99742191581275,40.6147565
36047026700,4057,68.35099827458714,54.27762039660057,6.229341469616069,42.520107238605895,1.13314447592068,0.0,21.19792950456002,16.46266829865361,35.309853796322486,3.0,-73.94406560831062,40.684113499999995
36047027000,2582,43.26103795507359,35.73059360730594,25.135553834237022,42.32081911262799,3.544776119402985,27.62557077625571,33.19132455460883,48.167239404352806,36.65834780288601,3.0,-73.98998158334221,40.6056065
36047027200,3750,65.38666666666667,48.18181818181818,26.053333333333335,50.649350649350644,3.8632045598480054,43.98601398601399,28.799999999999997,60.131396957123094,46.89442645124823,1.0,-73.99274731732854,40.608178499999994
36047027700,4303,90.54148268649779,71.98795180722891,28.76808212785814,63.051084674597625,13.225549960243837,0.0,28.329072739948874,47.32203389830508,55.36455907721154,1.0,-73.93875999778403,40.686828500000004
36047027400,2943,47.128780156303094,34.91902834008097,10.483321987746766,51.21951219512195,5.930176948828312,28.947368421052634,30.071355759429153,68.8181421718273,36.07299505380253,3.0,-73.99535281023884,40.610662500000004
36047027500,5272,87.31031866464339,60.13400335008375,23.805007587253417,51.57297576070139,10.295728368017524,0.0,19.556145675265554,43.962848297213625,47.79623805538036,1.0,-73.93815811646175,40.6837935
36047027600,3680,69.97282608695652,42.503863987635235,16.480218281036834,35.41666666666667,2.6779882429784454,47.83616692426585,32.52717391304348,57.23345223939754,42.04363831577455,2.0,-73.99961914665354,40.6113665
36047027800,3134,59.923420548819394,43.36283185840708,12.44416081684748,54.97907949790795,9.27920463960232,16.10619469026549,30.791320995532867,49.91189427312776,40.04053909026671,2.0,-74.00132424703966,40.6068165
36047028100,5240,86.35496183206108,64.76849387972325,37.543319214478245,69.92248062015504,9.881422924901186,6.599254922831293,25.706106870229007,45.3125,56.49639681810987,1.0,-73.93995058188801,40.692805
36047028400,3675,60.816326530612244,57.2318339100346,21.1156462585034,42.296918767507,9.733072916666668,19.515570934256054,32.68027210884354,46.475095785440615,43.211790200989576,2.0,-73.99912840836129,40.605489500000004
36047028502,3144,100.0,89.30075821398484,53.24427480916031,45.322580645161295,18.356500408830744,15.501263689974726,38.26335877862596,66.2362505978001,66.96506886301744,1.0,-73.94088217948858,40.6974625
36047028600,5092,61.42969363707776,53.14645308924485,43.67635506677141,37.44979919678715,11.880963198546116,45.48054919908467,47.56480754124116,33.59916782246879,51.39537472721799,1.0,-74.00283493067245,40.598476000000005
36047028700,3398,77.54561506768688,79.37116564417178,36.042402826855124,48.13153961136024,12.958963282937367,12.73006134969325,22.160094173042964,43.59616186900292,54.141702249266714,1.0,-73.93582117732919,40.6962515
36047028800,3578,75.2655114589156,58.05877114870882,21.991001124859395,50.57565789473685,1.4368799178925762,38.11219946571683,27.529346003353826,52.960893854748605,48.408154870737384,1.0,-73.99655042491788,40.6045225
36047029000,3710,43.23450134770889,62.44284781188766,27.951482479784367,51.21568627450981,5.828329212292476,41.0189418680601,33.504043126684635,37.96112653708846,45.994515433131916,1.0,-73.9943371485609,40.6031825
36047029100,3461,80.69921987864778,55.27222605099931,19.214099971106616,60.203283815480845,7.317869977131656,5.237767057201929,19.4452470384282,24.195906432748536,45.82994399635399,1.0,-73.93354122465296,40.690426
36047029200,2501,64.1343462614954,51.4792899408284,17.273090763694523,56.083429895712634,7.230092818759159,46.15384615384615,23.790483806477408,48.44491302055878,46.33661071992487,1.0,-74.0014905231626,40.5967025
36047029300,3181,90.09745363093367,70.66365007541478,35.42911034265954,58.2579185520362,7.790204396451986,2.1116138763197587,31.59383841559258,45.829636202307015,55.35776568522834,1.0,-73.9329572759451,40.687496499999995
36047029700,4004,79.92007992007993,48.03519061583577,23.2017982017982,47.935222672064775,13.183279742765272,0.0,32.26773226773227,33.11118905647141,44.526453288623,2.0,-73.93179265053381,40.6816345
36047029800,3877,58.9373226721692,47.47747747747748,19.906928645294723,50.26697177726926,5.843373493975903,32.88288288288289,32.44776889347434,55.40142917192098,43.23592156286962,2.0,-73.98871384978544,40.6007695
36047029900,3328,81.28004807692307,65.51724137931035,29.583333333333332,38.169425511197666,5.628908964558722,5.533279871692061,28.21514423076923,42.86999550157445,47.234805655574874,1.0,-73.92592387741875,40.6781405
36047030000,4165,75.27010804321729,52.06794682422452,18.367346938775512,37.24373576309795,4.2166992460206645,26.587887740029544,25.8343337334934,52.73703041144901,42.818571684501585,2.0,-73.98844161415525,40.5972915
36047037000,4171,47.25485495085112,33.19810682893847,13.52258064516129,52.5035765379113,3.2214765100671143,30.087897227856658,25.221769359865743,41.888779203685424,35.45949489465039,3.0,-73.96311854959686,40.588083499999996
36047037100,4309,89.62636342538872,50.405092592592595,19.132893496701225,37.007168458781365,6.4751703992210325,6.19212962962963,21.37386864701787,34.98632010943912,42.57841497823549,2.0,-73.91395603533306,40.6803055
36047037300,4952,87.62116316639742,72.36580516898609,20.54185200161747,45.95224228305184,9.19653893695921,14.065606361829024,23.021001615508887,38.16934845687154,50.09016937230695,1.0,-73.91552884499552,40.684644
36047036001,2844,15.400843881856542,78.38745800671893,35.33755274261603,39.66244725738397,5.411764705882352,60.07838745800672,38.53727144866385,17.754237288135595,45.65869499929877,1.0,-73.96584272305572,40.5759235
36047037500,3748,83.05763073639274,71.02564102564102,20.641711229946523,63.10751104565537,9.104345255690216,1.9230769230769231,21.851654215581643,28.207964601769913,50.452955711557344,1.0,-73.92194758975788,40.688376000000005
36047150200,2884,16.816920943134537,26.34011090573013,3.9037992331822937,50.407331975560076,4.977203647416414,0.0,35.09015256588072,18.33247022268255,22.807906975549024,3.0,-73.97999187821782,40.654892000000004
36047036900,5626,87.34447209384997,71.40529531568228,25.67663817663818,28.366336633663362,15.76695864738236,6.4765784114052956,22.111624600071096,54.536055828379425,48.19656890820186,1.0,-73.90846678,40.679776000000004
36047037700,5090,79.86247544204322,47.38493723849373,19.839518555667002,34.63073852295409,5.852299117510451,2.092050209205021,29.155206286836936,40.553121577217965,40.072927577381655,2.0,-73.920186,40.684090999999995
36047037900,4012,92.17347956131606,63.76262626262626,35.244267198404785,32.89745354439091,9.3009300930093,0.0,23.903290129611165,48.05194805194805,48.98234921842507,1.0,-73.9195550658373,40.6807885
36047036200,3090,57.799352750809064,53.584626755358464,37.914230019493175,32.506004803843076,4.267844002943341,50.332594235033255,27.249190938511326,40.008940545373264,46.228032304726064,1.0,-73.96387849859013,40.578153
36047036400,2288,55.11363636363637,59.16230366492147,15.55944055944056,42.34234234234234,3.308026030368764,48.37696335078534,24.431818181818183,36.60508083140878,42.62856217293416,2.0,-73.96372316319406,40.580221
36047036501,3139,100.0,59.651669085631355,17.457789104810452,38.156028368794324,14.222042139384117,1.8142235123367199,28.70340872889455,43.71859296482412,47.706079992188485,1.0,-73.91106468977719,40.6748325
36047036502,2389,98.91167852658016,73.28859060402685,27.18487394957983,36.182336182336186,4.699860400186133,3.2214765100671143,32.39849309334449,60.26755852842809,51.46513278573144,1.0,-73.908383803323,40.6745375
36047036600,4362,59.101329665291146,53.7463976945245,22.93178519593614,53.75494071146245,3.3936022253129345,53.81844380403458,31.38468592388812,46.03746397694525,47.64660455491835,1.0,-73.96350330564647,40.5829215
36047038200,5225,89.85645933014355,71.53652392947103,47.81692837993106,55.53914327917282,16.15060688630171,23.828715365239294,42.92822966507177,74.6367656348705,63.34974244568034,1.0,-73.981295343264,40.5915175
36047038600,3042,67.55424063116371,38.39779005524862,12.754766600920448,54.418103448275865,5.831973898858075,26.427255985267035,20.644312952005258,40.86161879895561,40.068709851976394,2.0,-73.97473484535368,40.592341000000005
36047038700,5312,80.83584337349397,53.89393215480172,25.94614950103559,57.61638733705773,3.219149814279818,0.33444816053511706,24.71762048192771,40.89510489510489,46.28850292475872,1.0,-73.92736387555487,40.6903365
36047038800,5353,28.30188679245283,26.339869281045754,18.920958309752876,56.638488314271505,5.709098244906193,31.437908496732025,35.28862320194284,42.47844139252635,34.01327137704349,3.0,-73.96923905385256,40.592817
36047038900,3277,62.099481232834904,56.79347826086957,12.777093596059114,28.957746478873243,10.316946959896507,18.070652173913043,10.344827586206897,21.536670547147846,36.36539703050623,3.0,-73.93746001227593,40.6992635
36047039000,2681,10.220067139127192,19.090909090909093,28.347631480790746,42.34104046242775,2.547211242863417,19.090909090909093,41.178664677359194,40.83733699382292,27.28355166761689,3.0,-73.96265365569272,40.5933435
36047039100,5428,68.40456890198968,68.9641591177629,24.521002210759026,28.613569321533923,14.260936596646753,7.010634107916502,18.69933677229182,26.66177908113392,42.86121738305653,2.0,-73.93426341320017,40.6999125
36047046201,2311,45.21852012115967,53.19961795606495,18.072824156305504,44.9938195302843,2.4830699774266365,30.563514804202484,41.4106447425357,43.013365735115435,40.07406857497017,2.0,-73.97359447374703,40.627838
36047039300,3798,70.64244339125855,76.38466220328667,16.324381253291207,50.85616438356164,7.829478963499582,10.590383444917833,13.006845708267509,30.65496286293045,45.93367188948441,1.0,-73.9295570179803,40.6952365
36047077200,3068,72.16427640156454,51.29579982126899,24.779627815866796,50.76530612244898,8.0936729663106,12.868632707774799,25.58670143415906,39.87288135593221,44.860017680451016,2.0,-73.95233567044988,40.6321875
36047077400,2906,83.58568479008946,57.95744680851064,9.222298692360633,71.3011152416357,5.845181674565561,15.063829787234043,19.339298004129386,32.30611196712891,47.66120624974272,1.0,-73.94729740316902,40.6316655
36047077600,3448,83.7877030162413,55.65583634175692,7.65661252900232,66.9236700077101,3.384747215081405,5.956678700361011,34.62877030162413,34.375,45.9779316205058,1.0,-73.94140721671106,40.631179
36047078200,4086,98.65394028389623,49.473031618102915,15.467449828683307,47.45653573728268,10.271317829457365,11.15933044017359,23.76407244248654,44.95383635784782,46.76551037320583,1.0,-73.94144252132637,40.637854000000004
36047058400,3588,33.77926421404682,43.16748423265592,15.663322185061315,47.95454545454545,3.3268733850129197,30.833917309039943,28.34448160535117,29.004329004329005,34.65015271500675,3.0,-73.95865539487633,40.594054
36047007700,5974,18.044861064613325,57.77318166149603,5.205892199531302,29.465776293823037,3.4088848594741616,7.583591864874181,21.811181787746904,9.541244884772777,24.949338702515767,3.0,-73.99455490844716,40.676368999999994
36047036700,2091,92.58727881396462,50.070921985815595,28.407460545193686,42.32987312572088,6.555615260612574,3.546099290780142,21.85557149689144,41.27495170637476,46.15299269549162,1.0,-73.90467821614584,40.6777395
36047030700,6299,92.23686299412606,70.81440055924502,27.934384456123585,37.1505376344086,9.675050486506334,11.359664452988467,33.13224321320845,47.40864580845474,51.606532594287565,1.0,-73.926215906186,40.675583
36047003000,1844,48.69848156182213,27.367055771725035,4.7180043383947945,49.925925925925924,6.705729166666667,12.321660181582361,24.07809110629067,30.551523947750365,30.150037588706034,3.0,-74.02909022919516,40.638884
36047030400,4525,72.46408839779006,34.75083056478405,13.694975544686528,45.71843251088534,3.7371910789632303,44.98338870431894,35.38121546961326,41.06602059357965,41.99708368657227,2.0,-73.99701752807078,40.5906865
36047030600,1903,56.59485023646873,29.315476190476193,13.734812466983623,63.98929049531459,13.477088948787062,25.297619047619047,20.75669994745139,56.12947658402204,39.61348402700676,2.0,-73.98672565292807,40.591367000000005
36047030100,3171,83.6329233680227,42.76672694394213,21.394761754496685,46.81915654038599,5.7251908396946565,0.0,25.953957742037215,35.388026607538805,41.873655307871694,2.0,-73.91627379020362,40.6778185
36047030800,1792,46.42857142857143,37.88732394366197,12.053571428571429,37.77403035413153,11.996842936069456,38.45070422535211,27.79017857142857,50.974729241877256,35.8936841436451,3.0,-73.9795828102202,40.587545000000006
36047031100,3534,79.56989247311827,58.18867924528301,21.958121109224674,55.67741935483871,7.447125409591898,0.0,24.70288624787776,23.576214405360137,45.85649222073767,1.0,-73.93876596313345,40.676271
36047031900,3412,55.92028135990621,70.71865443425077,7.239155920281359,36.53846153846153,5.163636363636363,4.892966360856269,31.03751465416178,36.3169164882227,37.78849473934773,2.0,-73.94939583632286,40.666803
36047031500,5179,66.84688163738174,76.70294236195082,14.462251399884146,44.51585261353899,7.301851466611192,0.0,18.903263178219735,19.190059825126554,42.61346202083339,2.0,-73.94986224003856,40.67684250000001
36047031701,4300,76.79069767441861,73.19223985890653,11.074612857813234,38.381652964084815,6.235138705416117,0.0,14.209302325581397,32.280032688640695,41.54091674736103,2.0,-73.95012418633999,40.6738665
36047030200,3850,77.11688311688312,35.22297808012094,17.974025974025974,40.34048852701703,3.619909502262444,26.90854119425548,24.051948051948052,51.72757475083056,40.096558311877956,2.0,-73.99067352257345,40.595718500000004
36047032300,3589,84.98188910560044,58.4070796460177,16.829200334354972,37.43169398907104,8.867336335296155,1.7699115044247788,26.58122039565339,23.269989243456436,42.88349121151962,2.0,-73.95498190485802,40.666968
36047032700,2980,61.87919463087248,65.21126760563381,13.053691275167786,49.188311688311686,4.50199203187251,8.028169014084508,26.543624161073826,26.08886933567972,41.2399400992726,2.0,-73.95837592981889,40.662357
36047032800,2921,86.47723382403287,67.64705882352942,27.291886195995787,64.91395793499044,10.071599045346062,22.816399286987522,24.64909277644642,57.602204869085895,55.78424176910932,1.0,-73.99774683344157,40.576541500000005
36047033000,4721,83.32980300783733,72.27366255144034,40.9870790086846,60.56118472330475,15.620827770360481,28.600823045267486,33.488667655157805,50.426184793726556,60.72675390807747,1.0,-73.99723363759009,40.57983900000001
36047033100,3822,59.07901622187336,58.80665519219737,29.67032967032967,56.921944035346094,5.65669700910273,7.343660355708548,25.013082155939298,39.410526315789475,45.09317575197851,2.0,-73.93992819465488,40.663904
36047033500,3743,52.49799625968474,35.84905660377358,17.441176470588236,28.663330950679054,3.922789539227895,0.628930817610063,31.20491584290676,28.986960882647946,30.399049642363423,3.0,-73.94236225515291,40.6676195
36047033600,4762,14.678706425871482,24.937185929648244,10.676080445014977,35.02277904328018,7.419530823786142,35.050251256281406,37.190256194876106,37.54612546125461,25.912512944510627,3.0,-74.00981535813025,40.575856
36047034300,4548,88.3245382585752,84.56659619450318,43.3377308707124,61.84812442817932,18.993506493506494,11.363636363636363,28.759894459102902,32.72897780556424,62.651133258020295,1.0,-73.93901827223058,40.6737095
36047033900,5012,81.58419792498005,66.09505144536992,25.289421157684632,56.803995006242204,4.932398597896846,5.928466438020578,33.26017557861133,32.454060462359216,50.021718268263,1.0,-73.94202700987273,40.671187
36047034100,2564,68.95475819032761,56.473594548551965,19.62052608883139,63.46749226006192,8.195072900955253,0.7666098807495741,19.422776911076443,35.08684863523573,44.385880257828816,2.0,-73.94458581404527,40.673565499999995
36047034200,6667,75.34123293835309,73.72736590365562,33.973970944309926,48.26732673267327,8.51063829787234,47.52306115476597,43.377831108444575,52.5062656641604,57.52082108468768,1.0,-73.99724001374045,40.5738765
36047034500,2703,71.99408065112837,73.1996353691887,8.450704225352112,58.890577507598785,6.383855024711697,1.8231540565177755,20.310765815760266,30.852636766880238,44.57157756057871,2.0,-73.93348010022576,40.6734085
36047056200,1779,13.771781899943788,8.426966292134832,10.17425519955031,35.2165725047081,0.9762900976290098,5.617977528089887,49.1849353569421,17.17557251908397,18.58524715997583,3.0,-73.94750902872201,40.6045515
36047055000,3408,37.08920187793427,46.35451505016722,25.176056338028168,46.73123486682809,7.923809523809523,44.214046822742475,32.01291079812207,40.45256053989679,40.781111039053606,2.0,-73.95234449209498,40.6089
36047055300,3605,47.988904299583915,63.405572755417964,20.982514571190674,10.529845741113347,4.298082869511441,5.139318885448916,13.009708737864079,21.104249909189974,31.2866664138848,3.0,-73.95891034840626,40.716728
36047055400,3989,39.38330408623715,58.913813459268006,12.785159187766357,36.38107416879796,2.0278450363196128,48.99645808736718,25.269491100526448,24.453551912568305,37.52354379615323,2.0,-73.96005631175771,40.607942
36047055500,8974,42.58970358814352,65.08513053348469,3.1535547136171163,22.631466893761974,2.303044122677004,1.4301929625425651,16.792957432583016,5.789328932893289,27.871181227425375,3.0,-73.96257886717144,40.7184835
36047055600,3353,23.203101699970176,40.43545878693624,32.10981796478663,51.19565217391304,2.152641878669276,20.684292379471227,37.339695794810616,32.32852774137178,36.119428796108245,3.0,-73.95940433592527,40.6032385
36047055700,1702,31.02232667450059,71.89999999999999,1.645123384253819,17.44,7.246376811594203,1.6,11.28084606345476,12.440191387559809,26.151341069024426,3.0,-73.95952592431337,40.7217585
36047056400,2631,37.78031166856709,30.873087308730874,4.142911440516913,50.146627565982406,3.796791443850268,14.221422142214221,34.32155074116305,29.694947569113438,29.314795856749928,3.0,-73.94326653455285,40.607413
36047048900,3597,100.0,78.76221498371335,42.42250287026406,69.26360725720384,24.07224958949097,13.094462540716611,46.1495690853489,79.91906929691451,68.35372488090285,1.0,-73.93911801818183,40.703062
36047056000,3477,38.912855910267474,46.06896551724138,10.41726618705036,34.33931484502447,3.741496598639456,36.206896551724135,35.28904227782571,26.579261025029798,33.64847416074914,3.0,-73.95144154852576,40.6041175
36047023200,6611,11.753138708213584,46.75599435825106,37.443267776096825,25.745412844036696,1.3162335470806614,44.92242595204514,54.80260172439873,65.04782928623987,36.59774083278986,3.0,-73.98656982419234,40.636005499999996
36047091600,5619,88.16515394198255,75.0,30.069432081182125,58.620689655172406,17.703980646580163,16.20762711864407,42.33849439402029,53.09503051438536,58.92124523212749,1.0,-73.90906661328889,40.65934
36047013300,4264,28.635084427767353,50.74709463198672,1.4802631578947367,32.59668508287293,3.7566137566137567,3.3757609297177646,25.656660412757976,6.252014179825975,25.095502209444945,3.0,-73.98129330787101,40.674989
36047054500,8349,64.41489998802253,74.1238793806031,34.23164450832435,49.388623072833596,5.336963921034718,12.102689486552567,45.44256797221224,57.42352648594877,51.45440506657225,1.0,-73.9649840518907,40.7051565
36047006200,2653,33.35846211835658,50.36429872495446,17.191650853889943,52.642934196332256,3.11601150527325,14.93624772313297,22.57821334338485,22.35294117647059,34.708135927559795,3.0,-74.03056124996513,40.6246345
36047076800,3895,30.80872913992298,40.57142857142857,20.818838640620818,36.648394675019574,4.149377593360995,24.428571428571427,31.193838254172015,29.136276391554706,32.329930471465865,3.0,-73.96125085434782,40.6193445
36047094600,1772,99.04063205417607,28.369905956112852,4.006772009029345,75.74850299401199,1.5232292460015233,7.523510971786834,35.60948081264108,40.909090909090914,44.365460527664304,2.0,-73.9226846389738,40.6435275
36047089200,2876,96.48817802503477,86.25429553264605,50.97357440890126,27.204968944099377,36.240037505860286,15.257731958762887,15.611961057023644,58.26121164437451,62.4337533340357,1.0,-73.92136836333454,40.6632685
36047088400,5208,99.75038402457757,78.49519743863394,35.04224270353303,48.825587206396804,6.108866175421916,4.855923159018143,29.60829493087558,63.18248175182482,57.11357247939062,1.0,-73.9247910931651,40.662301
36047088600,4340,98.36405529953916,47.75160599571734,11.90699859088774,51.74825174825175,7.489823609226594,0.0,23.59447004608295,45.034353529044346,44.571127450644745,2.0,-73.92024668204164,40.6582235
36047089000,7674,98.1495960385718,59.45945945945946,20.66835158663297,71.64274322169058,11.693421466792572,7.850707850707852,22.387281730518634,53.69664634146341,54.28996203355853,1.0,-73.91643325949173,40.6578775
36047089400,3513,99.48761742100768,60.619088564058465,28.807287218901223,61.43067846607669,5.255972696245734,9.544282029234738,24.195844007970397,58.94293374186136,54.256160653183294,1.0,-73.9163942919902,40.661367999999996
36047089600,3956,98.88776541961577,67.94150731158605,38.27098078867543,43.12169312169312,19.492502883506344,3.262092238470191,18.73104145601618,48.95541004053633,55.26129671452113,1.0,-73.9128707743026,40.657959
36047011200,6611,65.82967780971109,63.74045801526718,23.39003645200486,37.166236003445306,3.3419023136246784,43.94083969465649,34.74512176675238,69.29951690821255,47.51291458047198,1.0,-73.99551761985964,40.64239499999999
36047008500,6401,96.781752851117,88.41402337228715,36.80674894547727,44.437904649794,17.32254505332843,17.328881469115192,30.854553975941258,74.59867799811143,61.669988541596666,1.0,-74.00811172456775,40.676169
36047008600,0,,,,,,,,,,,-74.00374318328335,40.647976
36047008800,3221,68.48804719031357,74.9371332774518,16.171410697528934,55.488266464799395,10.597169485674836,16.932103939647945,22.4153989444272,53.541666666666664,48.52542449863425,1.0,-74.001438947725,40.6502145
36047009600,6040,79.35430463576158,61.28364389233955,21.336206896551722,48.93951296150825,5.843167110772744,37.37060041407867,26.572847682119203,50.61363636363636,49.83372274315342,1.0,-74.00578528460125,40.646018
36047009800,6713,98.55504245493817,69.97275204359673,28.13307002886222,56.62288930581614,4.783715012722646,67.46594005449592,32.83181885893043,83.30609385944432,62.78614831910406,1.0,-74.00811536944548,40.6437765
36047010000,5489,96.8300236837311,65.1086956521739,23.519766806339952,54.1186513017499,4.316239316239316,64.56521739130436,29.058116232464933,71.78988326848248,58.958386300756246,1.0,-74.01044602916235,40.641535000000005
36047010100,4606,72.53582283977421,46.865104496516786,16.728624535315987,39.89990900818926,6.653762400193564,7.6630778974034195,19.756838905775076,39.95931415286254,38.770085727848205,2.0,-73.99982239693895,40.658366
36047011000,2535,77.59368836291914,54.0,14.664031620553361,39.27125506072874,3.651685393258427,34.46153846153846,21.65680473372781,65.60121765601218,43.860956002065095,2.0,-73.99266190515368,40.644473000000005
36047011400,3683,69.10127613358675,53.81944444444444,17.863720073664823,23.182207014542342,3.3152909336941816,41.898148148148145,41.65082812924247,69.46293830448292,42.609021092683854,2.0,-73.99881576703511,40.639558
36047011600,3233,93.75193318898856,48.01512287334593,27.770859277708592,48.74905231235785,2.1621621621621623,69.94328922495274,31.79709248376121,72.77603933839964,55.560941163068044,1.0,-74.00342553589904,40.635922
36047011700,2792,39.00429799426934,52.99760191846523,3.5910589959692194,35.67937438905181,9.592424866200082,3.117505995203837,19.91404011461318,14.637546468401489,29.14162454160653,3.0,-73.99329080492727,40.668302
36047012000,1225,92.40816326530611,36.36363636363637,28.00658978583196,47.3170731707317,4.9955396966993755,44.28152492668622,31.591836734693878,70.84468664850137,50.19643232440919,1.0,-74.01093151993356,40.632569000000004
36047012100,2157,51.274918868799254,50.63157894736842,8.947612424663886,28.236607142857146,3.7678207739307537,4.315789473684211,19.19332406119611,20.491803278688526,30.166303408345307,3.0,-73.99104926536269,40.67148
36047012700,4286,80.21465235650956,69.74272930648769,12.032212221695879,22.235722964763063,14.216385954895806,4.586129753914989,28.69808679421372,26.953846153846158,41.66711966540773,2.0,-73.98285228463504,40.681748
36047012901,2539,43.79677038204017,54.757281553398066,9.373769200472628,24.977856510186005,6.6492829204693615,5.145631067961165,17.999212288302484,13.391136801541425,29.360392021613695,3.0,-73.97831486108325,40.681987
36047013400,4209,50.67712045616536,50.858369098712444,11.433405849649505,54.179194227300066,4.7075208913649025,9.15593705293276,30.14967925873129,39.986211651154775,37.59130317453808,2.0,-74.02033934694603,40.6292615
36047012902,3822,55.075876504447926,73.65930599369085,6.305599162742021,17.386363636363637,3.7640449438202244,1.4721345951629863,18.341182626896913,7.353885677585099,32.10180255147088,3.0,-73.97579319009068,40.681169499999996
36047013100,3533,45.00424568355505,73.92277560156687,10.787671232876713,35.058430717863104,8.058984910836763,2.0705092333519866,21.87942258703651,18.903919528269164,35.901459523534086,3.0,-73.97971579616672,40.677589
36047013200,2088,57.37547892720306,37.81163434903047,15.804597701149426,46.13935969868173,7.4238578680203045,17.451523545706372,32.42337164750958,53.663366336633665,37.69811474820311,2.0,-74.01570149718543,40.6274875
36047013600,4090,41.882640586797066,51.858974358974365,12.677459526774596,62.00432588320115,6.417736289381564,2.307692307692308,28.312958435207825,30.972865651886167,37.008966185928216,2.0,-74.02353376091719,40.627232
36047013700,3101,29.31312479845211,67.02269692923899,4.95703899537343,33.75,3.4788782392616255,3.6715620827770366,18.735891647855528,11.615541922290388,28.9778319673363,3.0,-73.98532660132048,40.670395
36047013800,3800,39.31578947368421,48.443735035913804,3.1118143459915615,43.60128617363344,4.028021015761821,13.886671987230647,29.763157894736842,29.5,31.20227368356039,3.0,-74.024759946281,40.624338
36047119800,3514,93.28400682982357,57.156488549618324,35.83231334149327,52.512998266897746,5.024011821204285,25.858778625954198,35.31587933978372,57.03673132480396,55.20264429424667,1.0,-73.89414420586026,40.67630200000001
36047006000,2793,50.805585392051555,31.475748194014447,3.258145363408521,59.64912280701754,3.88021931674399,18.67905056759546,32.6530612244898,35.752688172043015,33.972124899341274,3.0,-74.03176423458149,40.621700000000004
36047004500,3898,30.32324268855823,49.29078014184397,3.9774185270721065,25.576923076923073,3.217391304347826,2.186761229314421,22.267829656233967,7.177186799102851,23.91474885571956,3.0,-73.99528510441826,40.688182
36047004700,1999,50.27513756878439,49.58775029446408,13.54062186559679,47.026022304832715,4.503020318506315,3.0624263839811543,29.214607303651825,17.208271787296898,35.146480370747476,3.0,-74.00154535176102,40.688679
36047004900,2795,25.831842576028624,47.34848484848485,10.325203252032521,36.69724770642202,1.4266607222469907,1.3257575757575757,32.59391771019678,16.0,26.964929352352684,3.0,-73.99831975310077,40.6882425
36047005000,2564,26.131045241809677,24.5088868101029,10.257410296411857,54.26621160409556,7.7332044465925565,6.735266604303088,36.42745709828393,11.557512383048982,27.6430899414079,3.0,-74.04426325416514,40.624416499999995
36047005201,1751,32.09594517418618,51.75619834710744,21.587664191890347,63.22957198443579,7.091469681397738,30.268595041322317,37.749857224443176,29.419439008480104,41.64218588237331,2.0,-74.0440039942759,40.6216605
36047005400,3425,35.153284671532845,46.601941747572816,6.773722627737226,58.91472868217055,4.301075268817205,4.62592804111936,19.912408759124087,25.21440823327616,31.80214646861116,3.0,-74.04153546331679,40.616185
36047005602,1791,28.364042434394193,46.01036269430052,2.7917364600781687,57.02764976958525,4.181687094448449,3.9378238341968914,23.785594639865998,22.006688963210703,29.27039905234753,3.0,-74.04076895001997,40.610862
36047005900,1518,43.21475625823452,42.022116903633496,24.059139784946236,48.43462246777164,7.679603633360858,0.0,22.33201581027668,24.060751398880896,34.77372836203365,3.0,-74.00740029388862,40.6794975
36047006300,1904,30.462184873949578,46.910755148741416,3.4138655462184873,33.33333333333333,8.399098083427283,0.6864988558352403,23.52941176470588,7.624831309041835,25.544027931929953,3.0,-74.00149490292472,40.6816845
36047006700,4032,29.389880952380953,45.17958412098299,3.8194444444444446,34.97854077253219,5.310214034137091,2.3314429741650917,34.82142857142857,6.967650195520796,26.07662212199322,3.0,-73.99715130143755,40.684287
36047006400,3463,33.06381749927808,46.438356164383556,17.94279110083791,50.50426687354539,7.627429409607628,6.575342465753424,27.663875252671094,21.07186358099878,33.81044352758573,3.0,-74.02880834370109,40.6289235
36047006500,6089,21.612744292987355,41.490228013029316,3.9579569715881098,28.944099378881987,1.7737936296013734,0.7328990228013029,28.77319756938742,12.394182765357066,21.62485625931843,3.0,-73.999964196666,40.6784435
36047006600,4104,49.73196881091618,55.13418903150525,17.373294346978557,67.97110174593618,8.267716535433072,8.051341890315053,24.12280701754386,29.161248374512354,41.934229176965815,2.0,-74.02749656771576,40.632132999999996
36047006800,4117,53.60699538498906,65.24129505192425,13.586559532505479,51.925320886814475,4.457246816252274,23.21319486866219,28.61306776779208,41.49006622516556,42.57214730075823,2.0,-74.02629444746754,40.635077499999994
36047007000,2591,52.103434967194126,54.958677685950406,5.67348514087225,57.497303128371094,13.668287412209617,18.84297520661157,26.36047857969896,34.66476462196862,40.01710511274719,2.0,-74.02278958802613,40.638779
36047007100,4050,80.5679012345679,75.90435315757205,20.469135802469136,43.780290791599356,10.01849568434032,13.488657265481299,35.55555555555556,47.50603378921963,50.37188905989892,1.0,-73.98739712244796,40.683114
36047007200,1759,94.71290505969301,68.24561403508773,27.790563866513235,34.20724094881398,9.73393900064893,48.07017543859649,30.187606594656053,63.675582398619504,55.34547402998934,1.0,-74.02048219258526,40.640048
36047007500,4766,39.27822073017205,54.16468348405521,16.701636592530424,31.093333333333334,2.8651829112304936,0.0,24.234158623583717,16.501738432736026,30.68709354774487,3.0,-73.99191525761947,40.6812635
36047008400,2994,81.83032732130928,65.41353383458647,11.405650505755146,30.33932135728543,11.97860962566845,28.7593984962406,17.835671342685373,51.984635083226635,44.509289255153554,2.0,-74.00449355572823,40.653897
36047080800,2044,83.51272015655577,86.27187079407807,71.17465224111282,43.15068493150685,24.783027965284475,13.593539703903096,32.72994129158513,66.0092807424594,67.42256289921626,1.0,-73.93463770907474,40.657855
36047123700,9642,8.00663762704833,58.15006468305304,40.04355942750467,29.532898041185334,2.467833790339591,14.941785252263905,65.68139390168015,67.48360372799448,37.147434837133176,2.0,-73.95677661466222,40.696762
36047043900,4172,92.23394055608821,63.799283154121866,16.29913710450623,44.76510067114094,7.777470246332688,2.1505376344086025,24.065196548418026,55.820285908781486,46.87767659624783,1.0,-73.91002692172897,40.6977545
36047043200,3874,65.07485802787815,51.3268156424581,14.945792462570987,50.288683602771364,5.520504731861198,28.212290502793298,22.276716572018586,48.72243612180609,42.36305261190492,2.0,-73.98083255817453,40.611665
36047043300,4029,91.2385207247456,76.49098474341193,29.908165797964752,40.86502609992543,7.840807840807841,16.019417475728158,23.703152146934723,61.80081855388813,53.428214163603535,1.0,-73.91593893253417,40.6975215
36047043400,4095,66.007326007326,45.7345971563981,31.037851037851038,47.51054852320675,4.321345707656612,39.33649289099526,38.144078144078144,45.881447267128564,47.18593133638907,1.0,-73.9766669802271,40.6100215
36047043500,4897,80.47784357770064,76.55016910935738,29.44659995915867,64.82460355598269,8.55457227138643,9.07553551296505,22.299366959362878,49.90974729241877,54.702132447383505,1.0,-73.91218056911885,40.6953835
36047044000,2586,23.356535189481825,43.24693042291951,16.473317865429234,50.497866287339974,4.0190146931719966,11.186903137789903,45.20494972931168,42.5,32.920332900890564,3.0,-73.97088450675676,40.6129125
36047044400,2677,18.45349271572656,44.52709883103082,31.976092641016063,37.67491926803014,3.5778985507246377,26.142401700318814,29.66006723944714,39.68983342906376,33.81530202578552,3.0,-73.96937648553781,40.6160575
36047044100,4638,76.95127210004313,59.59332638164755,25.92832469775475,45.7169900615239,5.727482678983834,15.48488008342023,17.960327727468737,38.382394969991424,45.974646396607824,1.0,-73.91386308544726,40.701705000000004
36047044200,2268,9.700176366843033,32.325581395348834,19.70899470899471,39.74895397489539,8.677685950413224,24.302325581395348,35.44973544973545,36.754507628294036,28.243124654906055,3.0,-73.96578146064996,40.61221999999999
36047044300,4740,50.9915611814346,62.24385245901639,10.379746835443038,47.94646977388094,7.641573800318399,18.186475409836063,15.168776371308018,29.706492736436406,38.48581192398298,2.0,-73.9164394084309,40.7035485
36047044500,3944,72.920892494929,60.679611650485434,14.553752535496958,38.061158100195186,10.436542353281295,18.08252427184466,16.911764705882355,37.421279416639045,42.217201325961106,2.0,-73.91937417011172,40.705331
36047044600,2123,62.2703721149317,31.868131868131865,5.463966085727743,44.89528795811518,0.37654653039268426,21.19309262166405,36.457842675459254,45.36082474226804,34.26119372781602,3.0,-73.97601688287601,40.6151445
36047045000,1147,29.206625980819528,17.56756756756757,49.95640802092415,23.333333333333332,5.864509605662286,1.6891891891891893,49.78204010462075,50.330033003300336,31.62326631930147,3.0,-73.9726262802914,40.6211905
36047045200,2543,20.251671254423908,31.950672645739907,8.764311093564944,35.10392609699769,5.4189663823381835,13.67713004484305,42.469524184034604,42.06069160197601,25.65632790348211,3.0,-73.96814809058577,40.621013500000004
36047045300,1823,64.1799232035107,72.18155197657394,38.61766319253977,18.392370572207085,18.597168597168597,17.1303074670571,9.54470652770159,37.28706624605678,45.43424149275484,1.0,-73.92952041842901,40.706233
36047080600,4038,60.425953442298166,63.00533943554538,25.928677563150078,50.238853503184714,5.427020851185375,2.440884820747521,39.1282813273898,40.770877944325484,44.6844522631725,2.0,-73.9438590090895,40.6616205
36047045400,2075,55.855421686746986,41.431261770244824,11.662650602409638,31.265508684863523,7.3225265511458915,8.662900188323917,36.385542168674704,55.898226676946805,33.71141570526692,3.0,-73.96502498453825,40.618805
36047079400,2366,93.7024513947591,63.531114327062234,16.580976863753214,59.6340150699677,5.689063266307013,1.3024602026049203,22.231614539306847,45.50658271322266,49.14742080429783,1.0,-73.95526066569766,40.6485975
36047080400,3033,74.05209363666337,68.34532374100719,18.6613913616881,43.84615384615385,7.712082262210797,0.0,22.91460600065941,28.864288642886425,43.81555468482906,2.0,-73.94900791282343,40.6591405
36047048500,2369,46.68636555508653,61.66347992351816,25.223309230114843,25.894736842105264,11.669658886894076,1.7208413001912046,10.932883073026593,17.15867158671587,35.07647241439354,3.0,-73.93593811538462,40.707586
36047062000,1516,10.092348284960421,22.491909385113267,1.6490765171503958,23.471074380165287,4.15929203539823,17.313915857605178,25.79155672823219,18.8951160928743,16.303406620327056,3.0,-73.94550924120702,40.5795255
36047092800,2663,99.96244836650393,27.586206896551722,8.374014269620728,45.48672566371682,7.907662082514736,0.0,26.84941794968081,47.28756601056169,39.278587971323105,2.0,-73.9117593984375,40.652452499999995
36047086800,2952,96.88346883468834,70.20785219399538,23.001355013550135,69.14285714285714,1.9932145886344361,2.155504234026174,28.997289972899733,51.82955071792497,54.606880168282046,1.0,-73.9297325793599,40.654629
36047099600,3079,95.64793764209159,37.28981206726014,9.061383566092887,57.247706422018354,4.80295566502463,4.8466864490603365,39.26599545306918,47.053364269141525,43.88469056818197,2.0,-73.90802246965495,40.6336125
36047042000,1662,15.342960288808664,35.51020408163265,13.08298001211387,40.58721934369603,5.128205128205128,17.755102040816325,41.395908543922985,47.82608695652174,27.935663571931418,3.0,-73.96403452990137,40.6096145
36047020200,1717,55.853232382061734,16.19047619047619,9.842748980780431,37.68595041322314,4.9062049062049065,17.77777777777778,30.809551543389635,35.26011560693642,29.271811115484084,3.0,-74.01102160146625,40.622019
36047065400,1654,30.894800483675937,7.6923076923076925,2.2974607013301087,36.734693877551024,3.3011272141706924,5.555555555555555,42.563482466747274,40.64577397910731,20.34651163039341,3.0,-73.93099487482004,40.6127835
36047040400,2604,72.61904761904762,22.07792207792208,10.138248847926267,68.79293424926398,3.405017921146954,28.57142857142857,25.34562211981567,48.9337822671156,40.305689497539134,2.0,-73.9852002179432,40.6015935
36047004100,3314,29.149064574532286,69.43042537851478,9.826589595375722,18.181818181818183,7.4281709880868965,0.0,19.583584791792397,13.40552651232263,27.983383458817702,3.0,-73.98504535662336,40.686612499999995
36047032900,5411,58.41803733136204,54.64403583215465,23.08260949916836,45.5297157622739,5.754341912534003,1.4144271570014144,26.889669192385877,17.538035961272474,39.4929274209051,2.0,-73.94829624813741,40.6633375
36047013900,3574,43.90039171796307,53.426573426573434,5.98314606741573,25.083388925950633,5.160478288231593,2.3776223776223775,22.271964185786235,8.197315923104824,28.037191930194567,3.0,-73.9873364759193,40.6679855
36047002300,3385,98.81831610044313,83.32203389830508,33.44165435745938,43.30708661417323,11.0202492211838,24.677966101694913,42.33382570162482,63.169073916737474,60.66643857407177,1.0,-73.98367385453243,40.699462
36047016000,4426,57.9078174423859,55.36967080410145,16.6741979213737,52.879581151832454,4.234354194407457,16.891527253103074,23.33935833709896,35.77260356818869,41.00733070813232,2.0,-74.02579810867286,40.6193375
36047036300,5430,99.76058931860037,58.09976247030879,19.447513812154696,34.74387527839644,13.180396246089677,1.7102137767220902,25.46961325966851,36.21861924686193,46.58301958003282,1.0,-73.91674779147982,40.672129999999996
36047012801,1987,70.10568696527429,43.76657824933687,22.628107559614406,57.73195876288659,8.251016850668217,35.54376657824933,26.77403120281832,50.37650602409639,46.754068134179086,1.0,-74.01350674730273,40.630857500000005
36047047600,3865,10.271668822768435,40.92872570194385,22.923673997412678,20.14098690835851,1.4634146341463417,42.54859611231102,55.98965071151358,62.468513853904284,30.455208062679276,3.0,-73.98107487747643,40.630651
36047046800,1826,5.914567360350493,59.8,11.226725082146768,36.898395721925134,3.378817413905133,31.4,44.46878422782037,52.42718446601942,31.486472359935902,3.0,-73.98056140332429,40.6214115
36047047000,2629,12.552301255230125,25.0381679389313,21.376949410422213,24.005891016200295,2.9049295774647885,39.84732824427481,46.86192468619247,53.49025974025974,27.040231363046527,3.0,-73.98694023164336,40.6257305
36047045800,1373,4.369992716678805,20.915032679738562,7.428987618353969,36.46112600536193,2.2284122562674096,30.501089324618736,40.276766205389656,23.391089108910894,21.29400514868918,3.0,-73.96897862635231,40.6253815
36047046202,1914,24.921630094043888,37.01298701298701,12.60548523206751,21.95945945945946,6.019871420222092,22.943722943722943,45.97701149425287,30.06072874493927,27.238630705140913,3.0,-73.97604086693548,40.623659
36047046400,3327,6.251878569281636,40.76433121019109,32.25127742711151,33.0150068212824,4.162633107454018,28.02547770700637,58.10039074241058,56.87053216838761,33.09183401841573,3.0,-73.97895568857751,40.624800500000006
36047047400,3211,16.069760199314857,32.23593964334705,24.883213952039863,28.465346534653463,3.6677454153182305,34.705075445816185,54.99844285269386,52.39520958083832,31.000991366552082,3.0,-73.98231871927479,40.6286635
36047047700,3918,22.99642674834099,59.088500264970854,9.137709137709138,35.63394683026585,1.3888888888888888,1.1658717541070482,11.408882082695254,10.037174721189592,26.27532616306609,3.0,-73.94189472767599,40.7184905
36047047800,5251,26.128356503523136,57.84232365145229,26.56129529683886,20.725108225108222,2.6888341543513956,33.941908713692946,46.01028375547514,48.10495626822158,35.80236057349181,3.0,-73.97931518185425,40.633562999999995
36047048000,3863,54.258348433859695,45.62306900102986,42.32461817240487,28.512053200332506,7.271147161066048,25.025746652935116,41.418586590732595,57.129411764705885,43.398421550115195,2.0,-73.97450080512392,40.6304495
36047048100,3010,55.946843853820596,66.5973665973666,14.750830564784053,22.756706753006476,8.716981132075471,9.771309771309772,26.411960132890368,21.642105263157895,36.62887196817055,3.0,-73.93818257121212,40.7135475
36047081400,2692,86.92421991084696,53.4054054054054,16.53046062407132,37.75100401606426,5.616942909760589,1.4054054054054055,32.05794947994057,52.68076733890802,42.77222729787983,2.0,-73.94027575682779,40.6539755
36047082000,4651,86.26101913566974,76.19461337966985,17.64959104606113,59.918200408997954,7.681017612524461,10.295395308427455,21.844764566759835,47.545146726862306,51.91400900123146,1.0,-73.95130549113173,40.6533935
36047083000,5673,98.02573594218227,45.11070110701107,13.590692755156002,63.251128864188956,11.436769829883172,4.889298892988929,19.936541512427286,46.61335841956726,47.4389273747366,1.0,-73.94514495270606,40.6411235
36047082200,7104,88.18975225225225,70.51931602279925,6.989092996555684,55.78093306288032,7.740198552919401,3.008233058898037,21.2134009009009,42.51126126126126,46.847406727035796,1.0,-73.95445622638992,40.653522499999994
36047082600,4122,95.63318777292577,68.77076411960132,16.61807580174927,40.851553509781354,4.8590281943611275,1.550387596899225,25.61863173216885,35.25008506294658,47.03565973802404,1.0,-73.94896337609771,40.645133
36047082800,3604,91.64816870144284,62.44695898161245,12.067955477445812,61.33019423190112,6.946918418240114,15.417256011315416,22.72475027746948,46.1283185840708,49.68210705100103,1.0,-73.94947552498837,40.640885999999995
36047083200,2094,95.79751671442216,29.63855421686747,14.019138755980862,47.71739130434783,4.823989569752282,4.457831325301205,22.206303724928368,29.346557759626606,39.92342322011767,2.0,-73.94182022935229,40.641391999999996
36047083400,1839,98.09679173463839,20.25089605734767,10.594900849858357,56.671070013210034,4.775086505190312,0.0,32.73518216421969,38.35719668425019,39.931437683648674,2.0,-73.93847750497028,40.6415695
36047026100,5743,74.6473968309246,63.166463166463174,28.928072625698327,23.84937238493724,11.273115220483641,1.7908017908017908,13.842939230367405,25.292587776332898,41.53344151194567,2.0,-73.94571422822652,40.692398999999995
36047048200,5580,66.0573476702509,38.22037805440295,19.623655913978492,34.35225618631732,6.230936819172114,34.11710465652374,25.645161290322584,40.835208802200555,39.03834148928332,2.0,-73.96926218803239,40.633466999999996
36047007800,4713,85.67791215786123,72.67483777937996,21.785334750265676,43.21608040201005,3.5169988276670576,32.87671232876712,32.44218120093359,52.9264475743349,51.98530842904491,1.0,-74.01234209468002,40.6463225
36047028501,589,57.72495755517827,92.83489096573209,32.38938053097345,55.12820512820513,19.11764705882353,2.803738317757009,5.093378607809847,45.06024096385542,51.838615198877314,1.0,-73.94206029387777,40.699577500000004
36047067800,2569,98.13156870377578,31.771428571428572,19.07356948228883,62.02651515151515,7.796610169491526,0.0,17.67224601012067,53.43057806591032,44.70573336632234,2.0,-73.92278937802034,40.6261305
36047075400,1000,1.7000000000000002,10.046728971962617,1.5,35.560344827586206,14.84375,0.0,33.7,34.32642487046632,15.145402801618253,3.0,-73.95071232643247,40.621474500000005
36047055100,6185,49.086499595796276,70.47880451357122,16.65588615782665,26.725746268656714,3.6299981573613413,17.108874656907595,21.503637833468066,19.44129860324651,36.873076463377295,3.0,-73.9642341318111,40.714006999999995
36047018100,3905,41.2291933418694,73.77201112140871,7.900154400411734,39.316770186335404,5.104408352668213,9.777571825764596,19.795134443021766,13.908504758980659,35.41234517248608,3.0,-73.97219884308588,40.6874715
36047080200,3878,79.31923671995874,57.31515469323545,16.142341413099537,46.64516129032258,5.3097345132743365,6.292606187729417,23.027333677153173,28.249916022841788,42.90984219116729,2.0,-73.95344204625329,40.657646
36047083800,1931,99.7928534438115,31.75033921302578,17.089590885551527,56.048387096774185,7.795473595976529,1.3568521031207599,27.75763852925945,39.55773955773956,44.180139237072176,2.0,-73.9351374297631,40.6417765
36047019300,6619,54.96298534521831,62.22391469916222,18.177676537585423,41.61045531197301,5.600286276614779,0.0,12.464118446895302,14.442127215849842,36.92687416119997,2.0,-73.96251491937366,40.6911595
36047078400,2463,96.06171335769386,40.848214285714285,7.720588235294118,58.85471898197243,9.17573872472784,5.357142857142857,21.883881445391797,37.644690488173126,43.69082625421055,2.0,-73.94295996051096,40.634297000000004
36047008200,3985,88.93350062735257,69.44444444444444,30.963187090267276,55.193482688391036,9.58065503520049,25.203252032520325,28.833124215809285,50.73943661971831,56.09134677625211,1.0,-74.00770259826955,40.650822
36047028900,4147,73.3783457921389,65.64647095565272,33.86511965192168,37.346278317152105,3.6239782016348774,11.180512179887572,23.076923076923077,50.363951473136915,46.679975040070765,1.0,-73.9328299750342,40.693203499999996
36047026800,4416,54.95923913043478,41.118421052631575,14.295423652016312,44.76397178513293,1.8774157923799006,31.05263157894737,32.3143115942029,58.454718176060794,38.07533115170369,2.0,-73.9903759068969,40.610458
36047057100,3923,24.343614580678054,69.6007696007696,7.596227377007391,40.0,1.386481802426343,12.265512265512266,23.323986744838134,27.609108159392786,31.736770687877936,3.0,-73.94782542793976,40.724787
36047086200,2626,98.55293221629854,56.40413683373111,22.85276073619632,37.530266343825666,3.5004730368968775,3.739061256961018,22.81035795887281,47.768281101614434,46.06773487699416,1.0,-73.92826605763253,40.6502295
36047111000,2984,99.66487935656836,87.99435028248588,35.25469168900804,53.91432791728212,21.460812474353713,4.025423728813559,29.658176943699733,67.33153638814015,62.3809394222381,1.0,-73.88129673849248,40.660475500000004
36047004300,3769,45.07827009816928,69.85743380855396,9.471127900701564,24.8125,6.292466765140325,0.0,17.590872910586363,13.426662424435253,31.88427874630234,3.0,-73.98995913937007,40.6880945
36047039400,2259,15.936254980079681,35.61253561253561,30.23461708720673,41.38461538461539,5.289421157684631,28.062678062678064,42.45241257193448,49.0787269681742,33.6524962640996,3.0,-73.96571712217292,40.598044
36047030300,5477,93.90177104254154,74.0673339399454,27.813357731015554,30.337078651685395,10.509407985314365,5.641492265696088,23.808654372831842,50.29210058420117,49.9769134294783,1.0,-73.91791107969517,40.675128
36047031702,3622,68.66372170071784,64.71345782356728,10.141313383208644,46.88768606224628,6.333024405313561,0.8370895041854475,22.97073440088349,19.251887439945094,40.303329697515515,2.0,-73.950375422625,40.671193
36047036100,3358,95.65217391304348,75.78864353312302,36.87816502829907,50.306748466257666,16.137370753323484,1.025236593059937,20.518165574746874,67.43311036789298,56.947051739212256,1.0,-73.92034516724617,40.669111
36047038300,5466,84.68715697036224,36.79332715477294,21.939615736505033,41.394335511982575,2.4327233584499464,2.3169601482854496,23.8931577021588,38.4969696969697,39.64812622456203,2.0,-73.92620591972741,40.684524499999995
36047042400,3723,62.61079774375503,45.31013615733737,21.129032258064516,48.9591364687741,4.249189773136478,35.779122541603634,31.80230996508192,55.196733481811435,43.57751225108702,2.0,-73.97736600971983,40.606145999999995
36047043800,2530,41.462450592885375,36.08360836083608,17.35177865612648,57.709750566893426,1.1663286004056794,38.613861386138616,47.74703557312253,37.22397476340694,39.34983937690593,2.0,-73.97103633519171,40.6100215
36047044700,2337,56.09756097560976,76.30480167014613,34.521253756977245,36.684073107049606,10.400368154624942,1.4613778705636742,5.6054771074026535,43.987975951903806,43.830399925793145,2.0,-73.92272103122119,40.7066415
36047047200,2840,8.450704225352112,56.45390070921986,27.705627705627705,9.632224168126093,1.3793103448275863,29.361702127659573,55.35211267605634,57.65567765567765,30.651234977630757,3.0,-73.98405219302646,40.6269635
36047049100,6213,76.45259938837921,79.2064097672644,33.9288588443586,39.78397839783979,8.069865133760779,23.73140022892026,33.140189924352164,52.0297555791711,53.47822401192739,1.0,-73.94374036647642,40.703443500000006
36047050300,2803,38.53014627185159,77.20754716981132,6.421691045308597,31.20713305898491,2.1787296898079767,4.226415094339623,8.455226542989653,10.509554140127388,31.55122574392232,3.0,-73.94736558439793,40.712061
36047055200,3359,33.07532003572492,53.47432024169184,17.743376004763324,30.1994301994302,4.3371522094926345,39.87915407854985,27.270020839535576,26.422155688622755,34.801111121931456,3.0,-73.9560950224805,40.607445999999996
36047084000,2226,98.60736747529201,53.77008652657602,8.62533692722372,44.58762886597938,11.324503311258278,1.3597033374536465,31.266846361185983,51.02399063779989,45.236680037375876,2.0,-73.93129448624325,40.6420145
36047058000,3008,53.25797872340425,56.255545696539485,27.892287234042552,55.124653739612185,6.333739342265529,30.079858030168587,24.73404255319149,33.25635103926097,45.33404018231219,2.0,-73.95544186184304,40.5989385
36047058800,3539,31.308279174908165,43.10930074677529,10.794009607233681,60.81871345029239,6.723011909335382,28.98845892735913,20.853348403503816,22.940226171243943,34.954422331943725,3.0,-73.95853840232334,40.5896685
36047059000,1903,65.58066211245402,54.420731707317074,11.665790856542301,54.131054131054135,4.402102496714849,37.19512195121951,22.648449816079875,50.99601593625498,43.95238263190437,2.0,-73.95458928160377,40.589406499999996
36047083600,1984,98.89112903225806,24.405705229793977,8.518145161290322,40.171990171990174,2.591922845087402,2.694136291600634,30.59475806451613,37.41058655221745,37.09273450434473,2.0,-73.9351232845521,40.637069
36047085000,1383,94.86623282718728,15.644820295983086,1.5907447577729574,56.398809523809526,8.213944603629416,1.2684989429175475,22.487346348517715,33.7617823479006,35.91698730369514,3.0,-73.93122425305177,40.645942500000004
36047085200,0,,,,,,,,,,,-73.93814517340628,40.647555999999994
36047085400,2062,93.5984481086324,42.42424242424242,14.66275659824047,66.31823461091754,2.046384720327422,2.7777777777777777,30.358874878758485,44.801980198019805,46.04317179632364,1.0,-73.94435082982466,40.6451085
36047056900,1662,23.706377858002405,61.521252796420576,4.225352112676056,33.03730017761989,2.089337175792507,6.263982102908278,20.998796630565582,16.171389080856947,26.89577529550529,3.0,-73.95282893400532,40.7237145
36047056500,3332,22.23889555822329,70.17543859649122,4.741896758703482,27.85515320334262,4.082332761578044,5.422647527910686,15.996398559423769,14.433333333333334,27.22746963847277,3.0,-73.95777908722152,40.730248
36047057500,4596,47.1496953872933,64.32337434094903,10.45141205247943,37.808098591549296,1.7097966728280962,0.8787346221441126,13.729329852045257,21.256038647342994,33.04719007484128,3.0,-73.95329687895531,40.732089
36047057600,2649,60.8154020385051,48.870636550308014,22.234805587013966,56.6497461928934,1.3151714419915452,17.659137577002053,30.16232540581352,41.033283656234474,42.63542163643322,2.0,-73.94755842894989,40.599805
36047056600,2287,56.14341932662877,45.18779342723005,29.60352422907489,54.1501976284585,6.2430939226519335,24.413145539906104,22.125054656755573,38.41236014917421,43.126765106704795,2.0,-73.94139106051058,40.602786
36047056800,1319,52.388172858225936,26.055045871559635,14.404852160727824,54.048964218455744,3.3639143730886847,17.24770642201835,28.354814253222138,39.63227783452503,34.27406553996139,3.0,-73.93809995542068,40.6032195
36047057000,3480,53.275862068965516,52.74183610597659,13.538833484436385,49.23728813559322,11.414141414141413,15.834873690696242,29.942528735632184,42.00819672131148,39.89248753405474,2.0,-73.93944659974903,40.598871
36047057300,2720,24.375,49.11032028469751,7.055781307720724,24.558587479935795,2.155887230514096,4.270462633451958,15.808823529411764,15.613718411552346,22.982926316366424,3.0,-73.948970962,40.727901
36047057800,2923,48.23811152925077,57.20640569395018,12.009803921568627,44.0,3.3943724877177313,32.38434163701068,35.066712281902156,43.529411764705884,39.61901019665318,2.0,-73.95149996308493,40.599372
36047008000,3296,83.76820388349515,64.54046639231824,20.03053435114504,31.00303951367781,8.419380460683081,39.64334705075446,29.186893203883496,54.35126582278481,48.62782666991858,1.0,-74.00999829456853,40.6485585
36047114202,2331,94.25139425139425,59.64360587002096,35.907335907335906,49.85549132947977,8.728943338437979,13.731656184486374,39.510939510939515,53.939393939393945,54.8710327877737,1.0,-73.89023150125611,40.6826495
36047005601,2577,33.10050446255335,58.0289455547898,18.005432673651534,40.69097888675624,10.11964107676969,6.547208821502412,22.42918121847109,25.602700096432013,34.31453905337081,3.0,-74.04138524877962,40.6139145
36047003600,3843,38.225344782721834,47.25956566701138,19.916688362405623,42.900075131480094,3.3915047744484688,9.152016546018613,25.292740046838407,23.709306149292996,33.48265234601513,3.0,-74.03097528352268,40.634472
36047093800,2227,90.92950157162102,47.97297297297297,13.830264930399641,34.07035175879397,8.702531645569621,4.954954954954955,19.53300404131118,54.98559077809798,40.985292963709746,2.0,-73.92441894413619,40.650435
36047064800,1828,44.74835886214442,19.173553719008265,7.275711159737417,37.68595041322314,7.478122513922036,2.975206611570248,30.962800875273523,37.71653543307087,25.889166063409018,3.0,-73.93645900502926,40.617688
36047025902,3796,92.54478398314015,79.35082872928176,48.55110642781876,53.502538071065985,20.92414995640802,13.328729281767956,41.25395152792413,67.63005780346822,64.43627934583175,1.0,-73.94515391184044,40.696985
36047034000,2172,72.00736648250461,74.37407952871871,37.966305655836344,61.06194690265486,13.471074380165291,23.5640648011782,41.16022099447514,69.90632318501171,58.50760643168904,1.0,-73.99698409676216,40.5725345
36047086600,2984,95.50938337801608,47.07766212970376,15.646492434662997,52.31164383561644,6.495655771617708,0.0,20.676943699731904,43.04607508532423,44.44437339462696,2.0,-73.92697347257842,40.656217
36047043600,4341,64.38608615526377,40.85841694537346,20.54826076940797,53.76910911966263,4.013731185635067,30.88071348940914,31.214005989403365,40.834670947030496,42.843408037736225,2.0,-73.97795428695667,40.6131435
36047110600,4117,98.0082584406121,70.91571279916752,39.03327665776051,57.209847596717466,20.19036631093164,2.653485952133195,35.82705853777022,60.63020644693952,60.25419597958377,1.0,-73.88429968344549,40.657314
36047117601,3029,97.88709144932321,53.812636165577345,3.7098376946008615,49.83585029546947,6.499636891793754,14.923747276688454,27.236711786068007,57.51802265705458,45.51706181334818,1.0,-73.87732852770205,40.685257500000006
36047059402,5713,28.076317171363556,26.141600335148723,8.594433747593207,45.654450261780106,4.794683123664846,40.51110180142438,27.04358480658148,33.48182883939039,29.431870371360315,3.0,-73.94322765832291,40.594779
36047057200,5501,84.87547718596619,74.45221445221445,34.102890383566624,36.728837876614065,10.949839914621132,21.864801864801862,38.774768223959285,48.32393948383269,54.25710449052838,1.0,-73.93819270724337,40.5962315
36047101800,1789,97.98770262716602,16.92524682651622,3.6892118501956404,54.19501133786848,9.807819748177602,13.258110014104371,18.334264952487423,18.576512455516013,37.828193099695504,2.0,-73.88593739694656,40.6437095
36047102000,2151,89.3537889353789,10.050251256281408,0.8833100883310088,54.02201524132092,10.21324354657688,4.857621440536013,23.15202231520223,28.366583541147133,33.83830767041266,3.0,-73.88718849954101,40.638529500000004
36047102600,2935,98.12606473594549,30.067567567567565,12.273504273504274,54.58333333333333,4.492362982929021,11.036036036036036,31.720613287904598,49.853085210577866,43.27132276148399,2.0,-73.89814032466819,40.629785999999996
36047107800,3716,99.21959095801938,47.62492288710673,7.404393816110659,60.167966406718655,9.049615653389239,0.0,21.555435952637243,42.484826847554444,45.2212349163572,2.0,-73.87712448129469,40.658510500000006
36047152200,2913,45.142464812907654,24.55892731122089,3.6744505494505497,36.48424543946932,4.926108374384237,4.587155963302752,26.70786131136286,10.562770562770563,24.807129803813798,3.0,-73.9670917280582,40.644024
36047109800,2348,98.08347529812606,45.48148148148148,28.887904297740363,44.5095168374817,6.647537063605931,8.592592592592592,25.127768313458258,47.897049591964844,47.83079773004747,1.0,-73.90230356993007,40.652204
36047112200,3500,99.74285714285715,57.30263157894737,23.37142857142857,65.73643410852713,13.306982872200262,21.907894736842103,27.114285714285714,70.51228654727197,56.35338287499107,1.0,-73.88648358291925,40.663613
36047112400,3380,98.93491124260355,60.73423782920989,12.413377523350407,60.98829648894668,7.876370887337986,9.018355945730248,22.899408284023668,68.17111459968604,50.606572447588775,1.0,-73.88722141801948,40.6658065
36047112600,4406,99.77303676804358,63.019309537741364,30.475970425138634,52.84661754855995,8.826724606192286,4.095962551199532,24.829777576032683,57.434094903339194,53.532436825609565,1.0,-73.89310992155353,40.664891499999996
36047112800,3933,100.0,61.23376623376623,28.451563691838295,66.09442060085837,6.1750073163593795,3.506493506493506,31.960335621662857,64.27444794952682,55.48434148648461,1.0,-73.89215180210547,40.662141500000004
36047113000,4490,94.47661469933185,56.12304120719674,17.55845323741007,50.02901915264074,10.743155149934811,10.562971561230412,31.202672605790642,58.35058661145618,49.18915054934828,1.0,-73.89671327405401,40.661924
36047113200,2637,96.73871824042473,67.76937618147448,21.42586272279105,81.37369033760187,7.8699743370402055,5.103969754253308,35.60864618885097,41.48550724637681,57.637672362687105,1.0,-73.89949239983437,40.66163
36047091000,5837,99.43464108274799,89.98844820947247,49.477471303751926,52.39808153477218,16.298520265923226,29.033500192529843,42.98440979955457,71.00321888412017,69.17465471124869,1.0,-73.9034135721491,40.6657635
36047090000,4964,96.17244157937147,65.12875536480686,53.00161160354553,43.7888198757764,13.258173618940248,7.564377682403434,25.08058017727639,59.534467323187116,58.117622679848054,1.0,-73.9202896,40.666636
36047092000,3202,100.0,67.21189591078067,15.706143128562381,45.60669456066946,9.034397016162453,2.899628252788104,41.56777014366021,37.87806048967835,50.47898366102017,1.0,-73.90301052848362,40.658598
36047090200,4017,96.51481204879263,65.33333333333333,42.02087045049631,53.80997177798683,11.124225435231631,12.205128205128204,30.196664177246703,64.01920945696344,58.213035583962,1.0,-73.91510751578917,40.667727
36047090600,4344,99.8158379373849,90.46070460704607,47.559852670349905,45.02463054187192,17.7001953125,3.3062330623306235,36.80939226519337,74.60969597370584,64.26706407812527,1.0,-73.9090342965952,40.670598
36047090800,6230,98.25040128410915,79.59309494451294,49.75922953451043,47.015765765765764,12.370080081785654,3.6991368680641186,18.84430176565008,69.44626833005034,60.26252894521369,1.0,-73.90499201283188,40.6718515
36047091800,2453,95.35262943334692,63.710407239819,26.57969832857725,45.20348837209303,15.952503871966957,28.054298642533936,29.596412556053814,62.67487409065473,54.910201971188066,1.0,-73.90480730617685,40.661640500000004
36047093600,1529,100.0,41.18497109826589,9.762532981530343,57.14285714285714,11.3,3.4682080924855487,32.30869849574886,48.148148148148145,45.90488073074337,1.0,-73.92134408677131,40.6487185
36047092200,2842,93.56087262491204,51.87452180566182,3.4593437945791727,73.05389221556887,9.469696969696969,1.0711553175210407,22.3082336382829,49.84696108439003,46.857069496440076,1.0,-73.9086008137681,40.654660500000006
36047093000,2986,99.96651038178165,34.76856835306781,9.772883688919478,57.13050993949871,2.9436860068259385,0.5382131324004306,31.078365706630944,44.872412132883966,42.80207345881142,2.0,-73.91437447242777,40.6497555
36047093400,2175,98.34482758620689,38.569880823401945,16.267042783262813,53.17848410757946,5.481120584652863,0.0,31.586206896551722,37.333333333333336,44.284911629034674,2.0,-73.91899066666666,40.648688
36047059100,3952,27.302631578947366,52.49621785173979,5.060728744939271,36.204819277108435,4.7713717693836974,5.446293494704992,16.497975708502025,15.086463923673227,26.50007767694928,3.0,-73.94266715285292,40.723229
36047059200,3747,39.738457432612755,46.463414634146346,19.935948759007204,66.20967741935485,5.433130699088146,31.463414634146343,30.531091539898586,31.245880026367836,41.49451377010739,2.0,-73.95122589913703,40.592634000000004
36047060600,2792,33.98997134670487,41.90268700072622,14.731182795698924,43.62582781456953,4.31985294117647,49.31009440813362,24.03295128939828,17.59465478841871,35.11254527535236,3.0,-73.95643749100729,40.5867885
36047063200,1409,29.31156848828957,34.339080459770116,6.742370475514549,30.218687872763418,4.87264673311185,17.52873563218391,21.859474804826117,47.09401709401709,25.12247665499292,3.0,-73.93142218536902,40.5996275
36047065600,1675,37.850746268656714,15.081967213114755,4.298507462686567,45.66929133858268,5.205278592375366,8.360655737704919,29.61194029850746,28.19644369178662,24.513558478389065,3.0,-73.9349828935156,40.613012
36047069000,1668,88.84892086330936,31.72541743970315,12.050359712230216,46.394557823129254,7.550200803212852,1.4842300556586272,21.58273381294964,33.17793317793318,38.40954082614532,2.0,-73.92134856636889,40.619398000000004
36047073000,2109,95.30583214793741,28.34008097165992,2.7514231499051234,72.96767874632712,3.4988713318284423,1.0796221322537112,16.880037932669513,19.740900678593462,40.33622011113108,2.0,-73.93031409031417,40.625564
36047074200,2516,74.96025437201908,40.79229122055675,10.850556438791733,42.09505334626576,8.659363588941053,8.458244111349037,25.19872813990461,38.64760857614073,37.892932345179204,2.0,-73.94498415761325,40.626982
36047087200,3127,94.37160217460826,33.057851239669425,26.8120590121873,51.650770359501095,3.9895600298284863,0.0,31.75567636712504,38.19379115710254,44.47330345037951,2.0,-73.93693757265982,40.6542105
36047078000,2170,94.74654377880184,22.92358803986711,2.3137436372049978,57.417893544733865,7.612667478684532,1.6611295681063125,32.21198156682028,35.95997498436523,38.534132430468745,2.0,-73.93915298091807,40.634534
36047080000,3217,67.57848927572272,52.64663805436338,13.666146645865835,46.952224052718286,9.860834990059642,3.5765379113018603,25.023313646254273,26.601562499999996,39.772508565586335,2.0,-73.95376015761097,40.6606345
36047084600,2038,98.47890088321884,40.98613251155624,8.243375858684985,46.73123486682809,4.304245283018868,0.0,35.13248282630029,49.11660777385159,42.032305531332355,2.0,-73.92738273996878,40.642258999999996
36047091200,6301,91.95365814950009,73.77112135176651,37.24805586414855,54.095238095238095,25.604527525295833,6.912442396313365,25.1388668465323,66.55086848635236,59.204074657746915,1.0,-73.90763870948311,40.6651435
36047098200,3962,100.0,82.15174129353234,38.515901060070675,60.43046357615894,11.631894827093456,9.203980099502488,34.90661282180717,70.08583690987125,62.8531577332779,1.0,-73.89405921582733,40.650712
36047099200,1642,97.56394640682095,13.574660633484163,17.113276492082825,63.63636363636363,4.780876494023905,0.0,21.680876979293544,37.057010785824346,40.38152667442344,2.0,-73.9010397334254,40.6374965
36047115000,2962,97.16407832545578,60.64382139148494,18.356164383561644,56.33802816901409,7.10793531402783,14.330218068535824,31.53274814314652,44.88107549120993,51.578688781303654,1.0,-73.886526,40.673936
36047116200,2571,100.0,52.10810810810811,29.363529871144085,60.58467741935484,5.789717461787864,2.1621621621621623,28.199144301828085,62.41540864133264,52.29149955029792,1.0,-73.88511722836695,40.670260999999996
36047119000,1785,97.87114845938375,72.52440725244072,30.84688726864834,63.20987654320987,6.212424849699398,17.01534170153417,36.022408963585434,48.666053357865685,58.95771617876998,1.0,-73.87130610263364,40.678849
36047000100,4815,28.037383177570092,50.80956052428681,2.792248385080225,21.315932572050027,4.326364692218351,5.397070161912105,27.39356178608515,8.128262490678598,23.717395372728845,3.0,-73.99412664665033,40.6999555
36047050202,2413,33.15375051802735,49.03934126258005,6.331309627059845,38.487208008898776,6.081808396124865,6.1299176578225065,30.37712391214256,16.39871382636656,29.174000460630275,3.0,-73.97521928689169,40.6533905
36047050500,4121,84.46978888619267,75.97465886939571,34.43338995389468,26.040554962646745,18.136826783114994,16.08187134502924,23.440912399902935,42.6654740608229,51.57555115897546,1.0,-73.94498720942232,40.7079125
36047050600,5233,80.39365564685649,67.69845232151772,17.830667186890363,57.557189542483655,4.953408533594899,14.128806789815277,16.87368622205236,40.217942219969586,48.16553049508383,1.0,-73.96682895612027,40.6489915
36047050700,4369,8.40009155413138,50.53254437869823,36.48432135500114,24.53271028037383,2.679403541472507,10.414201183431953,60.151064316777294,53.70898716119829,32.68216591884994,3.0,-73.94681625358353,40.7017205
36047051100,3817,61.619072570081215,75.05219206680584,19.57034320146712,33.67024636765635,7.892998678996037,23.59081419624217,12.44432800628766,32.94549908144519,43.05255261711591,2.0,-73.94859189979951,40.7075725
36047051200,6227,82.81676569776778,62.35078053259871,11.56255018467962,60.24719747053751,5.034815211569363,13.085399449035812,21.29436325678497,43.09793044591423,46.90970034288503,1.0,-73.96310364866414,40.646967000000004
36047004400,2255,22.52771618625277,24.837310195227765,5.764966740576496,54.23242467718795,2.8405422853453843,9.219088937093275,35.388026607538805,26.75489067894131,25.684918468945583,3.0,-74.04412823524244,40.632417
36047111600,3810,98.9763779527559,49.73214285714286,22.25063938618926,58.6352148272957,4.760330578512397,8.214285714285714,38.3989501312336,69.95757809487081,51.15106066668852,1.0,-73.87567025661347,40.663848
36047030500,6968,65.800803673938,63.86554621848739,13.05322966507177,50.92828540225701,5.287539936102236,4.8019207683073235,22.3593570608496,18.69698610359141,41.275359200619896,2.0,-73.95901060494771,40.6774315
36047006902,1906,34.994753410283316,72.27602905569007,3.620146904512067,17.357910906298002,3.177257525083612,2.663438256658596,25.760755508919203,4.9598832968636035,28.023411375117654,3.0,-73.992022656481,40.68451
36047070601,2437,22.568732047599507,3.8636363636363633,0.3282724661469019,43.6950146627566,3.7301151947339553,4.772727272727273,34.1403364792778,25.791855203619914,17.785652812910442,3.0,-73.90362661122752,40.6165655
36047088002,1220,87.29508196721312,34.801762114537446,24.672131147540984,45.18388791593696,4.783808647654094,0.0,28.606557377049178,34.371257485029936,41.53409916379372,2.0,-73.92959105748051,40.661023
36047070602,0,,,,,,,,,,,-73.89341091409837,40.6136815
36047006901,1785,26.442577030812327,51.79677819083024,7.204116638078903,30.411686586985393,5.290659699542783,0.7434944237918215,20.896358543417367,7.153179190751445,25.384877308116444,3.0,-73.99110243300436,40.686161
36047033701,2742,57.4033552151714,73.43915343915344,11.469265367316343,35.05859375,5.6863616170590845,1.0582010582010581,34.755652808169216,33.79389752446747,39.24673205610499,2.0,-73.94215544099163,40.6698125
36047033702,1993,43.35173105870547,64.69565217391305,15.206611570247933,38.56920684292379,5.807200929152149,5.391304347826087,35.323632714500754,39.65065502183406,37.099930494710975,2.0,-73.94223256555091,40.6689935
36047088001,1702,98.53113983548766,44.01544401544402,19.294117647058822,42.8,18.590308370044053,1.8018018018018018,33.07873090481786,45.76757532281206,46.755849203967344,1.0,-73.93293612657348,40.6619575
36047034800,3011,88.87412819661242,69.40298507462687,20.52474261042843,48.141891891891895,5.067808708065667,27.078891257995735,35.46994354035205,59.555048488305765,52.52987720908443,1.0,-73.9817878066975,40.580026000000004
36047046000,2997,67.06706706706707,43.46060113728676,20.053386720053386,48.333333333333336,2.445984508764778,18.034118602761982,34.2676009342676,35.81112669471716,41.152206852647325,2.0,-73.96555749262734,40.6321985
36047105804,6083,84.02104224889035,74.39891635624788,27.894825551997304,65.2431011826544,12.323759791122715,21.774466644090758,43.942133815551536,51.11779879621668,58.63519686726901,1.0,-73.88303238789683,40.645478
36047012600,3020,62.28476821192053,46.52466367713004,18.841059602649008,51.14503816793893,4.490902051877662,26.00896860986547,30.43046357615894,43.81909547738693,42.16678120741438,2.0,-74.01901148150566,40.6346765
36047027100,3652,84.41949616648412,60.310559006211186,14.627440197965354,39.0728476821192,5.501519756838906,5.46583850931677,21.276013143483024,38.97576231430806,42.6919900681685,2.0,-73.93675912647862,40.6789135
36047061003,2038,74.23945044160942,59.05383360522023,38.67595818815331,30.03533568904594,6.082589285714286,42.41435562805872,37.63493621197252,51.95143104943626,50.6495500560842,1.0,-73.9588760865625,40.5807935
36047061004,5278,18.681318681318682,68.00274066461117,21.883289124668433,32.61363636363636,8.663300558065373,64.37136005481328,24.137931034482758,23.065150852645385,39.57420134983069,2.0,-73.9558935730625,40.5803095
36047015200,2294,45.98953792502179,25.934314835787088,14.178049929345265,37.429537767756486,3.0732860520094563,7.701019252548131,25.893635571054922,37.21058434399118,28.46298580029818,3.0,-74.02501629454838,40.613915500000004
36047114400,2423,99.00949236483699,67.37766624843162,36.19479983491539,38.52760736196319,10.633156114064764,2.0075282308657463,19.603796945934793,49.51841359773371,52.36678439390661,1.0,-73.89800017355209,40.672877
36047056100,3698,33.50459707950243,64.28165814877912,6.086015688395997,28.82943143812709,4.791666666666667,6.019307211811471,10.7355327203894,18.18808129521185,28.50031259567024,3.0,-73.95640227751052,40.726448
36047092400,3420,90.52631578947368,75.02356267672008,38.83847549909255,43.02963776070253,12.993262752646775,0.0,43.42105263157895,55.07020280811232,56.060788792308365,1.0,-73.91149999288581,40.66695
36047021100,2778,73.18214542836573,68.60158311345647,15.262778977681785,47.794117647058826,12.897053195560659,5.804749340369393,21.490280777537794,27.248394004282655,44.963099997958,2.0,-73.97180834354629,40.697253
36047072800,3153,98.82651443070091,39.858156028368796,10.456026058631922,59.32062966031483,3.4986713906111606,3.4751773049645394,32.508721852204246,36.43992932862191,44.54447929345321,2.0,-73.92728453943994,40.6294365
36047039200,3091,28.793270786153347,37.06099815157117,16.531866709802653,57.079252003561884,1.846488052136133,29.667282809611827,40.53704302814623,38.225255972696246,35.28913093917396,3.0,-73.9630644314476,40.5959385
36047041402,2062,37.34238603297769,44.93150684931507,25.520317145688804,57.8397212543554,12.388250319284802,27.123287671232877,43.79243452958293,50.258302583025824,42.638189567398236,2.0,-73.9681876913053,40.603462
36047021200,3150,75.52380952380953,54.448105436573314,20.952380952380953,61.71259842519685,5.720081135902637,49.42339373970346,22.063492063492063,53.42960288808665,51.101137247665605,1.0,-74.0062425484598,40.629742
36047019400,3293,81.23291831157,29.939603106125972,26.246958637469586,48.11965811965812,4.979674796747967,27.0060396893874,25.02277558457334,64.98588140379185,43.8378944129489,2.0,-74.00152428924739,40.625983500000004
36047117602,3393,92.8087238432066,50.468164794007485,12.492563950029744,55.7157569515963,6.98961937716263,13.389513108614231,36.54582964927793,38.1404174573055,47.401917203095664,1.0,-73.87465570768234,40.6863965
36047041700,3402,96.67842445620224,70.87988826815642,34.36213991769547,62.20059880239521,20.101285547331514,24.022346368715084,35.30276308054086,44.75161987041037,61.91898059753074,1.0,-73.91787444625322,40.6937595
36047089800,2316,92.09844559585493,67.56393001345896,25.172711571675304,77.67944936086529,5.297679112008073,5.787348586810229,26.856649395509496,42.89906103286385,55.86575533890016,1.0,-73.91380068624989,40.662625500000004
36047036002,3731,18.654516215491824,80.16341352700861,24.637681159420293,21.11627906976744,12.673165726013341,76.53200181570585,33.66389707853122,27.12388013592833,43.439191994810336,2.0,-73.96129767881015,40.576201
36047098800,2752,97.63808139534885,26.58643326039387,5.590062111801243,61.17256637168141,11.198738170347003,4.157549234135667,33.17587209302326,49.678012879484825,42.5045326997455,2.0,-73.89766885495716,40.643319
36047025400,3437,70.73028804189701,40.42553191489361,25.312772766947923,54.2809642560266,3.5959463877084015,40.51063829787234,34.36136165260402,59.209900047596385,46.8944980022929,1.0,-73.98386430379122,40.616717
36047059600,2261,23.042901371074745,34.76027397260274,12.251216275984078,36.06755126658625,7.889908256880735,40.92465753424658,19.77001326846528,36.252545824847246,29.2227729477879,3.0,-73.93901230649718,40.591628
36047058200,2585,58.68471953578337,56.01023017902813,16.595744680851062,52.94117647058824,6.388526727509778,29.15601023017903,38.45261121856866,46.75725756639901,44.578534260903766,2.0,-73.95924671741255,40.598521500000004
36047068600,1649,64.94845360824742,32.23021582733813,4.30563978168587,56.12244897959183,9.343065693430656,10.071942446043165,26.379624014554278,42.533557046979865,35.84076685248405,3.0,-73.91625277164168,40.615300500000004
36047032100,4995,79.1991991991992,69.24131627056673,15.497487437185931,48.89549702633815,11.813494732122843,3.5191956124314445,10.89089089089089,30.31423290203327,45.19409907968844,2.0,-73.95217860440917,40.6668105
36047081600,2893,90.07950224680262,48.66595517609392,4.044244728655375,42.405063291139236,7.941929974380871,2.454642475987193,28.17144832353958,48.745696015740286,40.39433661871126,2.0,-73.94407919506862,40.653715000000005
36047019500,4104,57.50487329434698,63.5489043292357,11.842105263157894,39.22330097087379,7.516536380036079,0.0,26.31578947368421,24.276377217553687,37.41837193366697,2.0,-73.96735351814965,40.690673000000004
36047044800,1914,26.59352142110763,25.95520421607378,5.590386624869383,52.800000000000004,8.062330623306233,8.432147562582346,40.43887147335423,18.38006230529595,27.365855630916105,3.0,-73.9719921162179,40.6185055
36047007400,5478,94.10368747718145,67.7295918367347,20.719897679517633,46.64131812420786,3.77055756117128,45.089285714285715,32.94998174516247,60.7451564828614,54.65541657659758,1.0,-74.01696935651913,40.641833000000005
36047004600,1143,27.296587926509186,18.359375,9.88626421697288,61.627906976744185,1.6241299303944314,13.4765625,31.496062992125985,41.423570595099186,27.936968772150227,3.0,-74.04500084442564,40.628011
36047000502,2704,28.143491124260358,64.35246995994659,7.523277467411546,35.38961038961039,1.0338345864661653,2.202937249666222,24.778106508875737,7.30593607305936,29.029263750618885,3.0,-73.99245109020765,40.6952485
36047044902,0,,,,,,,,,,,-73.9295708083664,40.718179500000005
36047059403,3062,49.183540169823644,44.73447344734473,9.242325277596342,53.822629969418955,4.308487720809995,38.703870387038705,37.034617896799475,29.02147971360382,39.265929020703325,2.0,-73.94816425422084,40.5951345
36047059404,3934,49.87290289781393,59.4541910331384,7.473309608540925,44.650587507730364,4.6815934864786275,43.14489928525016,26.58871377732588,43.457427202359014,40.128834856278736,2.0,-73.94687092499021,40.590897
36047102801,1146,99.73821989528795,25.656565656565654,16.827344434706397,41.87082405345212,10.159118727050185,3.2323232323232323,27.486910994764397,37.7906976744186,40.79112985495976,2.0,-73.88936879816754,40.6313335
36047078802,1790,98.60335195530726,64.39267886855241,22.905027932960895,48.44903988183161,6.843403205918619,15.640599001663894,21.34078212290503,60.98214285714286,51.75656375038913,1.0,-73.94669402465397,40.637527500000004
36047005301,2095,37.94749403341289,31.630434782608695,12.266411116435075,38.50156087408949,10.085836909871244,1.8478260869565217,21.766109785202865,21.800367421922843,27.55846590699258,3.0,-74.02491276433773,40.6776325
36047005302,123,47.96747967479675,64.44444444444444,0.0,0.0,0.0,0.0,47.15447154471545,0.0,25.78079515551653,3.0,-74.02251068079228,40.6691395
36047009402,3280,71.1890243902439,48.87940234791889,21.65294297041781,32.142857142857146,5.058905058905059,45.89114194236926,29.756097560975608,58.92857142857143,44.097053226351626,2.0,-74.00027709147582,40.642692
36047009202,2648,89.08610271903324,75.76054955839058,29.71841704718417,48.88059701492538,10.305028854080792,21.491658488714428,18.051359516616312,61.23061530765382,54.84931519962158,1.0,-73.99823855776515,40.644652
36047009201,1986,87.7139979859013,50.170648464163826,23.564954682779458,59.9,3.8181818181818183,35.49488054607509,23.11178247734139,60.96752816434725,51.17271087938463,1.0,-74.0005131183274,40.6459135
36047009002,1549,96.38476436410588,68.76574307304786,5.551969012265978,42.33009708737864,6.312056737588652,25.188916876574307,40.99418979987088,66.0996354799514,49.75866040301414,1.0,-73.99635448660715,40.646463999999995
36047079201,1382,80.60781476121564,56.20300751879699,25.470332850940665,68.26758147512865,15.67291311754685,2.819548872180451,26.266280752532563,40.352504638218925,50.94864695749203,1.0,-73.95635282524204,40.644674
36047001501,4565,70.4052573932092,88.14265863825845,24.381161007667032,31.868131868131865,7.000240558094779,11.996294580824456,24.797371303395398,30.886243386243383,47.6511925403924,1.0,-73.98250265169438,40.696045999999996
36047035301,2483,88.11921063229964,76.70250896057348,41.42394822006473,37.15545755237045,9.560392658984208,6.630824372759856,8.457511075312123,45.701581027667984,52.4593499070692,1.0,-73.93514462739583,40.670387500000004
36047044901,2715,72.96500920810313,74.64114832535886,26.298342541436465,45.97815292949355,6.945036216446527,5.454545454545454,24.677716390423573,52.74423710208562,48.22489806311735,1.0,-73.938335995399,40.7200095
36047049301,1941,100.0,90.3907074973601,46.470891293147865,46.69421487603306,36.76470588235294,22.280887011615626,36.476043276661514,80.24502297090352,69.63775099925964,1.0,-73.94193646677962,40.710021999999995
36047049302,4714,71.76495545184557,81.98454656364376,32.26559185405176,27.871529667936855,8.810041033067826,19.764131760878406,10.140008485362749,28.82719252724442,47.702993849843764,1.0,-73.94095818414092,40.706806
36047035302,3064,72.42167101827677,50.4930966469428,15.042511445389142,44.839549002601906,8.531187122736418,2.6627218934911245,30.026109660574413,38.98139079333986,40.56950831902132,2.0,-73.93544142445772,40.6672425
36047035101,1735,94.92795389048992,87.00787401574803,26.1671469740634,63.73429084380611,12.652536929993577,0.0,36.138328530259365,38.94230769230769,59.08376657839394,1.0,-73.93237578153398,40.670237
36047035102,3400,87.79411764705883,69.43648519579752,31.35294117647059,37.5187969924812,8.373369938229239,14.51766953199618,31.38235294117647,49.07321594068582,51.422421876718005,1.0,-73.93267429438217,40.6670915
36047056301,4688,35.81484641638225,57.22543352601156,13.303437967115098,25.68019093078759,3.745583038869258,13.625103220478943,17.619453924914676,18.575,30.007543171284254,3.0,-73.95744905279676,40.734213999999994
36047034901,2324,89.97418244406197,78.8249694002448,18.502581755593802,62.10153482880756,3.3955045432807274,0.0,33.86402753872633,48.03299492385787,52.92745682949177,1.0,-73.92960685362269,40.670084
36047034902,3396,88.72202591283863,84.18214499700419,15.636042402826856,66.93227091633466,3.3387888707037643,1.5578190533253444,35.07067137809187,50.35460992907801,54.289291041216835,1.0,-73.92990798138888,40.666940499999995
36047056302,2449,54.389546753777054,81.03207810320781,9.881584320130665,39.81900452488688,13.276231263383298,6.206415620641562,18.946508779093506,13.206603301650826,40.685707860700326,2.0,-73.9605446914895,40.7352275
36047120802,5247,100.0,60.708067324434126,40.041928721174,69.83050847457626,9.523809523809524,3.3662217063261752,43.281875357347054,54.38144329896907,60.13701950121364,1.0,-73.86471967839128,40.6714305
36047103402,0,,,,,,,,,,,-73.87863492442195,40.633605
36047103401,3637,96.20566400879846,77.6965265082267,48.17156997525433,66.47919010123734,14.599018003273322,5.606337599024984,34.69892768765466,63.81792847189968,64.59057564481705,1.0,-73.88629728456522,40.6336195
36047031402,0,,,,,,,,,,,-73.99520593094462,40.5836775
36047031401,4912,49.63355048859935,33.65906623235613,10.20366598778004,59.09330521876648,6.160382368560807,26.167209554831704,25.407166123778502,37.21814035976691,36.36563446616499,3.0,-73.98862121990888,40.587295
36047003102,0,,,,,,,,,,,-73.97533346623136,40.690773
36047050001,2282,33.30411919368974,42.32804232804233,12.00701139351446,42.47391952309985,6.585081585081586,2.0105820105820107,33.873794916739705,25.097384529771844,30.056363499814918,3.0,-73.97796452377048,40.649143
36047001802,0,,,,,,,,,,,-74.01180157111693,40.659653
36047001801,1588,84.3198992443325,,,,,,0.5667506297229219,92.8418038654259,,,-74.00216872984188,40.6654065
36047001804,0,,,,,,,,,,,-74.03972184219882,40.651324
36047058902,0,,,,,,,,,,,-73.9403194281382,40.7303585
36047010601,2138,99.62581852198316,72.41992882562278,36.71655753040224,48.25,1.5616866215512752,68.14946619217082,42.65668849391955,74.19642857142857,64.19872354561647,1.0,-74.007141375,40.63954
36047005303,136,22.058823529411764,34.32835820895522,0.0,7.6923076923076925,0.0,0.0,22.794117647058822,7.6190476190476195,14.405667519520968,3.0,-74.01156248120006,40.682351
36047053102,7846,2.7020137649757836,54.77272727272727,37.420341575325004,19.592242665340624,3.4953437938512564,6.59090909090909,57.62171807290339,60.947503201024325,31.351814118880466,3.0,-73.95245409762538,40.700488
36047050402,1950,48.05128205128205,63.56502242152467,4.717948717948718,68.76404494382022,6.927175843694494,1.6816143497757847,24.461538461538463,29.438943894389443,39.48995700956461,2.0,-73.97303016678946,40.6469795
36047009001,1305,89.57854406130268,72.66949152542372,25.19148936170213,67.81609195402298,3.2200357781753133,39.19491525423729,33.86973180076628,74.62121212121212,59.37918202379897,1.0,-73.99831848376007,40.647968500000005
36047102802,0,,,,,,,,,,,-73.89274914736615,40.626007
36047107003,0,,,,,,,,,,,-73.87731047763256,40.650012000000004
36047011902,0,,,,,,,,,,,-73.99581867415048,40.672430500000004
36047001502,5238,59.52653684612448,79.26421404682274,16.3444976076555,9.635299414678073,6.091165792658329,2.9096989966555182,15.54028255059183,8.138658628485306,35.30576348585049,3.0,-73.98349252807203,40.692542
36047011901,1378,49.20174165457185,48.78472222222222,11.76470588235294,31.48479427549195,7.154742096505824,0.0,21.480406386066765,15.31791907514451,30.811726999038182,3.0,-73.98692583294826,40.676514999999995
36047050401,2518,32.44638602065131,51.60744500846024,4.646544876886418,36.56716417910448,3.6354581673306776,8.460236886632826,31.532962668784748,16.11082606464854,28.7674589374293,3.0,-73.97393914881735,40.6503455
36047001803,11,,,,,,,,,,,-74.02621104307116,40.653689
36047035702,0,,,,,,,,,,,-73.92651065820311,40.666610500000004
36047107001,4672,99.78595890410958,54.54113171659534,12.162740899357601,64.4396551724138,6.563981042654028,4.46980504041845,32.23458904109589,40.15966678236723,49.63562056493667,1.0,-73.87005745013849,40.6540525
36047057902,0,,,,,,,,,,,-73.94560442777086,40.734579999999994
36047010401,2060,96.11650485436894,77.75947281713344,29.902912621359224,39.75903614457831,1.0321797207043109,59.96705107084019,25.873786407766993,75.17776341305753,58.90247399407216,1.0,-74.00947119560027,40.6372995
36047009401,1946,91.21274409044193,53.50701402805611,41.46968139773895,50.78125,4.507710557532621,34.86973947895792,33.45323741007194,76.92307692307693,56.322967126449065,1.0,-74.00248112244601,40.6440225
36047120803,1350,95.03703703703704,78.6096256684492,28.000000000000004,58.23293172690763,6.475583864118896,14.973262032085561,17.333333333333336,59.79760809567617,56.419121227041735,1.0,-73.86201231748629,40.6720055
36047057901,1512,49.2063492063492,59.4059405940594,22.50996015936255,42.67605633802817,4.9754730203223545,4.125412541254125,12.433862433862434,23.159509202453986,37.070064969936475,2.0,-73.95108054640795,40.734102
36047010802,2419,94.99793303017776,55.81737849779087,27.378964941569283,49.43820224719101,3.0663615560640736,57.437407952871865,21.165770979743694,74.97194163860831,55.17730690612916,1.0,-74.00260951810077,40.6404515
36047050002,1548,45.542635658914726,53.110773899848255,3.359173126614987,72.31329690346084,9.665697674418606,4.24886191198786,31.912144702842376,12.62135922330097,38.3265160715321,2.0,-73.97649554243,40.646595
36047035701,2398,99.33277731442868,79.36651583710407,37.53127606338615,52.667423382519864,13.77049180327869,7.330316742081449,27.4395329441201,59.496855345911946,59.74826503814764,1.0,-73.92683655174574,40.6699335
36047010402,2174,86.29254829806807,81.25,41.49184149184149,55.478502080443825,0.5827505827505828,69.46022727272727,27.64489420423183,75.86206896551724,64.63168436117223,1.0,-74.00726923179431,40.6359705
36047010801,1878,92.91799787007454,71.98581560283688,29.552715654952078,30.246913580246915,6.109725685785536,65.60283687943263,24.973375931842384,72.75426874536006,56.62809660577908,1.0,-74.00481138021325,40.6417795
36047010602,2088,96.31226053639847,57.540983606557376,10.53639846743295,36.72566371681416,2.176470588235294,80.98360655737706,24.377394636015325,68.43065693430657,52.12523046683961,1.0,-74.00493807421338,40.6382095
36047058901,2103,16.357584403233478,49.9455930359086,11.602472658107466,28.211920529801326,5.950500263296472,1.3057671381936888,27.19923918212078,18.0327868852459,24.68753630047833,3.0,-73.94402694312564,40.728549
36047120801,4834,97.49689697972693,54.27408412483039,13.21886636326024,60.25452765540871,4.741482010960209,9.76933514246947,33.59536615639222,50.6795530051344,49.283158165070155,1.0,-73.86843612236461,40.670977
36047107002,0,,,,,,,,,,,-73.86538681114754,40.644146
36047053101,3020,4.23841059602649,65.11226252158895,42.48344370860927,4.292343387470997,2.5632144094215445,13.126079447322972,53.64238410596026,43.54644149577804,31.95122901663023,3.0,-73.95495304008097,40.70147
36047115200,2558,100.0,45.22821576763486,11.063330727130571,24.833110814419225,8.12785388127854,10.062240663900415,42.61141516810008,51.4839491217444,42.217176609394826,2.0,-73.8909333517,40.6732825
36047114201,1548,91.27906976744185,35.02906976744186,13.75968992248062,53.506097560975604,6.768558951965066,17.732558139534884,33.20413436692506,63.01587301587301,44.642401655525155,2.0,-73.89535869591408,40.6810045
36047114600,3130,98.01916932907349,45.05363528009535,8.722044728434506,45.14601420678769,9.95850622406639,18.474374255065555,26.61341853035144,55.294117647058826,44.99369410458601,2.0,-73.89183386514195,40.6795525
36047115600,4108,99.9269717624148,72.25950782997764,36.9188921859545,57.22618276085548,13.370319001386962,17.449664429530202,25.413826679649464,72.35772357723577,60.36404027900942,1.0,-73.89593029434698,40.668469
36047116000,2420,95.37190082644628,50.94142259414226,24.461028192371476,42.071881606765324,17.573011077542798,7.635983263598327,22.272727272727273,60.14215418261345,48.49329133223131,1.0,-73.88856612127992,40.669559
36047116400,3936,97.76422764227642,53.50118017309205,6.411900487304437,55.2870090634441,5.2227795809973445,4.642014162077104,35.13719512195122,49.27701674277017,46.21450933776718,1.0,-73.88117619811321,40.670485
36047117000,1952,99.33401639344262,79.8234552332913,33.45286885245902,36.450079239302696,6.612995974698102,9.331651954602775,27.049180327868854,72.02216066481995,55.16673308134176,1.0,-73.88612972885687,40.677522499999995
36047118600,3099,96.61181026137464,42.03431372549019,12.394548994159637,47.45308310991957,7.088607594936709,19.852941176470587,29.783801226202,75.07418397626114,45.824394964126476,1.0,-73.86756129507546,40.681802000000005
36047117201,1961,95.00254971953085,47.910863509749305,27.28199898011219,26.751592356687897,6.942752740560293,4.3175487465181055,29.21978582355941,58.65963855421686,44.1535564492825,2.0,-73.88772797122397,40.68092
36047117202,4720,98.89830508474576,69.79591836734694,18.393727484636578,65.98240469208211,7.896715968914515,18.639455782312925,27.64830508474576,66.44274809160305,56.24772603879145,1.0,-73.88397686587189,40.6829295
36047117400,3827,94.06846093545859,56.073338426279605,14.08413901228116,69.06474820143885,1.289308176100629,20.397249809014514,28.429579304938596,65.89481946624804,51.393747094024995,1.0,-73.87979036419094,40.682777
36047117800,1777,98.87450759707373,49.917898193760266,7.492957746478873,29.642248722316864,10.294117647058822,33.16912972085386,28.081035453010696,76.253081347576,45.24786992580291,2.0,-73.87472453432875,40.6818625
36047118000,0,,,,,,,,,,,-73.87871661591221,40.68889
36047118201,3674,99.07457811649428,54.87804878048781,20.285871357888947,47.04528012279356,3.9735099337748347,28.455284552845526,32.362547632008706,70.5456301303718,51.27514497919165,1.0,-73.87198230867799,40.688035
36047118202,3288,83.97201946472019,51.04761904761905,20.62043795620438,44.157706093189965,2.9726927065330107,25.047619047619047,29.13625304136253,71.52014652014653,46.385770803596884,1.0,-73.86906252120892,40.688877500000004
36047118400,4826,97.05760464152507,49.660703269586676,17.26067136344799,51.534672224327394,7.954807470601799,31.523750771128935,14.649813510153336,77.52960172228202,49.566210354479445,1.0,-73.86935095,40.68396
36047118800,4778,96.19087484303056,47.46215494211932,16.30252100840336,60.59743954480796,3.4631000716503464,31.077471059661622,30.263708664713267,71.45688800792864,50.905132749641076,1.0,-73.86620380268712,40.679141
36047119200,3885,96.13899613899613,45.62607204116638,11.583011583011583,38.16110659072417,6.046375110067508,14.493996569468267,35.057915057915054,66.05465414175919,44.00314045525828,2.0,-73.87820053901926,40.677098
36047119400,4816,100.0,47.87592717464599,35.070598006644516,68.47826086956522,5.3071253071253075,11.126095751854349,25.083056478405314,53.15942028985508,54.800016126214,1.0,-73.87709804331737,40.672688
36047119600,5979,98.94631209232313,58.51063829787234,19.909274193548388,36.99870633893919,6.5368299267258,15.860735009671178,26.342197691921726,75.68312860366007,48.520918515875124,1.0,-73.87298760366436,40.676564
36047120000,2922,97.43326488706366,68.04619826756496,19.059583632447954,40.10152284263959,3.95090141925585,33.87872954764196,30.83504449007529,70.19438444924407,52.46272906293649,1.0,-73.86742776243094,40.6752685
36047120200,1999,92.29614807403702,38.18181818181819,5.25783619817998,49.29936305732484,2.5981524249422634,11.91919191919192,28.214107053526767,63.44086021505376,40.884729324119,2.0,-73.86431588547664,40.676043
36047121000,3738,100.0,95.63076923076923,41.3322632423756,71.51567944250871,11.030741410488245,27.815384615384612,37.58694489031568,68.11377245508982,70.51895284546228,1.0,-73.87238728090216,40.6703305
36047000200,1288,82.14285714285714,55.35248041775457,34.47204968944099,31.32075471698113,8.297690333618478,39.425587467362924,30.667701863354036,53.317249698431844,50.075267240535155,1.0,-74.01081478243685,40.653108
36047000301,4501,17.618307042879362,63.095238095238095,5.177919708029197,22.780678851174933,5.0,1.8095238095238095,30.85980893134859,6.000582580833091,24.957290757853286,3.0,-73.99738187119206,40.696522
36047014200,3534,51.49971703452179,62.34177215189873,25.02132499289167,48.94342194955692,6.8756679729248305,16.218354430379748,32.56932654216186,40.74376787903555,43.66763880416444,2.0,-74.02249064615475,40.6225955
36047014500,4681,39.735099337748345,49.52076677316294,12.112796411023286,38.90020366598778,5.472522418946885,3.567625133120341,24.332407605212563,17.108977978543198,31.066061249775117,3.0,-73.9951364565407,40.6614725
36047014700,2373,28.445006321112515,41.1901983663944,7.151925518408802,45.33799533799534,0.817810086324398,0.7001166861143524,34.934681837336704,8.232291001914486,26.976502468646267,3.0,-73.9895398928089,40.6599175
36047015000,1437,37.021572720946416,41.25230202578269,14.057063326374392,53.68956743002544,10.13953488372093,19.70534069981584,35.35142658315936,31.42329020332717,36.00754443712853,3.0,-74.01073452866692,40.615402
36047015300,2638,35.898407884761184,63.87959866220736,4.267815191855912,37.10045662100457,3.3682294037323626,0.7525083612040134,30.43972706595906,13.791398912506178,30.76935083755455,3.0,-73.98057618402676,40.6680995
36047015400,0,,,,,,,,,,,-74.0191583741368,40.610634000000005
36047015900,5377,21.405988469406733,64.56180635285112,4.889884285181037,33.89562467053242,1.4756944444444444,0.4975124378109453,22.80081830016738,3.536977491961415,26.510306035817017,3.0,-73.97364329545454,40.675321999999994
36047016100,3468,43.281430219146486,66.70854271356784,1.9522144522144524,16.399416909620992,4.262064107079958,1.9472361809045227,21.510957324106116,14.068716094032549,27.820256818258787,3.0,-73.97335286630559,40.679604999999995
36047016200,2267,48.47816497573886,42.94755877034358,14.90319675821702,38.324022346368714,9.286128845037725,10.669077757685352,24.834583149536833,23.251643753735802,33.57909761863565,3.0,-74.03143695658682,40.6131175
36047016300,4370,50.45766590389016,63.933601609657956,7.964195547394996,40.76433121019109,6.3969658659924145,4.0744466800804835,22.97482837528604,7.222222222222221,35.18358113678617,3.0,-73.97012644521465,40.6788745
36047016400,980,50.40816326530613,0.0,0.0,20.930232558139537,4.838709677419355,6.9364161849710975,34.59183673469388,21.16935483870968,18.340995763917025,3.0,-74.03052348118459,40.6085535
36047016500,5742,28.874956461163357,48.09384164222874,2.072448624172762,36.911121903836815,2.661290322580645,0.0,23.162661093695576,1.9515477792732168,24.69371352772598,3.0,-73.97425864401386,40.6697
36047016700,4800,29.770833333333336,53.9479689639434,5.6875,39.16554508748318,4.720924514384066,6.617982656321314,21.75,5.334037496699234,28.342648941831612,3.0,-73.97878231004495,40.664282
36047016800,1763,39.931934203062966,20.893561103810775,6.2960862166761205,74.77124183006536,5.8171745152354575,4.599211563731932,25.01418037436188,37.184391736801835,31.40135549535869,3.0,-74.01657390690872,40.6032805
36047016900,4714,19.325413661434027,40.947630922693264,14.80248557478917,28.82380288238029,1.6229116945107398,9.825436408977556,24.7348324140857,20.117239541699973,24.490958146414908,3.0,-73.98126514514348,40.6594275
36047017100,4139,35.177579125392604,35.156730178242164,1.812031891761295,47.39273927392739,1.6515276630883566,2.581438229870928,31.360231940082144,11.017543859649123,26.26649533256427,3.0,-73.97694736649215,40.657084499999996
36047017200,2746,53.49599417334304,24.947145877378436,4.335154826958106,46.73469387755102,4.944765912677538,25.68710359408034,27.676620538965768,47.00239808153477,31.821063716656564,3.0,-74.01017817039755,40.609042
36047017400,1925,56.20779220779221,25.52011095700416,13.454545454545455,49.414519906323186,0.9421265141318977,18.8626907073509,29.662337662337663,44.51261077027948,33.82001009868804,3.0,-74.01240792376682,40.6026525
36047017500,0,,,,,,,,,,,-73.99099306020942,40.652114499999996
36047088200,6535,87.62050497322112,79.19937205651492,23.851806491120637,60.72811773818745,3.2942393928941014,3.885400313971742,31.752104055087987,58.4772561420579,54.04103009827387,1.0,-73.92574852719392,40.6602755
36047085600,3161,97.5324264473268,39.1941391941392,14.552356849098386,53.43915343915344,4.568931267381804,2.6373626373626373,26.985131287567228,42.04545454545455,43.75318030567636,2.0,-73.9448976467213,40.647828000000004
36047086000,2627,99.39094023601066,63.26335877862596,11.343738104301485,59.69125214408233,7.6855123674911665,4.3893129770992365,23.41073467834031,54.87480021310602,49.89966282042093,1.0,-73.93309758597762,40.649930499999996
36047086400,2219,92.69941415051825,61.138014527845044,20.14420910319964,60.768335273573925,12.256267409470752,3.5108958837772395,26.363226678684093,50.596252129471885,51.301070012663615,1.0,-73.92416279447352,40.6550175
36047087000,3006,94.71057884231537,53.72848948374761,22.320819112627987,50.39028620988725,2.5819672131147544,0.0,34.830339321357286,51.85185185185185,47.63229695729024,1.0,-73.9335934906783,40.654390500000005
36047087401,3127,75.63159577870164,82.29571984435798,18.100415733930284,51.37693631669536,5.880031570639305,3.5667963683527883,34.28205948193156,54.46954813359528,49.773712358365614,1.0,-73.93846161392406,40.6605105
36047087600,1798,77.69744160177976,59.86013986013986,21.245828698553947,48.48993288590604,9.87012987012987,4.335664335664335,35.26140155728587,47.29020979020979,46.60726122074711,1.0,-73.9357105192627,40.660681
36047087800,2592,98.6496913580247,70.42410714285714,18.36925960637301,39.21568627450981,4.524089306698002,3.013392857142857,19.675925925925927,57.7542567878509,48.10405561844191,1.0,-73.9316920625538,40.6594465
36047059800,3212,34.40224159402241,46.13601236476043,9.246575342465754,51.340615690168825,11.877394636015326,40.64914992272025,30.26151930261519,28.577642453240536,37.102370277838524,2.0,-73.93709932520326,40.587996000000004
36047026500,4101,73.27481102170202,66.3631765300961,21.224688948524033,45.78146611341632,5.546709129511678,0.0,17.483540599853693,23.606129768503422,43.32997721867767,2.0,-73.94462063374286,40.686903
36047057400,2647,60.974688326407254,22.587268993839835,11.52247827729505,49.32562620423892,2.608695652173913,34.29158110882957,16.660370230449566,41.896310135450726,34.542731179344166,3.0,-73.94449254088764,40.601293999999996
36047102400,1834,90.45801526717557,23.767605633802816,18.21155943293348,41.15942028985507,10.476190476190476,0.0,35.44165757906216,34.3980343980344,39.15479348562097,2.0,-73.89338704105077,40.632855
36047048400,4912,44.3200325732899,44.84808454425363,7.514450867052023,31.06508875739645,3.3818694222639736,21.994715984147952,27.11726384364821,29.233511586452764,30.759307974682162,3.0,-73.97346680238894,40.633956999999995
36047024100,3154,47.4001268230818,63.47150259067358,22.796448953709575,29.508196721311474,7.6897133220910625,1.7271157167530224,23.747622067216234,25.573344872349637,36.32248244924741,3.0,-73.9538446853717,40.6924285
36047055800,2145,31.421911421911418,54.87528344671202,16.923076923076923,35.483870967741936,5.666857469948483,41.83673469387755,35.33799533799534,31.67098445595855,36.80008068093397,3.0,-73.95538350746511,40.603680499999996
36047029500,4043,77.8877071481573,32.237539766702014,23.720009893643336,57.28030788967287,7.54985754985755,2.332979851537646,24.610437793717537,25.893719806763283,41.464246339782626,2.0,-73.93237622956403,40.684566000000004
36047015100,4060,19.72906403940887,46.34146341463415,4.482758620689655,39.61832061068702,4.612159329140461,1.1344299489506522,26.403940886699505,6.42085187539733,24.508350445889725,3.0,-73.98258602541586,40.6656895
36047021700,4210,64.18052256532066,78.78162106350027,13.358778625954198,41.60816847479259,7.454097012880241,1.7552916881775942,22.327790973871732,20.069642291864515,42.25701482421784,2.0,-73.95897703617459,40.672898
36047007600,4096,89.0625,71.09375,14.652014652014653,36.74360573923893,10.477266308952274,44.84375,36.71875,61.111111111111114,52.43293558926266,1.0,-74.01462992345958,40.644062
36047012200,4655,90.44038668098818,60.027285129604365,28.57142857142857,45.77387486278815,3.690644099670898,43.519781718963166,28.012889366272827,56.180871828236825,53.436204005560626,1.0,-74.01746127155329,40.638065499999996
36047010200,5201,89.98269563545472,69.15959907478796,23.388975155279503,56.83997980817769,5.248091603053435,44.48727833461835,32.24379926937127,71.32967983847706,57.013039161185944,1.0,-74.01278757698321,40.639284
36047040900,3891,77.79491133384734,61.544342507645254,20.07196093549216,44.788564621798685,10.534493474207581,16.51376146788991,32.202518632742226,42.48175182481752,47.14704152579035,1.0,-73.90455963340122,40.691102
36047116800,2661,98.72228485531755,48.143236074270554,12.340425531914894,47.767857142857146,0.4771371769383698,20.02652519893899,29.537767756482523,63.87054161162483,46.2051600877381,1.0,-73.8826452764505,40.678607
36047096600,1883,98.35369091874668,27.547770700636942,16.56930430164631,69.19999999999999,3.870162297128589,3.0254777070063694,29.474243228890067,36.51635720601238,45.071662708544196,2.0,-73.90321006825681,40.6405955
36047005202,2681,20.663931368892204,35.160427807486634,3.8863976083707024,69.2929292929293,5.412240768841679,6.550802139037433,26.930249906751214,12.528370403994554,28.800098256858565,3.0,-74.04465513648805,40.618226
36047079001,1664,97.11538461538461,59.909909909909906,16.526442307692307,64.83931947069944,4.520166898470097,11.936936936936938,30.829326923076923,40.83107497741644,51.74442307833388,1.0,-73.95537513776932,40.641275
36047079202,1942,92.79093717816684,62.089552238805965,28.99073120494336,72.0,6.551724137931035,7.164179104477612,24.922760041194643,39.3961179007908,54.88667415302463,1.0,-73.95330972899134,40.644863
36047078601,2220,93.87387387387388,60.3448275862069,9.864864864864865,67.02508960573476,8.914100486223662,12.823275862068966,19.81981981981982,38.12600969305331,49.81804567211074,1.0,-73.94735977677055,40.6339505
36047079002,2768,97.50722543352602,66.3738019169329,17.95520231213873,68.92744479495269,6.40074211502783,10.782747603833865,25.578034682080926,47.718052738336716,54.04265654249323,1.0,-73.95284358472799,40.640677999999994
36047003101,4074,57.21649484536082,74.25629290617849,5.629677839245038,14.785992217898833,2.5499855114459575,5.434782608695652,18.875797741777124,11.516760703617656,32.38001271409073,3.0,-73.97971013516113,40.691743
36047078801,1695,93.80530973451327,63.20346320346321,20.855937311633514,49.21190893169877,14.748449345279118,1.0101010101010102,23.53982300884956,49.06621392190153,49.75634517519967,1.0,-73.95025187286325,40.6372755
36047078602,2104,92.72813688212928,58.88625592417062,20.27027027027027,63.02864938608458,13.026166097838454,3.909952606635071,29.61026615969582,29.543859649122805,51.33614865697827,1.0,-73.9470599786155,40.634088000000006
36047014102,2032,48.375984251968504,41.72185430463576,8.169291338582676,50.078003120124805,4.364326375711575,7.9470198675496695,37.746062992125985,31.677419354838708,34.10569537032909,3.0,-73.98996628883967,40.664966
36047014101,1483,44.099797707349964,48.03738317757009,13.31081081081081,37.79816513761468,6.4064801178203234,2.0560747663551404,22.252191503708698,17.108639863130882,31.470172429121725,3.0,-73.98884029270144,40.666183000000004
36047014901,1540,35.1948051948052,46.2992125984252,8.376623376623376,44.966442953020135,3.9140445126630854,0.0,25.38961038961039,13.569078947368421,29.17009498314036,3.0,-73.98408774787802,40.663886000000005
36047014902,4054,35.273803650715344,51.65598290598291,6.018746916625555,58.32187070151307,5.913091309130913,0.8012820512820512,15.490873211642823,13.091671659676454,31.708963219251636,3.0,-73.98540119696969,40.6618405
36047081000,2101,89.90956687291765,51.80136319376826,22.655878153260353,49.88009592326139,2.102272727272727,1.1684518013631937,19.847691575440265,21.662468513853906,44.47242676954668,2.0,-73.94502158530443,40.659231
36047042200,3163,49.69965222889662,30.528375733855185,29.33816266052025,56.31929046563193,3.5344519814352013,23.581213307240702,38.22320581726209,57.66219239373602,40.62294487469662,2.0,-73.96992539075515,40.606965
36047073800,3517,76.62780779073074,37.191358024691354,4.776798407733864,52.613240418118465,6.271536871123364,6.018518518518518,27.949957350014216,36.67890656874745,37.55036139627606,2.0,-73.93913176669584,40.6227375
36047054600,5373,41.87604690117253,56.41160949868074,24.11030370784423,48.26974267968057,12.940195874140445,15.936675461741427,27.917364600781685,26.585301140886173,40.56244446196636,2.0,-73.9527452973287,40.613497499999994
36047017600,2228,51.3016157989228,38.18615751789976,8.662477558348295,44.375,6.1734965407131455,20.644391408114558,19.43447037701975,51.902923331494755,33.59898163655099,3.0,-74.0095349856515,40.6012685
36047028200,3239,59.154059895029334,32.436974789915965,23.40228465575795,57.234726688102896,4.527402700555997,35.79831932773109,33.59061438715653,54.92537313432836,42.66541751166267,2.0,-74.00512975537634,40.5997155
36047031300,4415,78.32389580973953,76.06499780412824,17.463235294117645,46.35568513119534,12.559977420265312,0.0,16.55719139297848,32.968152866242036,46.62392722889867,1.0,-73.94429812933248,40.676640000000006
36047085800,1951,99.0261404407996,61.34347275031685,12.615384615384615,38.94297635605007,4.454787234042553,7.858048162230672,30.240902101486416,44.07616361071932,46.15394954700225,1.0,-73.93940689609602,40.650431
36047013500,4294,31.998136935258497,36.51791326209931,1.83977643223102,42.95628036086052,1.3034410844629822,0.5656819610307983,32.37074988355845,8.541525995948684,24.859889074951543,3.0,-73.98331285129915,40.6728125
36047032500,7964,88.18432948267201,64.38305709023942,9.266700150678052,22.60940032414911,5.909820516562089,4.198895027624309,31.50426921145153,39.37007874015748,40.67170742888369,2.0,-73.95773397336366,40.667311
