stop_id,route_id,direction_id,all_trips,am_trips,pm_trips,day_trips,night_trips,am_wait_min,pm_wait_min,peak_wait_min,day_headway_min,frequent,dir,in_borough
300000,B1,0,123,20,18,95,6,4.516666666666667,5.0,4.758333333333334,9.473684210526315,True,W,True
300002,B1,0,123,20,18,95,6,4.526310185185185,5.0,4.7631550925925925,9.473684210526315,True,W,True
300002,B49,0,91,17,16,75,3,5.2923580246913575,5.882777777777777,5.587567901234568,12.0,False,N,True
300003,B1,0,123,20,18,95,6,4.530489197530865,5.0,4.765244598765432,9.473684210526315,True,W,True
300003,B49,0,91,17,16,75,3,5.301993827160493,5.875370370370371,5.588682098765432,12.0,False,N,True
300004,B1,0,123,20,18,95,6,4.5342067901234575,5.0,4.767103395061728,9.473684210526315,True,W,True
300004,B49,0,91,17,16,75,3,5.310796296296297,5.868333333333334,5.589564814814815,12.0,False,N,True
300006,B1,0,123,20,18,95,6,4.541240740740741,5.0,4.77062037037037,9.473684210526315,True,W,True
300006,B49,0,91,18,16,75,3,5.32175,5.852962962962963,5.587356481481481,12.0,False,N,True
300007,B1,0,123,20,18,96,6,4.5441666666666665,5.0,4.772083333333333,9.375,True,W,True
300007,B49,0,91,18,16,76,3,5.298024691358025,5.8446296296296305,5.571327160493827,11.842105263157896,False,N,True
300008,B1,0,123,20,18,96,6,4.545962962962963,5.0,4.772981481481481,9.375,True,W,True
300008,B49,0,91,18,16,76,3,5.28088888888889,5.838518518518518,5.559703703703704,11.842105263157896,False,N,True
300009,B1,0,123,21,18,96,6,4.548425925925926,5.0,4.774212962962963,9.375,True,W,True
300010,B1,0,123,21,18,96,6,4.518583333333334,5.0,4.759291666666667,9.375,True,W,True
300011,B1,0,123,21,18,95,6,4.492388888888889,5.0,4.746194444444444,9.473684210526315,True,W,True
300012,B1,0,123,20,18,95,6,4.461111111111111,5.0,4.730555555555555,9.473684210526315,True,W,True
300012,B68,1,111,17,21,93,7,5.555555555555555,4.311111111111112,4.933333333333334,9.67741935483871,True,S,True
300013,B1,0,123,20,18,95,6,4.481016975308642,4.997123456790123,4.739070216049383,9.473684210526315,True,W,True
300013,B68,1,111,17,21,93,7,5.547106481481482,4.305322530864198,4.9262145061728395,9.67741935483871,True,S,True
300014,B1,0,123,20,18,95,7,4.493083333333333,4.995506172839507,4.74429475308642,9.473684210526315,True,W,True
300014,B68,1,111,17,21,93,7,5.540543209876543,4.303111111111111,4.9218271604938275,9.67741935483871,True,S,True
300016,B1,0,123,20,18,95,7,4.5099074074074075,4.9937962962962965,4.7518518518518515,9.473684210526315,True,W,True
300016,B68,1,111,17,21,92,7,5.5297376543209875,4.302070987654321,4.915904320987654,9.782608695652174,True,S,True
300017,B1,0,123,20,18,95,7,4.530333333333333,4.993695987654321,4.762014660493827,9.473684210526315,True,W,True
300018,B1,0,123,20,18,95,7,4.53692438271605,4.9945,4.765712191358024,9.473684210526315,True,W,True
300019,B1,0,123,20,18,95,7,4.541594135802469,4.9954475308641975,4.768520833333333,9.473684210526315,True,W,True
300019,B36,0,133,29,26,112,6,3.506057098765432,3.463612654320988,3.48483487654321,8.035714285714286,True,E,True
300019,B4,1,60,13,10,49,2,7.8196666666666665,9.67689814814815,8.748282407407407,18.367346938775512,False,W,True
300020,B1,0,123,21,18,95,7,4.518175925925926,5.0,4.759087962962963,9.473684210526315,True,W,True
300020,B36,0,133,30,26,113,6,3.4359027777777778,3.4602546296296297,3.4480787037037035,7.964601769911504,True,E,True
300020,B4,1,60,13,10,49,2,7.690222222222222,9.59520987654321,8.642716049382717,18.367346938775512,False,W,True
300022,B1,0,123,20,18,94,7,4.503354938271604,5.0,4.751677469135802,9.574468085106384,True,W,True
300023,B1,0,123,20,18,95,7,4.513007716049383,5.0,4.756503858024691,9.473684210526315,True,W,True
300025,B1,0,123,20,18,95,7,4.527777777777778,5.0,4.763888888888888,9.473684210526315,True,W,True
300026,B1,0,123,20,18,95,7,4.538087962962963,4.999192901234568,4.768640432098765,9.473684210526315,True,W,True
300026,B4,1,60,13,11,49,2,7.580390432098765,9.197635802469136,8.38901311728395,18.367346938775512,False,W,True
300028,B1,0,123,21,18,95,7,4.491583333333334,4.978067901234568,4.73482561728395,9.473684210526315,True,W,True
300028,B4,1,60,13,11,49,2,7.519158950617284,8.955824074074075,8.23749151234568,18.367346938775512,False,W,True
300030,B1,0,123,20,18,95,7,4.423055555555555,4.979143518518518,4.701099537037037,9.473684210526315,True,W,True
300030,B4,1,60,13,11,49,2,7.477222222222222,8.78207561728395,8.129648919753086,18.367346938775512,False,W,True
300031,B1,0,123,20,18,95,7,4.438888888888888,4.983333333333333,4.711111111111111,9.473684210526315,True,W,True
300031,B3,1,132,28,21,108,7,3.35,4.188888888888889,3.7694444444444444,8.333333333333334,True,W,True
300031,B4,1,60,13,11,49,2,7.455555555555555,8.68888888888889,8.072222222222221,18.367346938775512,False,W,True
300032,B1,0,118,20,18,93,7,4.465092592592593,4.988277777777778,4.726685185185185,9.67741935483871,True,W,True
300033,B1,0,118,20,19,92,7,4.493408950617284,4.991677469135803,4.742543209876543,9.782608695652174,True,W,True
300034,B1,0,118,20,18,92,7,4.517396604938272,4.936680555555555,4.727038580246914,9.782608695652174,True,W,True
300035,B1,0,118,21,18,92,7,4.487728395061728,4.944716049382716,4.716222222222223,9.782608695652174,True,W,True
300036,B1,0,118,21,18,92,7,4.443547839506173,4.955270061728395,4.699408950617284,9.782608695652174,True,W,True
300037,B1,0,118,21,18,92,7,4.397097222222222,4.967248456790123,4.6821728395061735,9.782608695652174,True,W,True
300038,B1,0,118,20,18,92,7,4.407947530864197,4.98195987654321,4.694953703703703,9.782608695652174,True,W,True
300040,B1,0,118,20,19,91,7,4.455555555555555,4.95,4.702777777777778,9.89010989010989,True,W,True
300041,B1,0,118,20,18,91,7,4.47804475308642,4.902276234567902,4.690160493827161,9.89010989010989,True,W,True
300042,B1,0,118,21,18,92,7,4.46708024691358,4.9151543209876545,4.691117283950617,9.782608695652174,True,W,True
300043,B1,0,118,21,18,92,7,4.447212962962963,4.92725925925926,4.687236111111111,9.782608695652174,True,W,True
300044,B1,0,118,21,18,92,7,4.42345524691358,4.943256172839506,4.683355709876543,9.782608695652174,True,W,True
300044,B64,0,68,14,12,57,3,6.894444444444445,7.361111111111112,7.127777777777778,15.789473684210526,False,N,True
300044,X28,0,36,18,2,33,0,7.538888888888889,25.153846153846153,12.864341085271318,27.272727272727273,False,N,True
300044,X38,0,15,12,0,15,0,4.852380952380953,,4.852380952380953,60.0,False,N,True
300045,B1,0,118,21,18,92,7,4.410424382716049,4.952666666666667,4.681545524691358,9.782608695652174,True,W,True
300045,B64,0,68,14,12,57,3,6.870408950617284,7.365239197530864,7.117824074074075,15.789473684210526,False,N,True
300046,B64,0,68,14,12,57,3,6.83720524691358,7.371351851851852,7.104278549382716,15.789473684210526,False,N,True
300047,B64,0,68,14,12,57,3,6.810464506172839,7.378095679012346,7.094280092592593,15.789473684210526,False,N,True
300048,B64,0,68,14,12,57,3,6.772413580246914,7.389450617283951,7.080932098765432,15.789473684210526,False,N,True
300049,B64,0,68,14,12,57,3,6.747260802469136,7.39778549382716,7.072523148148148,15.789473684210526,False,N,True
300050,B64,0,68,14,12,57,3,6.719135802469136,7.41,7.064567901234568,15.789473684210526,False,N,True
300051,B64,0,68,14,12,57,3,6.693779320987654,7.421054012345679,7.057416666666667,15.789473684210526,False,N,True
300052,B64,0,68,15,12,57,3,6.657251543209877,7.43337037037037,7.045310956790123,15.789473684210526,False,N,True
300053,B64,0,68,15,12,56,3,6.566666666666666,7.45,7.008333333333334,16.071428571428573,False,N,True
300054,B64,0,68,14,12,56,3,6.468001543209877,7.468703703703704,6.9683526234567905,16.071428571428573,False,N,True
300055,B64,0,68,14,13,56,3,6.482408950617284,7.443001543209877,6.962705246913581,16.071428571428573,False,N,True
300056,B64,0,68,14,13,56,3,6.496186728395061,7.356509259259259,6.926347993827161,16.071428571428573,False,N,True
300057,B64,0,68,14,13,56,3,6.507532407407408,7.287435185185186,6.897483796296297,16.071428571428573,False,N,True
300060,B64,0,68,14,12,56,3,6.548895061728396,7.311450617283951,6.930172839506173,16.071428571428573,False,N,True
300061,B64,0,68,14,12,56,3,6.558520061728395,7.3258425925925925,6.942181327160494,16.071428571428573,False,N,True
300062,B64,0,68,14,12,56,3,6.570631172839507,7.345771604938272,6.958201388888889,16.071428571428573,False,N,True
300063,B64,0,68,14,12,56,3,6.589520061728395,7.376916666666667,6.983218364197531,16.071428571428573,False,N,True
300063,B9,1,101,17,18,86,5,6.027777777777778,4.833333333333333,5.430555555555555,10.465116279069768,False,W,True
300064,B64,0,68,15,12,56,3,6.605555555555555,7.405555555555555,7.0055555555555555,16.071428571428573,False,N,True
300064,B9,1,101,17,18,86,5,6.058913580246913,4.86962962962963,5.464271604938272,10.465116279069768,False,W,True
300064,X27,1,40,0,15,32,2,,6.0855802469135805,6.0855802469135805,28.125,False,S,True
300064,X37,1,15,0,11,15,0,,7.711056268509378,7.711056268509378,60.0,False,S,True
300065,B64,0,68,15,12,56,3,6.549777777777778,7.418888888888889,6.984333333333334,16.071428571428573,False,N,True
300065,B9,1,101,17,18,86,5,6.08825,4.9020370370370365,5.4951435185185185,10.465116279069768,False,W,True
300066,B64,0,68,15,12,56,3,6.493688271604938,7.432592592592593,6.963140432098766,16.071428571428573,False,N,True
300066,B9,1,101,17,18,86,6,6.120521604938272,4.935740740740741,5.528131172839506,10.465116279069768,False,W,True
300066,X27,1,40,0,15,32,2,,6.133814814814815,6.133814814814815,28.125,False,S,True
300066,X37,1,15,0,11,15,0,,7.700502283105023,7.700502283105023,60.0,False,S,True
300067,B64,0,68,15,12,56,3,6.439283950617284,7.446666666666667,6.942975308641976,16.071428571428573,False,N,True
300067,B9,1,101,17,18,86,6,6.1548796296296295,4.970092592592593,5.562486111111111,10.465116279069768,False,W,True
300068,B64,0,68,15,12,56,3,6.406320987654321,7.455555555555555,6.930938271604939,16.071428571428573,False,N,True
300068,B9,1,101,17,18,86,6,6.177154320987654,4.991481481481482,5.584317901234568,10.465116279069768,False,W,True
300071,B64,1,68,11,12,56,3,8.541037037037036,7.480962962962963,8.011000000000001,16.071428571428573,False,S,True
300071,B9,0,101,20,16,87,2,4.578888888888889,6.305555555555555,5.442222222222223,10.344827586206897,False,E,True
300071,X27,0,41,24,2,38,0,5.416057098765433,29.113433080453312,11.289652830977086,23.68421052631579,False,N,True
300071,X37,0,18,14,0,18,0,4.104547287759629,,4.104547287759629,50.0,False,N,True
300073,B64,1,68,12,12,56,3,8.539376543209876,7.462364197530864,8.00087037037037,16.071428571428573,False,S,True
300073,B9,0,101,20,16,87,2,4.588703703703703,6.207777777777777,5.398240740740741,10.344827586206897,False,E,True
300073,X27,0,41,24,2,38,0,5.298080246913581,28.22495430033818,11.085739253824324,23.68421052631579,False,N,True
300073,X37,0,18,14,0,18,0,4.161642501356217,,4.161642501356217,50.0,False,N,True
300074,B64,1,68,12,12,56,3,8.480487654320987,7.460388888888889,7.970438271604938,16.071428571428573,False,S,True
300074,B9,0,101,20,16,87,2,4.594444444444445,6.15,5.372222222222222,10.344827586206897,False,E,True
300075,B64,1,68,12,12,56,3,8.416666666666666,7.466666666666667,7.941666666666666,16.071428571428573,False,S,True
300075,B9,0,101,20,16,87,2,4.600740740740741,6.086666666666667,5.343703703703704,10.344827586206897,False,E,True
300076,B64,1,68,12,12,56,3,8.369351851851851,7.481149691358024,7.925250771604938,16.071428571428573,False,S,True
300077,B64,1,68,12,12,56,3,8.328518518518518,7.494075617283951,7.911297067901234,16.071428571428573,False,S,True
300078,B64,1,68,12,13,56,3,8.268888888888888,7.446055555555556,7.857472222222222,16.071428571428573,False,S,True
300079,B64,1,68,12,13,56,3,8.244259259259259,7.401050925925926,7.822655092592593,16.071428571428573,False,S,True
300080,B64,1,68,12,12,56,3,8.17425925925926,7.375927469135802,7.775093364197531,16.071428571428573,False,S,True
300082,B64,1,68,12,12,56,3,8.086111111111112,7.40432098765432,7.745216049382717,16.071428571428573,False,S,True
300084,B64,1,68,12,12,56,3,8.074481481481481,7.431853395061728,7.753167438271605,16.071428571428573,False,S,True
300085,B64,1,68,12,12,56,3,8.082638888888889,7.448358024691358,7.765498456790124,16.071428571428573,False,S,True
300086,B64,1,68,12,12,56,3,8.088888888888889,7.461111111111111,7.775,16.071428571428573,False,S,True
300087,B64,1,68,12,12,55,3,8.082407407407407,7.471530864197531,7.776969135802469,16.363636363636363,False,S,True
300088,B64,1,68,12,12,55,3,8.077407407407408,7.481179012345679,7.779293209876543,16.363636363636363,False,S,True
300089,B64,1,68,12,12,55,3,8.072222222222221,7.492592592592592,7.782407407407407,16.363636363636363,False,S,True
300090,B64,1,68,12,12,55,3,8.067222222222222,7.504925925925926,7.786074074074074,16.363636363636363,False,S,True
300091,B64,1,68,12,13,55,3,8.062222222222223,7.490814814814815,7.776518518518518,16.363636363636363,False,S,True
300092,B64,1,68,12,13,55,3,8.054907407407407,7.391095679012346,7.723001543209876,16.363636363636363,False,S,True
300093,B64,1,68,12,12,55,3,8.047592592592592,7.330202160493827,7.68889737654321,16.363636363636363,False,S,True
300094,B1,1,113,25,19,94,7,3.8904012345679013,4.648148148148149,4.269274691358024,9.574468085106384,True,E,True
300094,B64,1,68,12,12,55,3,8.044814814814815,7.3361373456790115,7.690476080246913,16.363636363636363,False,S,True
300095,B1,1,113,25,19,94,7,3.856990740740741,4.675462962962963,4.266226851851852,9.574468085106384,True,E,True
300095,B64,1,68,12,12,55,3,8.038888888888888,7.35,7.694444444444445,16.363636363636363,False,S,True
300095,X28,1,36,0,16,31,1,,6.2135895061728394,6.2135895061728394,29.032258064516128,False,S,True
300095,X38,1,14,0,11,14,0,,8.034655706456993,8.034655706456993,64.28571428571429,False,S,True
300096,B1,1,113,24,20,94,7,3.8635385802469133,4.656666666666666,4.26010262345679,9.574468085106384,True,E,True
300097,B1,1,113,24,20,94,7,3.8759506172839506,4.635555555555555,4.2557530864197535,9.574468085106384,True,E,True
300098,B1,1,113,24,20,94,7,3.894012345679012,4.5996296296296295,4.246820987654321,9.574468085106384,True,E,True
300099,B1,1,113,24,20,94,7,3.905555555555556,4.572222222222222,4.238888888888889,9.574468085106384,True,E,True
300100,B1,1,113,24,19,93,7,3.9118518518518517,4.561111111111112,4.236481481481482,9.67741935483871,True,E,True
300101,B1,1,113,24,19,93,7,3.9199074074074076,4.618333333333334,4.269120370370371,9.67741935483871,True,E,True
300102,B1,1,113,24,20,93,7,3.9275,4.638888888888888,4.283194444444445,9.67741935483871,True,E,True
300103,B1,1,113,24,20,93,7,3.9801311728395063,4.610277777777778,4.295204475308641,9.67741935483871,True,E,True
300104,B1,1,113,24,20,93,7,3.985219135802469,4.581666666666666,4.283442901234568,9.67741935483871,True,E,True
300105,B1,1,113,24,20,93,7,3.9881944444444444,4.554166666666666,4.2711805555555555,9.67741935483871,True,E,True
300106,B1,1,113,24,19,93,7,3.9871574074074076,4.55212962962963,4.269643518518519,9.67741935483871,True,E,True
300107,B1,1,113,23,20,92,7,3.977222222222222,4.598333333333333,4.2877777777777775,9.782608695652174,True,E,True
300107,B4,0,54,10,11,43,4,9.508779320987655,9.012239197530866,9.26050925925926,20.930232558139537,False,E,True
300109,B1,1,113,23,20,92,7,4.038333333333333,4.577962962962963,4.308148148148148,9.782608695652174,True,E,True
300109,B4,0,54,10,11,43,4,9.532569444444444,8.881134259259259,9.206851851851853,20.930232558139537,False,E,True
300110,B1,1,113,23,20,92,7,4.069444444444445,4.567592592592592,4.318518518518518,9.782608695652174,True,E,True
300110,B4,0,54,10,11,43,4,9.544816358024692,8.816033950617284,9.180425154320988,20.930232558139537,False,E,True
300111,B1,1,113,23,20,92,7,4.106111111111111,4.55537037037037,4.33074074074074,9.782608695652174,True,E,True
300111,B4,0,54,10,11,43,4,9.558557098765432,8.740873456790125,9.149715277777778,20.930232558139537,False,E,True
300113,B1,1,113,24,19,92,6,4.128765432098765,4.54,4.334382716049382,9.782608695652174,True,E,True
300114,B1,1,113,23,20,92,6,4.1150015432098765,4.564444444444445,4.339722993827161,9.782608695652174,True,E,True
300115,B1,1,113,23,20,92,6,4.127347222222222,4.559259259259259,4.343303240740741,9.782608695652174,True,E,True
300116,B1,1,113,23,20,91,6,4.136581790123457,4.554814814814815,4.345698302469136,9.89010989010989,True,E,True
300117,B1,1,113,23,20,91,6,4.182722222222222,4.5303703703703695,4.356546296296297,9.89010989010989,True,E,True
300117,B36,1,128,31,23,109,6,3.174259259259259,4.007962962962963,3.591111111111111,8.256880733944953,True,W,True
300117,B4,0,54,10,11,43,4,9.681802469135802,8.618998456790125,9.150400462962962,20.930232558139537,False,E,True
300118,B1,1,113,22,20,91,7,4.232,4.518425925925926,4.375212962962963,9.89010989010989,True,E,True
300118,B36,1,128,31,23,109,6,3.178561728395062,3.995648148148148,3.587104938271605,8.256880733944953,True,W,True
300118,B4,0,54,10,11,43,4,9.705001543209876,8.568016975308641,9.13650925925926,20.930232558139537,False,E,True
300119,B1,1,113,22,19,91,7,4.272166666666666,4.5391666666666675,4.405666666666666,9.89010989010989,True,E,True
300120,B1,1,113,22,20,91,7,4.355766975308642,4.560740740740741,4.458253858024691,9.89010989010989,True,E,True
300122,B1,0,123,20,18,95,7,4.503868827160494,4.994351851851851,4.749110339506173,9.473684210526315,True,W,True
300122,B68,1,111,17,21,92,7,5.534296296296296,4.302044753086419,4.918170524691358,9.782608695652174,True,S,True
300123,B1,1,120,27,20,98,7,4.1366404320987655,4.54,4.338320216049382,9.183673469387756,True,E,True
300123,B68,0,111,16,21,91,7,5.912412037037037,4.28749537037037,5.0999537037037035,9.89010989010989,True,N,True
300124,B1,1,120,26,20,98,7,4.228001543209876,4.5334259259259255,4.380713734567902,9.183673469387756,True,E,True
300124,B68,0,111,16,21,91,7,5.8900246913580245,4.290024691358025,5.090024691358025,9.89010989010989,True,N,True
300126,B1,1,120,27,20,98,7,4.3100000000000005,4.523666666666667,4.416833333333333,9.183673469387756,True,E,True
300127,B1,1,120,27,20,98,7,4.302037037037037,4.5196404320987655,4.410838734567902,9.183673469387756,True,E,True
300128,B1,1,120,27,20,98,7,4.297222222222222,4.5176388888888885,4.407430555555555,9.183673469387756,True,E,True
300129,B1,1,120,27,19,98,7,4.292037037037037,4.5275,4.4097685185185185,9.183673469387756,True,E,True
300130,B1,1,120,27,19,98,7,4.28388888888889,4.564166666666667,4.424027777777778,9.183673469387756,True,E,True
300130,B49,1,91,15,17,73,8,6.2085185185185185,5.473927469135803,5.84122299382716,12.32876712328767,False,S,True
300131,B1,1,120,27,20,98,7,4.278333333333333,4.564166666666667,4.42125,9.183673469387756,True,E,True
300131,B49,1,91,15,17,73,8,6.230740740740741,5.460160493827161,5.845450617283951,12.32876712328767,False,S,True
300132,B1,1,120,27,20,98,7,4.273888888888889,4.561944444444444,4.417916666666667,9.183673469387756,True,E,True
300132,B49,1,91,15,17,73,8,6.24925925925926,5.449496913580247,5.849378086419753,12.32876712328767,False,S,True
300135,B1,1,120,26,20,98,7,4.2787037037037035,4.552037037037037,4.41537037037037,9.183673469387756,True,E,True
300135,B49,1,91,15,17,73,8,6.33074074074074,5.404003086419753,5.8673719135802465,12.32876712328767,False,S,True
300136,B1,1,120,26,20,98,7,4.288888888888889,4.55,4.419444444444445,9.183673469387756,True,E,True
300137,B2,0,61,10,13,48,1,9.977777777777778,7.366666666666666,8.672222222222222,18.75,False,E,True
300138,B2,0,61,10,13,48,1,9.944131172839507,7.295566358024691,8.6198487654321,18.75,False,E,True
300138,B31,1,65,10,15,50,3,9.181662037037036,6.135777777777777,7.6587199074074075,18.0,False,E,True
300139,B2,0,61,10,12,48,1,9.908842592592594,7.302111111111111,8.60547685185185,18.75,False,E,True
300139,B31,1,65,10,15,50,3,9.190131172839505,6.155913580246914,7.67302237654321,18.0,False,E,True
300140,B2,0,61,10,12,48,1,9.868992283950616,7.313793209876542,8.59139274691358,18.75,False,E,True
300140,B31,1,65,10,15,50,3,9.198604938271606,6.178901234567902,7.688753086419753,18.0,False,E,True
300143,B2,0,61,10,12,47,2,9.775223765432099,7.349240740740741,8.56223225308642,19.148936170212767,False,E,True
300143,B31,1,65,10,15,50,3,9.21563888888889,6.162783950617284,7.689211419753087,18.0,False,E,True
300146,B2,0,61,10,12,47,2,9.677777777777777,7.394444444444445,8.53611111111111,19.148936170212767,False,E,True
300146,B31,1,65,11,15,50,3,9.144444444444444,6.155555555555555,7.65,18.0,False,E,True
300147,B2,0,61,10,12,47,2,9.651586419753086,7.406919753086419,8.529253086419754,19.148936170212767,False,E,True
300147,B31,1,65,11,15,50,3,9.112296296296297,6.159351851851852,7.635824074074074,18.0,False,E,True
300148,B2,0,61,10,12,47,2,9.61846450617284,7.423513888888889,8.520989197530865,19.148936170212767,False,E,True
300150,B2,0,61,10,12,47,2,9.553185185185185,7.455962962962962,8.504574074074075,19.148936170212767,False,E,True
300151,B2,0,61,10,12,47,2,9.520604938271605,7.472379629629629,8.496492283950618,19.148936170212767,False,E,True
300152,B2,0,61,10,13,47,2,9.487135802469137,7.4339506172839505,8.460543209876542,19.148936170212767,False,E,True
300153,B2,0,61,10,13,47,2,9.470135802469136,7.410972222222223,8.440554012345679,19.148936170212767,False,E,True
300154,B2,0,61,10,13,47,2,9.417530864197532,7.343683641975308,8.380607253086419,19.148936170212767,False,E,True
300155,B2,0,61,10,13,47,2,9.364141975308643,7.277864197530864,8.321003086419754,19.148936170212767,False,E,True
300157,B2,0,61,10,12,47,2,9.305194444444444,7.25,8.277597222222221,19.148936170212767,False,E,True
300158,B2,0,61,9,12,47,2,9.312625,7.267037037037038,8.289831018518518,19.148936170212767,False,E,True
300159,B2,0,61,9,12,47,2,9.366666666666667,7.283333333333333,8.325,19.148936170212767,False,E,True
300163,B41,0,118,21,21,103,4,5.464444444444444,4.947276234567901,5.205860339506173,8.737864077669903,True,N,True
300163,B46,0,139,22,20,102,9,4.274444444444444,5.036574074074074,4.65550925925926,8.823529411764707,True,N,True
300163,B9,1,95,22,18,86,1,4.178240740740741,4.995827160493827,4.5870339506172835,10.465116279069768,False,W,True
300164,B2,1,65,13,12,52,1,8.61111111111111,7.455555555555555,8.033333333333333,17.307692307692307,False,W,True
300165,B2,1,65,13,12,52,1,8.565240740740741,7.455898148148148,8.010569444444444,17.307692307692307,False,W,True
300166,B2,1,65,13,12,52,1,8.531072530864197,7.45683024691358,7.993951388888889,17.307692307692307,False,W,True
300168,B2,1,65,13,12,52,1,8.460787037037038,7.461958333333333,7.961372685185185,17.307692307692307,False,W,True
300169,B2,1,65,13,12,52,1,8.428796296296296,7.466805555555555,7.947800925925926,17.307692307692307,False,W,True
300170,B2,1,65,13,12,52,1,8.410655864197532,7.470825617283951,7.940740740740741,17.307692307692307,False,W,True
300171,B2,1,65,13,12,52,1,8.396604938271604,7.475154320987654,7.935879629629629,17.307692307692307,False,W,True
300172,B2,1,65,14,12,52,1,8.351762345679012,7.480393518518519,7.916077932098765,17.307692307692307,False,W,True
300173,B2,1,65,14,12,53,1,8.276080246913581,7.48641975308642,7.88125,16.9811320754717,False,W,True
300174,B2,1,65,14,12,53,1,8.208490740740741,7.492723765432099,7.85060725308642,16.9811320754717,False,W,True
300175,B2,1,65,14,13,53,1,8.13888888888889,7.5,7.819444444444445,16.9811320754717,False,W,True
300175,B31,0,69,16,12,53,3,6.811111111111112,7.472222222222222,7.141666666666667,16.9811320754717,False,W,True
300178,B2,1,65,14,13,53,1,7.9130617283950615,7.356733024691358,7.6348973765432095,16.9811320754717,False,W,True
300178,B31,0,69,16,12,53,3,6.6322777777777775,7.477027777777778,7.054652777777777,16.9811320754717,False,W,True
300181,B2,1,65,14,12,53,1,7.704259259259259,7.335901234567901,7.52008024691358,16.9811320754717,False,W,True
300181,B31,0,69,17,12,53,3,6.380402777777777,7.488728395061728,6.934565586419753,16.9811320754717,False,W,True
300182,B2,1,65,14,12,53,1,7.494382716049383,7.347833333333333,7.4211080246913586,16.9811320754717,False,W,True
300182,B31,0,69,17,12,54,3,6.095723765432099,7.431333333333333,6.763528549382716,16.666666666666668,False,W,True
300183,B2,1,65,14,12,53,1,7.405555555555555,7.355555555555555,7.3805555555555555,16.9811320754717,False,W,True
300183,B31,1,65,10,15,50,3,9.166666666666666,6.105555555555555,7.636111111111111,18.0,False,E,True
300184,B3,0,127,21,21,103,5,4.661111111111111,4.311111111111112,4.486111111111112,8.737864077669903,True,E,True
300184,B64,0,68,14,11,56,2,7.355555555555555,7.616666666666666,7.486111111111112,16.071428571428573,False,N,True
300185,B3,0,127,21,21,103,5,4.621574074074074,4.304462962962963,4.463018518518519,8.737864077669903,True,E,True
300186,B3,0,127,20,21,103,5,4.592592592592593,4.299012345679013,4.445802469135803,8.737864077669903,True,E,True
300187,B3,0,127,21,21,102,5,4.631441358024691,4.297726851851851,4.464584104938272,8.823529411764707,True,E,True
300188,B3,0,127,20,21,102,5,4.625462962962962,4.297564814814815,4.461513888888889,8.823529411764707,True,E,True
300189,B3,0,127,21,21,103,5,4.627777777777778,4.3,4.463888888888889,8.737864077669903,True,E,True
300189,B4,0,54,11,11,43,4,9.655555555555557,9.127777777777776,9.391666666666667,20.930232558139537,False,E,True
300190,B3,0,127,21,22,103,5,4.612098765432099,4.253773148148148,4.432935956790123,8.737864077669903,True,E,True
300191,B3,0,127,21,21,103,5,4.603180555555555,4.252087962962963,4.42763425925926,8.737864077669903,True,E,True
300194,B3,0,127,21,21,103,5,4.555037037037037,4.270611111111111,4.4128240740740745,8.737864077669903,True,E,True
300195,B3,0,127,21,21,103,5,4.525413580246914,4.285004629629629,4.405209104938272,8.737864077669903,True,E,True
300196,B3,0,127,21,22,103,5,4.538995370370371,4.274246913580247,4.406621141975308,8.737864077669903,True,E,True
300197,B3,0,127,21,22,103,5,4.556074074074074,4.208962962962963,4.382518518518519,8.737864077669903,True,E,True
300198,B3,0,127,21,22,103,5,4.561351851851852,4.174736111111111,4.368043981481481,8.737864077669903,True,E,True
300199,B3,0,127,21,21,104,5,4.565337962962962,4.201026234567902,4.383182098765432,8.653846153846153,True,E,True
300200,B3,0,127,21,21,104,5,4.561111111111112,4.227777777777778,4.394444444444445,8.653846153846153,True,E,True
300201,B3,0,127,21,22,103,5,4.535277777777778,4.25241512345679,4.393846450617284,8.737864077669903,True,E,True
300203,B3,0,127,22,22,103,5,4.422728395061728,4.147692901234568,4.285210648148149,8.737864077669903,True,E,True
300205,B3,0,127,21,22,103,5,4.427222222222222,4.247341049382716,4.337281635802469,8.737864077669903,True,E,True
300206,B3,0,127,21,22,103,6,4.439444444444445,4.211203703703704,4.325324074074074,8.737864077669903,True,E,True
300207,B3,0,127,22,22,103,6,4.444753086419753,4.165262345679013,4.305007716049383,8.737864077669903,True,E,True
300208,B3,0,127,22,22,104,6,4.427777777777778,4.144444444444444,4.286111111111111,8.653846153846153,True,E,True
300209,B3,0,127,22,21,104,6,4.402879629629629,4.126890432098765,4.264885030864197,8.653846153846153,True,E,True
300210,B3,0,127,22,21,104,6,4.383157407407407,4.151774691358025,4.267466049382716,8.653846153846153,True,E,True
300211,B3,0,127,22,21,104,6,4.367098765432099,4.171083333333333,4.269091049382715,8.653846153846153,True,E,True
300212,B3,0,127,22,21,104,6,4.349853395061729,4.1914444444444445,4.270648919753087,8.653846153846153,True,E,True
300213,B3,0,127,22,22,103,6,4.318069444444444,4.193481481481482,4.255775462962963,8.737864077669903,True,E,True
300214,B3,0,127,22,22,103,6,4.272506172839505,4.162154320987654,4.21733024691358,8.737864077669903,True,E,True
300215,B3,0,127,22,22,103,6,4.279010802469135,4.14783950617284,4.213425154320988,8.737864077669903,True,E,True
300216,B3,0,127,22,22,103,6,4.282875000000001,4.140033950617284,4.211454475308642,8.737864077669903,True,E,True
300218,B3,0,127,22,22,103,6,4.287916666666666,4.124695987654321,4.206306327160494,8.737864077669903,True,E,True
300219,B3,0,127,22,21,103,6,4.288654320987654,4.136578703703703,4.212616512345679,8.737864077669903,True,E,True
300220,B3,0,127,22,22,103,6,4.288888888888889,4.1611111111111105,4.225,8.737864077669903,True,E,True
300222,B3,0,127,22,22,104,6,4.279814814814815,4.152925925925926,4.21637037037037,8.653846153846153,True,E,True
300222,B47,0,99,19,17,79,5,4.963865740740741,5.2560416666666665,5.109953703703704,11.39240506329114,False,N,True
300223,B3,0,127,22,22,104,6,4.275740740740741,4.1498533950617285,4.212797067901234,8.653846153846153,True,E,True
300223,B47,0,99,19,17,79,5,4.949087962962963,5.275837962962963,5.112462962962963,11.39240506329114,False,N,True
300224,B3,0,127,23,22,104,6,4.259854938271605,4.147246913580247,4.203550925925926,8.653846153846153,True,E,True
300224,B47,0,99,19,18,79,5,4.935125,5.25688888888889,5.0960069444444445,11.39240506329114,False,N,True
300225,B3,0,127,23,22,104,6,4.227777777777778,4.144444444444444,4.186111111111111,8.653846153846153,True,E,True
300226,B3,0,127,23,22,104,6,4.204,4.136672839506173,4.170336419753086,8.653846153846153,True,E,True
300227,B3,0,127,23,22,104,6,4.190347222222222,4.133395061728395,4.1618711419753085,8.653846153846153,True,E,True
300228,B3,0,127,22,22,104,6,4.1798117283950615,4.128337962962963,4.154074845679012,8.653846153846153,True,E,True
300229,B3,0,127,22,22,104,6,4.194444444444445,4.127777777777777,4.1611111111111105,8.653846153846153,True,E,True
300240,B3,1,133,28,21,110,6,3.433333333333333,4.222222222222222,3.8277777777777775,8.181818181818182,True,W,True
300241,B3,1,133,28,21,110,6,3.433333333333333,4.231888888888888,3.8326111111111114,8.181818181818182,True,W,True
300242,B3,1,133,28,22,110,6,3.433333333333333,4.252555555555555,3.842944444444444,8.181818181818182,True,W,True
300244,B3,1,133,28,22,110,6,3.433333333333333,4.205555555555556,3.819444444444444,8.181818181818182,True,W,True
300245,B3,1,133,28,22,110,6,3.433333333333333,4.1755555555555555,3.8044444444444445,8.181818181818182,True,W,True
300245,B47,1,99,18,18,79,5,5.457962962962963,5.055555555555555,5.256759259259259,11.39240506329114,False,S,True
300246,B3,1,133,28,21,110,6,3.433333333333333,4.167037037037037,3.8001851851851853,8.181818181818182,True,W,True
300246,B47,1,99,18,18,80,5,5.472777777777778,5.055555555555555,5.264166666666667,11.25,False,S,True
300247,B3,1,133,29,21,110,6,3.4166913580246914,4.1866666666666665,3.801679012345679,8.181818181818182,True,W,True
300247,B47,1,99,18,18,80,5,5.487222222222223,5.055555555555555,5.27138888888889,11.25,False,S,True
300249,B3,1,133,29,21,109,7,3.3666666666666667,4.227777777777778,3.7972222222222225,8.256880733944953,True,W,True
300250,B3,1,133,29,21,109,7,3.348141975308642,4.238725308641976,3.7934336419753083,8.256880733944953,True,W,True
300251,B3,1,133,29,21,110,7,3.3157638888888887,4.259484567901235,3.7876242283950616,8.181818181818182,True,W,True
300252,B3,1,133,28,22,110,6,3.317432098765432,4.235515432098766,3.776473765432099,8.181818181818182,True,W,True
300253,B3,1,133,29,22,110,6,3.3287253086419755,4.2116141975308645,3.77016975308642,8.181818181818182,True,W,True
300254,B3,1,133,29,22,110,6,3.3247037037037037,4.189591049382716,3.7571473765432097,8.181818181818182,True,W,True
300255,B3,1,133,29,21,110,6,3.310185185185185,4.201337962962963,3.7557615740740737,8.181818181818182,True,W,True
300256,B3,1,133,29,21,110,6,3.304654320987654,4.214311728395062,3.7594830246913578,8.181818181818182,True,W,True
300257,B3,1,133,29,21,110,6,3.2956265432098766,4.234182098765432,3.7649043209876543,8.181818181818182,True,W,True
300258,B3,1,133,29,21,110,6,3.287685185185185,4.2515,3.7695925925925926,8.181818181818182,True,W,True
300259,B3,1,133,30,22,110,6,3.2777777777777777,4.227777777777778,3.7527777777777778,8.181818181818182,True,W,True
300260,B3,1,133,29,22,110,6,3.1894444444444447,4.173277777777778,3.681361111111111,8.181818181818182,True,W,True
300261,B3,1,133,29,21,109,6,3.2020370370370372,4.176666666666667,3.689351851851852,8.256880733944953,True,W,True
300262,B3,1,133,29,21,110,6,3.214074074074074,4.205185185185185,3.70962962962963,8.181818181818182,True,W,True
300263,B3,1,133,30,21,110,6,3.2333333333333334,4.25,3.7416666666666667,8.181818181818182,True,W,True
300264,B3,1,133,30,22,110,6,3.2059027777777778,4.256888888888889,3.731395833333333,8.181818181818182,True,W,True
300265,B3,1,133,30,22,110,6,3.1791666666666667,4.216473765432099,3.6978202160493825,8.181818181818182,True,W,True
300266,B3,1,132,29,21,109,6,3.2796296296296297,4.203055555555555,3.7413425925925927,8.256880733944953,True,W,True
300267,B3,1,132,29,21,109,6,3.238888888888889,4.238888888888889,3.738888888888889,8.256880733944953,True,W,True
300268,B3,1,132,29,21,109,6,3.220362654320988,4.252070987654321,3.7362168209876545,8.256880733944953,True,W,True
300270,B3,1,132,28,22,108,6,3.286645061728395,4.240672839506173,3.763658950617284,8.333333333333334,True,W,True
300271,B3,1,132,29,21,108,6,3.3151805555555556,4.20850925925926,3.7618449074074074,8.333333333333334,True,W,True
300273,B3,1,132,29,21,108,6,3.304140432098765,4.225617283950617,3.7648788580246917,8.333333333333334,True,W,True
300274,B3,1,132,29,21,108,6,3.2949675925925925,4.237319444444444,3.7661435185185184,8.333333333333334,True,W,True
300275,B3,1,132,29,21,108,6,3.284476851851852,4.250938271604938,3.767707561728395,8.333333333333334,True,W,True
300276,B3,1,132,29,21,108,6,3.2684691358024693,4.268634259259259,3.7685516975308646,8.333333333333334,True,W,True
300277,B3,1,132,28,22,109,6,3.2962345679012346,4.249675925925926,3.7729552469135803,8.256880733944953,True,W,True
300278,B3,1,132,28,22,108,7,3.3222191358024693,4.220432098765432,3.7713256172839507,8.333333333333334,True,W,True
300280,B3,1,132,28,21,108,7,3.3985185185185185,4.225277777777778,3.811898148148148,8.333333333333334,True,W,True
300281,B3,1,132,29,21,108,7,3.411111111111111,4.241666666666666,3.826388888888889,8.333333333333334,True,W,True
300282,B3,1,132,28,21,108,7,3.384814814814815,4.26,3.822407407407407,8.333333333333334,True,W,True
300283,B3,1,132,28,22,108,7,3.388888888888889,4.272222222222222,3.8305555555555557,8.333333333333334,True,W,True
300283,B64,1,68,12,12,55,4,7.838888888888889,7.433333333333334,7.636111111111111,16.363636363636363,False,S,True
300284,B4,0,54,9,9,43,3,11.46111111111111,10.572222222222223,11.016666666666667,20.930232558139537,False,E,True
300285,B4,0,54,9,9,43,3,11.318722222222222,10.587777777777777,10.95325,20.930232558139537,False,E,True
300286,B4,0,54,9,9,43,3,11.195362654320986,10.600925925925926,10.898144290123458,20.930232558139537,False,E,True
300287,B4,0,54,10,10,43,3,11.056194444444445,10.565833333333334,10.811013888888889,20.930232558139537,False,E,True
300288,B4,0,54,9,10,43,3,10.966666666666667,10.46111111111111,10.71388888888889,20.930232558139537,False,E,True
300289,B4,0,54,9,10,43,3,10.972222222222223,10.376851851851852,10.674537037037036,20.930232558139537,False,E,True
300290,B4,0,54,9,10,43,3,10.978796296296297,10.276944444444444,10.62787037037037,20.930232558139537,False,E,True
300291,B4,0,54,9,10,43,3,10.988611111111112,10.12888888888889,10.55875,20.930232558139537,False,E,True
300292,B4,0,54,9,10,43,3,10.992777777777778,10.065092592592594,10.528935185185185,20.930232558139537,False,E,True
300293,B4,0,54,9,10,43,3,11.0,9.955555555555556,10.477777777777778,20.930232558139537,False,E,True
300294,B4,0,54,9,10,43,3,10.999175925925925,9.828212962962963,10.413694444444445,20.930232558139537,False,E,True
300295,B4,0,54,9,10,43,3,11.001157407407408,9.733217592592592,10.3671875,20.930232558139537,False,E,True
300296,B4,0,54,9,10,43,3,11.003509259259259,9.643444444444444,10.323476851851852,20.930232558139537,False,E,True
300297,B4,0,54,9,10,43,3,11.00758950617284,9.573422839506174,10.290506172839507,20.930232558139537,False,E,True
300298,B4,0,54,10,10,44,3,10.959746913580245,9.591472222222222,10.275609567901235,20.454545454545453,False,E,True
300299,B4,0,54,10,10,44,3,10.899291666666667,9.576111111111112,10.237701388888889,20.454545454545453,False,E,True
300300,B4,0,54,10,10,44,3,10.778612654320987,9.552808641975309,10.165710648148147,20.454545454545453,False,E,True
300301,B4,0,54,10,10,44,3,10.726166666666668,9.542646604938273,10.134406635802469,20.454545454545453,False,E,True
300302,B4,0,54,10,10,44,3,10.66111111111111,9.533333333333333,10.097222222222223,20.454545454545453,False,E,True
300303,B4,0,54,10,10,44,3,10.556001543209875,9.509103395061727,10.032552469135801,20.454545454545453,False,E,True
300304,B4,0,54,10,10,44,3,10.464376543209877,9.491635802469137,9.978006172839507,20.454545454545453,False,E,True
300305,B4,0,54,10,10,43,3,10.371791666666667,9.47613425925926,9.923962962962964,20.930232558139537,False,E,True
300306,B4,0,54,10,10,43,3,10.267135802469136,9.465148148148149,9.866141975308642,20.930232558139537,False,E,True
300307,B4,0,54,10,10,43,3,10.203432098765433,9.459882716049382,9.831657407407409,20.930232558139537,False,E,True
300308,B4,0,54,10,10,43,3,10.136302469135803,9.45558487654321,9.795943672839506,20.930232558139537,False,E,True
300309,B4,0,54,10,11,43,4,10.05433487654321,9.421001543209877,9.737668209876544,20.930232558139537,False,E,True
300310,B4,0,54,10,11,43,4,9.964075617283951,9.305621913580246,9.6348487654321,20.930232558139537,False,E,True
300311,B4,0,54,11,11,43,4,9.836444444444444,9.22961111111111,9.533027777777779,20.930232558139537,False,E,True
300319,B4,0,54,10,10,43,4,9.601024691358024,8.620719135802469,9.110871913580246,20.930232558139537,False,E,True
300320,B4,0,54,10,10,43,4,9.61983950617284,8.6960987654321,9.15796913580247,20.930232558139537,False,E,True
300322,B4,0,54,10,11,43,4,9.647555555555556,8.681305555555555,9.164430555555555,20.930232558139537,False,E,True
300323,B4,0,54,10,11,43,4,9.666666666666666,8.655555555555557,9.16111111111111,20.930232558139537,False,E,True
300326,B4,0,54,10,11,43,4,9.720972222222223,8.544097222222224,9.132534722222223,20.930232558139537,False,E,True
300328,B4,0,54,10,11,43,4,9.753199074074073,8.503763888888889,9.128481481481481,20.930232558139537,False,E,True
300329,B4,0,54,10,11,44,4,9.7772237654321,8.482078703703703,9.1296512345679,20.454545454545453,False,E,True
300332,B4,0,54,10,12,43,4,9.865873456790125,8.159552469135802,9.012712962962961,20.930232558139537,False,E,True
300332,B49,0,91,17,16,75,4,5.232481481481482,5.744074074074074,5.488277777777778,12.0,False,N,True
300334,B4,0,54,11,12,43,4,9.739966049382717,7.93628549382716,8.83812577160494,20.930232558139537,False,E,True
300334,B49,0,91,17,16,75,4,5.274925925925926,5.756111111111111,5.515518518518519,12.0,False,N,True
300335,B4,0,54,11,12,43,4,9.595086419753086,7.828837962962963,8.711962191358024,20.930232558139537,False,E,True
300335,B49,0,91,17,16,75,4,5.292777777777777,5.762037037037037,5.5274074074074075,12.0,False,N,True
300338,B36,0,133,29,27,112,6,3.5069629629629633,3.4711296296296297,3.489046296296296,8.035714285714286,True,E,True
300338,B4,0,54,10,11,43,4,9.382648148148148,7.925083333333333,8.653865740740741,20.930232558139537,False,E,True
300338,B49,0,91,17,16,75,4,5.3280108024691355,5.775439814814815,5.551725308641975,12.0,False,N,True
300339,B4,1,60,12,10,49,1,8.204875,10.137748456790124,9.171311728395063,18.367346938775512,False,W,True
300347,B44,0,70,10,9,49,4,9.016012345679012,10.470646604938272,9.743329475308643,18.367346938775512,False,N,True
300350,B4,1,60,11,9,48,1,8.61111111111111,10.305555555555555,9.458333333333334,18.75,False,W,True
300351,B44 SBS,0,67,12,12,61,0,7.644444444444445,7.527777777777778,7.586111111111111,14.754098360655737,False,N,True
300356,B4,1,60,12,9,48,1,8.512444444444444,10.218060185185186,9.365252314814816,18.75,False,W,True
300357,B4,1,60,12,9,48,1,8.459283950617284,10.211649691358025,9.335466820987653,18.75,False,W,True
300358,B4,1,60,12,9,48,1,8.397234567901235,10.203827160493827,9.30053086419753,18.75,False,W,True
300361,B36,1,128,31,23,108,7,3.266992283950617,3.9233333333333333,3.5951628086419753,8.333333333333334,True,W,True
300361,B4,1,60,12,10,49,1,8.128194444444444,10.022435185185184,9.075314814814815,18.367346938775512,False,W,True
300362,B36,1,128,31,23,108,7,3.2409444444444446,3.9344444444444444,3.5876944444444443,8.333333333333334,True,W,True
300362,B4,1,60,12,10,49,1,8.075362654320989,9.944745370370372,9.010054012345678,18.367346938775512,False,W,True
300362,B49,1,91,16,17,74,7,6.1579290123456785,5.384393518518519,5.771161265432099,12.162162162162161,False,S,True
300363,B4,1,60,13,10,49,1,8.011111111111111,9.85,8.930555555555555,18.367346938775512,False,W,True
300363,B49,1,96,21,17,79,8,5.483333333333333,5.372222222222222,5.427777777777778,11.39240506329114,False,S,True
300364,B4,1,60,12,10,49,1,7.878470679012346,9.72983487654321,8.804152777777777,18.367346938775512,False,W,True
300364,B49,1,91,16,17,74,8,6.183796296296296,5.363577160493827,5.773686728395062,12.162162162162161,False,S,True
300366,B4,1,60,12,10,49,1,7.86471913580247,9.631587962962962,8.748153549382716,18.367346938775512,False,W,True
300366,B49,1,91,16,16,74,8,6.179537037037037,5.360277777777778,5.769907407407407,12.162162162162161,False,S,True
300368,B4,1,60,12,10,49,1,7.847858024691358,9.466435185185185,8.657146604938271,18.367346938775512,False,W,True
300369,B4,1,60,12,9,49,2,7.841929012345679,9.466583333333334,8.654256172839505,18.367346938775512,False,W,True
300370,B4,1,60,12,9,49,2,7.843293209876544,9.546481481481482,8.694887345679012,18.367346938775512,False,W,True
300372,B4,1,60,12,9,49,2,7.847847222222223,9.625740740740742,8.736793981481481,18.367346938775512,False,W,True
300373,B4,1,60,12,9,49,2,7.852469135802469,9.67308024691358,8.762774691358025,18.367346938775512,False,W,True
300374,B4,1,60,12,10,49,2,7.86087037037037,9.705941358024692,8.783405864197531,18.367346938775512,False,W,True
300377,B4,1,60,13,10,49,2,7.638888888888888,9.56111111111111,8.6,18.367346938775512,False,W,True
300378,B4,1,60,13,10,49,2,7.573382716049383,9.505890432098765,8.539636574074075,18.367346938775512,False,W,True
300379,B4,1,60,13,10,49,2,7.527046296296296,9.46635185185185,8.496699074074074,18.367346938775512,False,W,True
300380,B4,1,60,12,10,49,2,7.535408950617284,9.407074074074075,8.47124151234568,18.367346938775512,False,W,True
300381,B4,1,60,12,10,49,2,7.582419753086421,9.332108024691358,8.457263888888889,18.367346938775512,False,W,True
300388,B4,1,60,14,10,49,2,7.384888888888889,8.514666666666667,7.949777777777778,18.367346938775512,False,W,True
300389,B4,1,60,14,10,49,2,7.294171296296296,8.571055555555555,7.9326134259259256,18.367346938775512,False,W,True
300390,B4,1,60,14,10,49,2,7.217623456790124,8.62545524691358,7.921539351851852,18.367346938775512,False,W,True
300391,B4,1,60,14,10,49,2,7.184828703703704,8.649631172839507,7.917229938271605,18.367346938775512,False,W,True
300393,B4,1,60,13,11,49,2,7.1380185185185185,8.634537037037036,7.886277777777778,18.367346938775512,False,W,True
300394,B4,1,60,13,11,49,2,7.1623827160493825,8.60045524691358,7.881418981481482,18.367346938775512,False,W,True
300395,B4,1,60,13,11,49,2,7.188654320987654,8.570319444444443,7.87948688271605,18.367346938775512,False,W,True
300396,B4,1,60,13,11,49,2,7.2174398148148144,8.541845679012345,7.87964274691358,18.367346938775512,False,W,True
300397,B4,1,60,14,11,49,2,7.238888888888889,8.522222222222222,7.8805555555555555,18.367346938775512,False,W,True
300398,B4,1,60,14,11,49,2,7.176820987654321,8.47954938271605,7.828185185185186,18.367346938775512,False,W,True
300399,B4,1,60,14,11,49,2,7.143311728395061,8.457043209876543,7.800177469135803,18.367346938775512,False,W,True
300400,B4,1,60,14,11,49,2,7.087944444444444,8.421253086419753,7.754598765432099,18.367346938775512,False,W,True
300401,B4,1,60,14,11,50,2,7.0519135802469135,8.398469135802468,7.725191358024691,18.0,False,W,True
300402,B4,1,60,14,11,50,2,7.025175925925926,8.382240740740741,7.703708333333334,18.0,False,W,True
300403,B4,1,60,14,11,50,2,6.994783950617284,8.364351851851852,7.6795679012345675,18.0,False,W,True
300404,B4,1,60,14,12,50,2,6.963100308641975,8.30393364197531,7.633516975308642,18.0,False,W,True
300405,B4,1,60,14,12,50,2,6.940529320987654,8.187418209876544,7.563973765432099,18.0,False,W,True
300406,B4,1,60,14,12,50,2,6.922222222222222,8.077777777777778,7.5,18.0,False,W,True
300407,B4,1,60,14,12,50,2,6.911111111111111,8.000347222222222,7.455729166666667,18.0,False,W,True
300407,B70,0,75,17,14,61,4,5.229449074074074,6.581049382716049,5.9052492283950615,14.754098360655737,False,N,True
300408,B4,1,60,15,11,49,2,6.884166666666667,7.964452160493827,7.4243094135802465,18.367346938775512,False,W,True
300409,B4,1,60,15,11,49,2,6.794444444444445,7.972222222222222,7.383333333333334,18.367346938775512,False,W,True
300410,B4,1,60,14,11,49,2,6.608611111111111,8.03287037037037,7.320740740740741,18.367346938775512,False,W,True
300411,B4,1,60,14,11,49,2,6.622222222222222,8.055555555555555,7.338888888888889,18.367346938775512,False,W,True
300412,B4,1,60,14,11,49,2,6.632777777777777,8.073148148148148,7.352962962962963,18.367346938775512,False,W,True
300413,B4,1,60,14,11,49,2,6.647222222222222,8.097222222222221,7.372222222222222,18.367346938775512,False,W,True
300414,B4,1,60,14,11,49,2,6.668333333333334,8.132407407407408,7.4003703703703705,18.367346938775512,False,W,True
300415,B4,1,60,14,11,49,2,6.685555555555555,8.161111111111111,7.423333333333333,18.367346938775512,False,W,True
300418,B82,0,104,17,16,81,7,5.388055555555556,5.658271604938272,5.523163580246914,11.11111111111111,False,E,True
300418,X28,0,36,15,2,31,0,8.221280864197531,29.571149283693767,13.617466385294865,29.032258064516128,False,N,True
300418,X38,0,15,10,0,15,0,4.954620462046205,,4.954620462046205,60.0,False,N,True
300419,B82,0,104,17,16,81,7,5.392175925925926,5.6637407407407405,5.527958333333333,11.11111111111111,False,E,True
300420,B82,0,104,16,16,81,7,5.405555555555555,5.668466049382716,5.537010802469136,11.11111111111111,False,E,True
300420,X28,0,36,16,2,31,0,8.185679012345679,29.057244916241153,13.534008791864656,29.032258064516128,False,N,True
300420,X38,0,15,10,0,15,0,4.883292809440446,,4.883292809440446,60.0,False,N,True
300421,B6,1,237,44,34,176,16,2.69366512345679,3.400675925925926,3.0471705246913583,5.113636363636363,True,W,True
300421,B82,0,104,17,17,81,7,5.437592592592592,5.636604938271605,5.537098765432099,11.11111111111111,False,E,True
300422,B6,1,237,44,35,176,16,2.716666666666667,3.405555555555556,3.061111111111111,5.113636363636363,True,W,True
300422,B82,0,104,17,17,81,7,5.444675925925925,5.598757716049382,5.521716820987654,11.11111111111111,False,E,True
300422,X28,0,36,16,2,32,0,8.127777777777778,28.642857142857146,13.446502057613168,28.125,False,N,True
300422,X38,0,15,10,0,15,0,4.844827586206896,,4.844827586206896,60.0,False,N,True
300424,B6,0,233,34,40,181,7,3.513388888888889,2.793555555555556,3.1534722222222222,4.972375690607735,True,E,True
300424,B82,0,104,17,17,82,7,5.434907407407407,5.502777777777778,5.468842592592592,10.975609756097562,False,E,True
300424,X28,0,36,16,2,32,0,8.09158024691358,27.780168453292497,13.332773927616977,28.125,False,N,True
300424,X38,0,15,10,0,15,0,4.839599579155836,,4.839599579155836,60.0,False,N,True
300427,B82,0,104,17,16,82,7,5.420836419753086,5.486666666666666,5.453751543209877,10.975609756097562,False,E,True
300427,B82 SBS,0,106,26,23,96,0,3.7643765432098766,4.005361111111111,3.884868827160494,9.375,True,E,True
300428,B6,0,233,36,41,182,7,3.552,2.7391111111111113,3.145555555555555,4.945054945054945,True,E,True
300428,B82,0,104,17,17,81,7,5.412561728395062,5.494685185185186,5.453623456790123,11.11111111111111,False,E,True
300429,B6,0,233,36,41,182,7,3.538888888888889,2.7277777777777774,3.1333333333333333,4.945054945054945,True,E,True
300429,B82,0,104,17,17,81,7,5.406362654320987,5.479768518518518,5.443065586419753,11.11111111111111,False,E,True
300429,B82 SBS,0,106,26,23,96,0,3.717858024691358,3.9609135802469138,3.839385802469136,9.375,True,E,True
300432,B6,0,233,35,41,181,7,3.481672839506173,2.681958333333333,3.081815586419753,4.972375690607735,True,E,True
300432,B82,0,104,16,17,81,7,5.452962962962963,5.460222222222223,5.456592592592593,11.11111111111111,False,E,True
300432,B82 SBS,0,106,26,22,96,0,3.66583487654321,4.015489197530864,3.840662037037037,9.375,True,E,True
300433,B82,0,104,16,17,81,7,5.529351851851852,5.457175925925926,5.493263888888889,11.11111111111111,False,E,True
300434,B82,0,104,17,18,81,7,5.561689814814815,5.416814814814814,5.489252314814816,11.11111111111111,False,E,True
300437,B82,0,104,17,17,81,8,5.525277777777777,5.277638888888889,5.401458333333333,11.11111111111111,False,E,True
300438,B82,0,104,17,17,81,8,5.512222222222222,5.290526234567902,5.401374228395062,11.11111111111111,False,E,True
300440,B82,0,104,17,18,80,8,5.476388888888889,5.309296296296297,5.392842592592592,11.25,False,E,True
300440,B82 SBS,0,106,26,23,96,0,3.7011249999999998,3.9759120370370367,3.8385185185185184,9.375,True,E,True
300441,B82,0,104,17,18,80,8,5.450277777777777,5.265944444444444,5.3581111111111115,11.25,False,E,True
300442,B82,0,104,16,18,80,8,5.454166666666667,5.233743827160494,5.3439552469135805,11.25,False,E,True
300443,B82,0,104,16,18,80,8,5.5175,5.212138888888889,5.364819444444445,11.25,False,E,True
300445,B7,0,58,15,13,57,0,6.147407407407408,6.765753086419753,6.45658024691358,15.789473684210526,False,N,True
300445,B82,0,104,16,19,81,8,5.633333333333334,5.144444444444445,5.388888888888888,11.11111111111111,False,E,True
300445,B82 SBS,0,106,26,23,96,0,3.658666666666667,4.053055555555556,3.855861111111111,9.375,True,E,True
300446,B7,0,58,15,13,57,0,6.160185185185185,6.806450617283951,6.483317901234568,15.789473684210526,False,N,True
300446,B82,0,104,16,19,81,8,5.688958333333333,5.083111111111111,5.386034722222222,11.11111111111111,False,E,True
300447,B82,0,104,17,18,81,8,5.723143518518518,5.076944444444445,5.400043981481482,11.11111111111111,False,E,True
300447,B82 SBS,0,106,26,23,96,0,3.6436435185185183,4.029535493827161,3.8365895061728397,9.375,True,E,True
300448,B7,0,58,15,14,57,0,6.018192901234568,6.797148148148149,6.4076705246913574,15.789473684210526,False,N,True
300448,B82,0,104,17,18,81,8,5.705029320987654,5.118888888888889,5.411959104938272,11.11111111111111,False,E,True
300449,B7,0,58,15,13,57,0,6.066666666666666,6.738888888888889,6.402777777777778,15.789473684210526,False,N,True
300449,B82,0,104,17,19,80,8,5.683333333333334,5.1,5.391666666666667,11.25,False,E,True
300449,B82 SBS,0,106,26,23,96,0,3.6282777777777775,4.0084583333333335,3.8183680555555553,9.375,True,E,True
300450,B7,0,58,15,13,57,0,6.073828703703703,6.760461419753086,6.4171450617283945,15.789473684210526,False,N,True
300450,B82,0,104,17,19,80,8,5.637162037037037,5.06720524691358,5.3521836419753095,11.25,False,E,True
300451,B7,0,58,15,13,57,0,6.082145061728395,6.783305555555556,6.432725308641976,15.789473684210526,False,N,True
300451,B82,0,104,17,19,80,8,5.590614197530864,5.035024691358024,5.312819444444444,11.25,False,E,True
300452,B7,0,58,15,13,57,0,6.090308641975309,6.804135802469136,6.447222222222222,15.789473684210526,False,N,True
300452,B82,0,104,17,19,80,8,5.549753086419753,5.0075617283950615,5.278657407407407,11.25,False,E,True
300455,B7,0,58,15,13,57,0,6.1156095679012346,6.862538580246914,6.4890740740740736,15.789473684210526,False,N,True
300455,B82,0,104,16,19,80,8,5.59,4.938574074074074,5.264287037037037,11.25,False,E,True
300464,B7,1,58,15,14,57,0,6.384271604938272,6.711543209876543,6.547907407407408,15.789473684210526,False,S,True
300464,B82,1,104,16,14,81,5,5.820648148148148,6.473111111111111,6.1468796296296295,11.11111111111111,False,W,True
300465,B7,1,58,15,14,57,0,6.3158765432098765,6.687447530864197,6.501662037037037,15.789473684210526,False,S,True
300465,B82,1,104,17,13,81,5,5.781047839506173,6.52212962962963,6.151588734567901,11.11111111111111,False,W,True
300465,B82 SBS,1,106,24,21,96,0,4.330020061728395,4.318001543209877,4.324010802469136,9.375,True,W,True
300469,B7,1,58,14,14,58,0,6.349907407407408,6.613367283950618,6.481637345679013,15.517241379310345,False,S,True
300469,B82,1,104,16,14,81,5,5.693513888888889,6.511944444444444,6.102729166666666,11.11111111111111,False,W,True
300470,B7,1,58,15,14,58,0,6.35,6.6,6.475,15.517241379310345,False,S,True
300470,B82,1,104,17,14,81,5,5.716666666666667,6.5055555555555555,6.111111111111112,11.11111111111111,False,W,True
300470,B82 SBS,1,106,24,22,97,0,4.298543209876543,4.295802469135803,4.297172839506173,9.278350515463918,True,W,True
300471,B7,1,58,15,14,58,0,6.311117283950618,6.5855848765432095,6.448351080246913,15.517241379310345,False,S,True
300471,B82,1,104,17,14,81,5,5.713456790123457,6.487657407407408,6.1005570987654325,11.11111111111111,False,W,True
300472,B7,1,58,15,14,58,0,6.260432098765432,6.579395061728395,6.419913580246914,15.517241379310345,False,S,True
300472,B82,1,104,17,14,81,5,5.69887037037037,6.470106481481482,6.084488425925926,11.11111111111111,False,W,True
300472,B82 SBS,1,106,24,21,97,0,4.277316358024692,4.2631450617283955,4.270230709876543,9.278350515463918,True,W,True
300473,B7,1,58,15,13,58,0,6.227893518518518,6.5922067901234565,6.410050154320987,15.517241379310345,False,S,True
300473,B82,1,104,17,15,81,5,5.67999537037037,6.369421296296296,6.024708333333334,11.11111111111111,False,W,True
300474,B82,1,104,17,14,80,5,5.65,6.238888888888889,5.944444444444445,11.25,False,W,True
300474,B82 SBS,1,106,25,21,97,0,4.221006172839506,4.326444444444444,4.273725308641975,9.278350515463918,True,W,True
300475,B82,1,104,17,14,80,5,5.640972222222222,6.265898148148149,5.953435185185185,11.25,False,W,True
300476,B82,1,104,17,14,80,5,5.64896913580247,6.28170987654321,5.96533950617284,11.25,False,W,True
300477,B82,1,104,17,14,81,5,5.659641975308642,6.318712962962963,5.989177469135802,11.11111111111111,False,W,True
300478,B82,1,104,17,14,81,5,5.662913580246913,6.348320987654321,6.005617283950617,11.11111111111111,False,W,True
300478,B82 SBS,1,106,24,22,97,0,4.147759259259259,4.330543209876543,4.239151234567902,9.278350515463918,True,W,True
300480,B82,1,104,17,15,81,5,5.660055555555556,6.289819444444444,5.974937499999999,11.11111111111111,False,W,True
300481,B82,1,104,17,15,81,5,5.656200617283951,6.264333333333334,5.960266975308642,11.11111111111111,False,W,True
300482,B82,1,104,17,15,81,5,5.649300925925926,6.232362654320988,5.940831790123457,11.11111111111111,False,W,True
300486,B82,1,104,18,15,81,5,5.5722962962962965,6.1075740740740745,5.839935185185185,11.11111111111111,False,W,True
300488,B6,1,237,45,35,177,15,2.6559382716049384,3.3036790123456794,2.9798086419753087,5.084745762711864,True,W,True
300488,B82,1,104,17,16,81,5,5.55579012345679,6.060983024691358,5.808386574074074,11.11111111111111,False,W,True
300488,B82 SBS,1,106,25,22,96,0,4.1117083333333335,4.377578703703704,4.244643518518519,9.375,True,W,True
300489,B82,1,104,17,15,81,5,5.558719135802469,6.034154320987654,5.7964367283950615,11.11111111111111,False,W,True
300490,B6,1,237,45,36,176,15,2.6454783950617284,3.3039737654320986,2.974726080246914,5.113636363636363,True,W,True
300490,B82,1,104,17,15,80,5,5.563987654320988,6.031819444444445,5.797903549382716,11.25,False,W,True
300491,B6,1,237,44,35,177,15,2.638888888888889,3.305555555555556,2.9722222222222223,5.084745762711864,True,W,True
300491,B82,1,104,17,15,80,5,5.568228395061728,6.030049382716049,5.799138888888889,11.25,False,W,True
300491,B82 SBS,1,106,25,22,96,0,4.065291666666666,4.355942901234568,4.210617283950617,9.375,True,W,True
300492,B6,1,237,44,35,177,15,2.658962962962963,3.3175246913580247,2.988243827160494,5.084745762711864,True,W,True
300492,B82,1,104,17,15,80,5,5.572884259259259,6.02999537037037,5.801439814814815,11.25,False,W,True
300493,B6,1,237,44,34,177,15,2.6733148148148147,3.3297515432098765,3.0015331790123456,5.084745762711864,True,W,True
300493,B82,1,104,17,15,80,5,5.574905864197531,6.031714506172839,5.803310185185185,11.25,False,W,True
300493,B82 SBS,1,106,25,22,97,0,3.978591049382716,4.332007716049383,4.155299382716049,9.278350515463918,True,W,True
300495,B82,1,104,17,15,81,6,5.577131172839506,6.034342592592592,5.805736882716049,11.11111111111111,False,W,True
300495,X28,1,36,0,16,31,1,,6.3854799382716045,6.3854799382716045,29.032258064516128,False,S,True
300495,X38,1,14,0,10,14,0,,8.040536898839138,8.040536898839138,64.28571428571429,False,S,True
300496,B82,1,104,17,15,81,6,5.577648148148148,6.037438271604938,5.807543209876543,11.11111111111111,False,W,True
300496,X28,1,36,0,16,31,1,,6.3972546296296295,6.3972546296296295,29.032258064516128,False,S,True
300496,X38,1,14,0,10,14,0,,8.06378221113882,8.06378221113882,64.28571428571429,False,S,True
300497,B82,1,104,18,16,81,6,5.577777777777778,5.988888888888889,5.783333333333333,11.11111111111111,False,W,True
300497,B82 SBS,1,106,25,22,97,0,4.011111111111111,4.411111111111111,4.211111111111111,9.278350515463918,True,W,True
300499,B82,1,104,18,16,81,6,5.5145,5.920888888888888,5.717694444444445,11.11111111111111,False,W,True
300499,X28,1,36,0,16,31,1,,6.435649691358025,6.435649691358025,29.032258064516128,False,S,True
300499,X38,1,14,0,10,14,0,,8.133665827564506,8.133665827564506,64.28571428571429,False,S,True
300500,B82,1,104,17,16,81,6,5.465407407407407,5.852592592592592,5.659000000000001,11.11111111111111,False,W,True
300501,B82,1,104,17,15,81,6,5.472483024691358,5.811277777777778,5.641880401234568,11.11111111111111,False,W,True
300501,X28,1,36,0,16,31,1,,6.463729938271604,6.463729938271604,29.032258064516128,False,S,True
300501,X38,1,14,0,10,14,0,,8.180499218320868,8.180499218320868,64.28571428571429,False,S,True
300502,B82,1,104,17,15,81,6,5.478828703703703,5.8226003086419755,5.65071450617284,11.11111111111111,False,W,True
300503,B82,1,104,17,15,81,6,5.488186728395062,5.8410370370370375,5.664611882716049,11.11111111111111,False,W,True
300503,X28,1,36,0,16,31,1,,6.488888888888889,6.488888888888889,29.032258064516128,False,S,True
300503,X38,1,14,0,10,14,0,,8.217222363891368,8.217222363891368,64.28571428571429,False,S,True
300515,B6,0,233,35,40,181,7,3.494595679012346,2.6828503086419753,3.0887229938271608,4.972375690607735,True,E,True
300516,B6,0,233,36,40,182,7,3.4731080246913577,2.692342592592593,3.0827253086419755,4.945054945054945,True,E,True
300517,B6,0,233,36,40,182,7,3.450407407407407,2.7073395061728394,3.0788734567901233,4.945054945054945,True,E,True
300519,B6,0,233,37,40,181,7,3.3717175925925926,2.708438271604938,3.0400779320987654,4.972375690607735,True,E,True
300520,B6,0,233,37,40,181,7,3.3475123456790126,2.7195354938271605,3.0335239197530863,4.972375690607735,True,E,True
300521,B6,0,233,37,40,181,7,3.35,2.7277777777777774,3.038888888888889,4.972375690607735,True,E,True
300522,B6,0,233,37,41,182,7,3.3530216049382715,2.680010802469136,3.0165162037037034,4.945054945054945,True,E,True
300523,B6,0,233,37,41,182,7,3.351685185185185,2.660902777777778,3.0062939814814817,4.945054945054945,True,E,True
300524,B6,0,233,37,40,182,7,3.34870987654321,2.667847222222222,3.008278549382716,4.945054945054945,True,E,True
300525,B6,0,233,37,40,182,7,3.34608487654321,2.6745586419753087,3.010321759259259,4.945054945054945,True,E,True
300526,B6,0,233,38,41,182,7,3.3162654320987657,2.6684953703703704,2.992380401234568,4.945054945054945,True,E,True
300527,B11,0,99,19,20,86,2,4.983333333333333,4.605555555555555,4.794444444444445,10.465116279069768,False,E,True
300529,B11,0,99,19,20,86,2,4.951291666666666,4.560780864197531,4.756036265432099,10.465116279069768,False,E,True
300529,B6,0,260,41,48,208,6,3.017172839506173,2.444864197530864,2.7310185185185185,4.326923076923077,True,E,True
300530,B11,0,99,19,20,86,2,4.930183641975308,4.55254475308642,4.7413641975308645,10.465116279069768,False,E,True
300530,B6,0,119,17,18,84,6,5.470072530864198,4.998174382716049,5.234123456790124,10.714285714285714,False,E,True
300532,B11,0,99,19,20,86,2,4.89296450617284,4.549087962962963,4.721026234567901,10.465116279069768,False,E,True
300532,B6,0,119,17,18,84,7,5.427924382716049,5.0007469135802465,5.214335648148149,10.714285714285714,False,E,True
300534,B11,0,99,19,20,86,2,4.865492283950617,4.552904320987654,4.709198302469136,10.465116279069768,False,E,True
300534,B6,0,119,17,18,84,7,5.395841049382716,5.00120987654321,5.198525462962963,10.714285714285714,False,E,True
300535,B11,0,99,18,21,86,2,4.886299382716049,4.538847222222222,4.712573302469136,10.465116279069768,False,E,True
300535,B6,0,119,16,18,84,7,5.426723765432099,5.001783950617284,5.2142538580246915,10.714285714285714,False,E,True
300536,B11,0,99,18,21,86,2,4.992516975308642,4.412756172839506,4.7026365740740745,10.465116279069768,False,E,True
300536,B6,0,260,41,48,208,7,2.915319444444444,2.435462962962963,2.6753912037037035,4.326923076923077,True,E,True
300538,B11,0,99,18,20,86,2,5.021430555555556,4.391753086419754,4.706591820987654,10.465116279069768,False,E,True
300538,B6,0,119,17,18,83,7,5.4636604938271605,5.003555555555555,5.2336080246913586,10.843373493975903,False,E,True
300540,B11,0,99,19,20,85,2,5.065442901234568,4.430950617283951,4.748196759259259,10.588235294117647,False,E,True
300540,B6,0,260,42,48,208,7,2.8986435185185186,2.4021481481481484,2.6503958333333335,4.326923076923077,True,E,True
300541,B6,0,260,42,47,209,7,2.8722222222222222,2.388888888888889,2.6305555555555555,4.30622009569378,True,E,True
300542,B6,0,119,17,18,84,7,5.434777777777778,5.0056311728395055,5.220204475308642,10.714285714285714,False,E,True
300543,B6,0,119,17,18,84,7,5.422444444444445,5.005777777777778,5.214111111111111,10.714285714285714,False,E,True
300544,B6,0,119,17,18,84,7,5.410075617283951,5.005950617283951,5.208013117283951,10.714285714285714,False,E,True
300545,B6,0,119,17,18,84,7,5.397506172839505,5.006302469135803,5.201904320987654,10.714285714285714,False,E,True
300547,B6,0,119,16,18,84,8,5.365958333333333,5.007783950617283,5.186871141975308,10.714285714285714,False,E,True
300548,B6,0,119,16,18,83,8,5.399890432098766,5.008543209876543,5.2042168209876545,10.843373493975903,False,E,True
300549,B6,0,119,16,18,83,8,5.434666666666667,5.009111111111111,5.221888888888889,10.843373493975903,False,E,True
300550,B6,0,119,16,18,83,8,5.4778163580246915,5.010223765432099,5.244020061728395,10.843373493975903,False,E,True
300551,B6,0,260,42,47,208,8,2.789925925925926,2.4259583333333334,2.6079421296296297,4.326923076923077,True,E,True
300552,B6,0,119,17,18,83,8,5.4991666666666665,5.003421296296296,5.251293981481481,10.843373493975903,False,E,True
300553,B6,0,119,17,18,83,8,5.489916666666667,4.999675925925926,5.244796296296297,10.843373493975903,False,E,True
300557,B47,1,99,17,19,79,5,5.820631172839507,5.04799537037037,5.434313271604938,11.39240506329114,False,S,True
300559,B47,1,99,18,19,79,5,5.793026234567901,4.956222222222222,5.374624228395062,11.39240506329114,False,S,True
300559,B6,0,260,42,47,208,7,2.7831543209876544,2.3613425925925924,2.572248456790123,4.326923076923077,True,E,True
300560,B6,0,260,42,47,210,7,2.79666512345679,2.3965,2.596582561728395,4.285714285714286,True,E,True
300560,B82,0,104,16,19,80,8,5.633333333333334,4.8,5.216666666666667,11.25,False,E,True
300560,B82 SBS,0,106,25,22,95,0,3.891320987654321,4.120240740740741,4.005780864197531,9.473684210526315,True,E,True
300563,B6,0,260,42,48,208,7,2.799646604938272,2.4909861111111113,2.6453163580246914,4.326923076923077,True,E,True
300563,B82 SBS,0,106,25,22,95,0,4.011976851851852,4.13116975308642,4.071573302469136,9.473684210526315,True,E,True
300564,B6,0,119,17,18,83,7,5.378277777777778,5.052907407407407,5.215592592592592,10.843373493975903,False,E,True
300564,B82,0,104,16,20,80,8,5.75775,4.763231481481482,5.260490740740741,11.25,False,E,True
300565,B6,0,119,17,18,83,7,5.378594135802469,5.047462962962963,5.213028549382716,10.843373493975903,False,E,True
300565,B82,0,104,16,20,80,8,5.797629629629629,4.727462962962963,5.262546296296296,11.25,False,E,True
300566,B6,0,119,17,18,83,7,5.378987654320988,5.042699074074075,5.2108433641975305,10.843373493975903,False,E,True
300566,B82,0,104,16,20,80,8,5.831543209876544,4.701325617283951,5.266434413580247,11.25,False,E,True
300567,B6,0,119,17,18,83,7,5.379358024691358,5.038432098765432,5.208895061728395,10.843373493975903,False,E,True
300567,B82,0,104,16,20,80,8,5.865407407407407,4.6781296296296295,5.271768518518519,11.25,False,E,True
300568,B6,0,260,42,47,208,7,2.8349027777777778,2.48966512345679,2.662283950617284,4.326923076923077,True,E,True
300568,B82,0,104,17,20,80,8,5.889333333333334,4.663777777777778,5.276555555555555,11.25,False,E,True
300568,B82 SBS,0,106,26,22,94,0,3.9728317901234567,4.151095679012346,4.061963734567901,9.574468085106384,True,E,True
300569,B6,0,119,17,18,83,7,5.3802469135802475,5.030279320987654,5.20526311728395,10.843373493975903,False,E,True
300569,B82,0,104,17,19,79,8,5.845800925925926,4.681484567901235,5.26364274691358,11.39240506329114,False,E,True
300570,B6,0,119,17,18,83,7,5.380765432098766,5.025717592592593,5.203241512345679,10.843373493975903,False,E,True
300570,B82,0,104,16,19,79,8,5.871453703703704,4.7285462962962965,5.3,11.39240506329114,False,E,True
300578,B6,0,165,25,29,125,8,3.6715154320987655,3.0796635802469137,3.3755895061728394,7.2,True,E,True
300578,B60,1,88,15,18,69,7,6.31817438271605,4.825512345679012,5.571843364197531,13.043478260869565,False,S,True
300579,B6,0,165,25,29,125,8,3.6758333333333337,3.0869444444444443,3.3813888888888886,7.2,True,E,True
300579,B60,1,88,15,18,69,7,6.294953703703703,4.854805555555556,5.57487962962963,13.043478260869565,False,S,True
300580,B6,0,165,25,29,125,8,3.6833657407407405,3.098402777777778,3.390884259259259,7.2,True,E,True
300582,B6,0,165,26,29,125,8,3.6597052469135805,3.1247283950617284,3.3922168209876546,7.2,True,E,True
300584,B20,1,94,17,19,80,3,6.15020987654321,4.764876543209877,5.457543209876543,11.25,False,S,True
300585,B20,1,94,17,19,80,3,6.116913580246914,4.773890432098765,5.44540200617284,11.25,False,S,True
300587,B20,1,94,17,19,79,3,6.024814814814815,4.808168209876543,5.4164915123456785,11.39240506329114,False,S,True
300588,B20,1,94,17,19,79,3,5.997080246913581,4.82208950617284,5.409584876543209,11.39240506329114,False,S,True
300590,B6,1,165,27,28,126,9,3.4166666666666665,3.2722222222222226,3.344444444444444,7.142857142857143,True,W,True
300590,B84,1,32,6,6,30,0,15.0,15.0,15.0,30.0,False,E,True
300591,B6,1,165,27,28,126,9,3.406296296296296,3.2655833333333333,3.335939814814815,7.142857142857143,True,W,True
300595,B6,1,165,27,28,126,10,3.3900216049382714,3.2935015432098766,3.3417615740740745,7.142857142857143,True,W,True
300596,B6,1,165,27,28,125,10,3.3883904320987654,3.275469135802469,3.3319297839506175,7.2,True,W,True
300602,B60,0,92,18,16,76,5,5.266893518518518,5.828583333333333,5.547738425925926,11.842105263157896,False,N,True
300608,B17,1,55,7,18,45,0,74.95370370370371,5.2067901234567895,40.08024691358025,20.0,False,S,True
300608,B6,1,124,20,18,87,11,4.557430555555555,4.990493827160494,4.773962191358025,10.344827586206897,False,W,True
300608,B82,1,104,15,14,81,5,6.044513888888889,6.526597222222223,6.285555555555556,11.11111111111111,False,W,True
300609,B17,1,55,7,18,45,0,73.73666666666666,5.235645061728395,39.48615586419753,20.0,False,S,True
300609,B6,1,124,20,18,87,11,4.5319521604938275,4.988564814814814,4.760258487654322,10.344827586206897,False,W,True
300609,B82,1,104,15,13,81,5,6.0498765432098764,6.561265432098765,6.305570987654321,11.11111111111111,False,W,True
300610,B6,1,264,49,45,213,11,2.4331604938271605,2.5678055555555557,2.500483024691358,4.225352112676056,True,W,True
300610,B82,1,104,15,13,81,5,6.052831790123457,6.59654475308642,6.324688271604939,11.11111111111111,False,W,True
300610,B82 SBS,1,106,23,21,96,0,4.61388425925926,4.3088950617283945,4.461389660493827,9.375,True,W,True
300611,B6,1,124,20,18,87,11,4.5474753086419755,4.987166666666667,4.767320987654321,10.344827586206897,False,W,True
300611,B82,1,104,16,13,81,5,6.010788580246913,6.661422839506173,6.336105709876543,11.11111111111111,False,W,True
300612,B6,1,124,20,18,87,11,4.553501543209877,4.987555555555556,4.770528549382716,10.344827586206897,False,W,True
300612,B82,1,104,15,14,81,5,5.97748611111111,6.6603055555555555,6.318895833333333,11.11111111111111,False,W,True
300613,B6,1,124,20,18,87,11,4.55937037037037,4.988819444444444,4.774094907407407,10.344827586206897,False,W,True
300613,B82,1,104,15,14,80,5,5.9956805555555555,6.634956790123456,6.315318672839506,11.25,False,W,True
300614,B6,1,264,50,45,212,12,2.4564814814814815,2.570615740740741,2.513548611111111,4.245283018867925,True,W,True
300614,B82,1,104,15,14,80,5,6.01099537037037,6.612007716049383,6.311501543209876,11.25,False,W,True
300614,B82 SBS,1,106,23,21,96,0,4.526483024691358,4.3436512345679015,4.43506712962963,9.375,True,W,True
300615,B6,1,124,20,18,87,12,4.566944444444444,4.992191358024692,4.779567901234568,10.344827586206897,False,W,True
300615,B82,1,104,15,14,80,5,6.026737654320987,6.58662037037037,6.306679012345679,11.25,False,W,True
300617,B6,1,124,20,18,87,12,4.571027777777777,4.997512345679012,4.784270061728395,10.344827586206897,False,W,True
300617,B82,1,104,15,14,80,5,6.04875,6.545907407407408,6.297328703703704,11.25,False,W,True
300618,B82,1,104,15,14,81,5,6.061111111111112,6.516666666666667,6.288888888888889,11.11111111111111,False,W,True
300618,B82 SBS,1,106,23,22,97,0,4.478685185185185,4.323333333333333,4.401009259259259,9.278350515463918,True,W,True
300619,B6,1,264,49,45,211,12,2.3953132716049383,2.625952160493827,2.510632716049383,4.265402843601896,True,W,True
300620,B6,1,124,20,18,86,12,4.558311728395062,4.990447530864198,4.77437962962963,10.465116279069768,False,W,True
300621,B6,1,124,20,18,86,12,4.554512345679012,4.986773148148148,4.77064274691358,10.465116279069768,False,W,True
300622,B6,1,124,19,18,86,12,4.5868163580246915,4.98591512345679,4.786365740740741,10.465116279069768,False,W,True
300623,B6,1,124,20,18,87,13,4.607648148148148,4.986557098765432,4.79710262345679,10.344827586206897,False,W,True
300624,B6,1,264,50,44,211,13,2.401675925925926,2.66633487654321,2.534005401234568,4.265402843601896,True,W,True
300626,B6,1,124,20,18,87,13,4.591412037037037,4.995433641975309,4.7934228395061735,10.344827586206897,False,W,True
300627,B6,1,124,20,18,87,13,4.584891975308642,5.0000941358024695,4.792493055555555,10.344827586206897,False,W,True
300628,B6,1,124,20,18,87,13,4.57908024691358,5.005649691358025,4.792364969135803,10.344827586206897,False,W,True
300629,B6,1,124,20,18,87,13,4.575157407407407,5.010342592592592,4.79275,10.344827586206897,False,W,True
300630,B6,1,264,49,44,210,13,2.32883024691358,2.6529598765432096,2.490895061728395,4.285714285714286,True,W,True
300631,B6,1,124,20,18,87,13,4.564287037037037,4.98950462962963,4.776895833333333,10.344827586206897,False,W,True
300632,B6,1,124,20,18,87,13,4.56237037037037,4.990871913580247,4.776621141975309,10.344827586206897,False,W,True
300633,B6,1,124,20,18,87,13,4.561055555555556,4.992666666666667,4.776861111111112,10.344827586206897,False,W,True
300634,B6,1,124,19,18,86,14,4.563361111111111,4.995361111111111,4.779361111111111,10.465116279069768,False,W,True
300635,B6,1,264,50,44,209,14,2.433333333333333,2.6277777777777778,2.530555555555556,4.30622009569378,True,W,True
300636,B11,1,99,19,20,85,3,4.7975663580246914,4.591145061728395,4.694355709876543,10.588235294117647,False,W,True
300636,B6,1,264,50,44,209,14,2.424891975308642,2.626560185185185,2.5257260802469137,4.30622009569378,True,W,True
300637,B11,1,99,19,20,85,3,4.804520061728395,4.574970679012346,4.68974537037037,10.588235294117647,False,W,True
300637,B6,1,124,20,18,86,13,4.601703703703704,5.0066296296296295,4.804166666666666,10.465116279069768,False,W,True
300638,B11,1,99,18,20,85,3,4.852242283950617,4.562641975308642,4.707442129629629,10.588235294117647,False,W,True
300638,B6,1,124,20,18,87,13,4.59516975308642,5.013183641975308,4.804176697530864,10.344827586206897,False,W,True
300640,B11,1,99,19,20,85,3,4.910154320987655,4.5365879629629635,4.723371141975308,10.588235294117647,False,W,True
300640,B6,1,124,20,18,87,13,4.581648148148148,4.984552469135803,4.783100308641975,10.344827586206897,False,W,True
300641,B11,1,99,19,20,85,3,4.907461419753087,4.525770061728395,4.716615740740741,10.588235294117647,False,W,True
300641,B6,1,124,20,18,87,13,4.578037037037037,4.995322530864198,4.786679783950618,10.344827586206897,False,W,True
300652,B6,1,237,45,36,180,14,2.69454012345679,3.0671481481481484,2.880844135802469,5.0,True,W,True
300653,B6,1,237,45,36,180,14,2.6937993827160494,3.0960956790123455,2.8949475308641976,5.0,True,W,True
300654,B6,1,237,45,36,179,14,2.694444444444444,3.155555555555556,2.925,5.027932960893855,True,W,True
300655,B6,1,237,45,36,179,14,2.6874444444444445,3.179432098765432,2.933438271604938,5.027932960893855,True,W,True
300656,B6,1,237,44,36,179,14,2.680949074074074,3.188888888888889,2.9349189814814816,5.027932960893855,True,W,True
300657,B6,1,237,44,36,178,15,2.6843564814814815,3.1903935185185186,2.9373750000000003,5.056179775280899,True,W,True
300658,B6,1,237,44,36,178,15,2.6878611111111113,3.192992283950617,2.9404266975308646,5.056179775280899,True,W,True
300659,B6,1,237,45,36,178,15,2.6752793209876544,3.196202160493827,2.9357407407407408,5.056179775280899,True,W,True
300660,B6,1,237,45,35,178,15,2.6608287037037033,3.2158564814814814,2.9383425925925923,5.056179775280899,True,W,True
300662,B6,1,237,44,35,178,15,2.6608719135802468,3.2578348765432095,2.9593533950617283,5.056179775280899,True,W,True
300663,B6,1,237,45,35,178,15,2.659100308641975,3.301966049382716,2.9805331790123457,5.056179775280899,True,W,True
300671,B6,1,237,45,34,176,16,2.698935185185185,3.370740740740741,3.0348379629629627,5.113636363636363,True,W,True
300682,B7,0,70,15,13,58,3,6.201666666666667,6.912958333333333,6.5573125,15.517241379310345,False,N,True
300682,B82 SBS,0,106,26,23,95,0,3.622598765432099,4.011788580246914,3.8171936728395064,9.473684210526315,True,E,True
300683,B7,0,70,15,13,58,3,6.22,6.914061728395061,6.567030864197531,15.517241379310345,False,N,True
300684,B7,0,70,15,13,58,3,6.2375,6.917694444444445,6.577597222222222,15.517241379310345,False,N,True
300685,B7,0,70,16,13,58,3,6.1974074074074075,6.921319444444444,6.559363425925926,15.517241379310345,False,N,True
300687,B7,0,70,15,13,58,3,6.166666666666667,6.933333333333334,6.55,15.517241379310345,False,N,True
300688,B7,0,70,15,13,58,3,6.166612654320987,6.937006172839506,6.551809413580247,15.517241379310345,False,N,True
300690,B7,0,70,15,13,58,3,6.169666666666667,6.956271604938271,6.5629691358024695,15.517241379310345,False,N,True
300691,B7,0,70,15,13,58,3,6.173753086419753,6.970666666666667,6.57220987654321,15.517241379310345,False,N,True
300692,B7,0,70,15,13,58,3,6.178842592592592,6.9873919753086415,6.583117283950617,15.517241379310345,False,N,True
300692,B8,0,112,19,25,91,9,4.849915123456791,3.864898148148148,4.357406635802469,9.89010989010989,True,E,True
300693,B7,0,70,15,12,59,3,6.184246913580247,7.018148148148148,6.601197530864198,15.254237288135593,False,N,True
300693,B8,0,112,19,25,91,9,4.882422839506173,3.8825277777777774,4.382475308641975,9.89010989010989,True,E,True
300694,B7,0,70,15,13,59,3,6.189916666666666,7.077222222222222,6.633569444444444,15.254237288135593,False,N,True
300695,B7,0,70,15,13,59,3,6.197490740740741,7.071851851851852,6.634671296296296,15.254237288135593,False,N,True
300696,B7,0,70,15,13,59,3,6.205555555555555,7.066666666666666,6.636111111111111,15.254237288135593,False,N,True
300697,B7,0,70,15,13,59,3,6.23358024691358,7.053703703703704,6.6436419753086415,15.254237288135593,False,N,True
300698,B7,0,70,15,13,59,3,6.224671296296296,7.0575,6.641085648148148,15.254237288135593,False,N,True
300701,B7,0,70,15,13,58,3,6.285166666666667,7.03574074074074,6.660453703703704,15.517241379310345,False,N,True
300702,B7,0,70,16,13,58,3,6.302320987654321,7.027962962962963,6.665141975308642,15.517241379310345,False,N,True
300703,B7,0,70,15,13,58,3,6.238888888888889,7.022222222222222,6.6305555555555555,15.517241379310345,False,N,True
300705,B7,0,70,15,12,58,3,6.22261574074074,7.095393518518518,6.65900462962963,15.517241379310345,False,N,True
300706,B7,0,70,15,12,58,3,6.223351851851851,7.171814814814814,6.697583333333333,15.517241379310345,False,N,True
300707,B7,0,70,15,12,58,3,6.230817901234568,7.249370370370371,6.740094135802469,15.517241379310345,False,N,True
300708,B7,0,70,15,13,58,3,6.2444444444444445,7.333333333333333,6.788888888888889,15.517241379310345,False,N,True
300712,B7,0,70,15,13,58,3,6.307777777777777,7.161688271604938,6.734733024691358,15.517241379310345,False,N,True
300713,B7,0,70,15,13,57,3,6.331199074074075,7.134029320987654,6.732614197530864,15.789473684210526,False,N,True
300714,B7,0,70,15,13,57,3,6.357978395061729,7.11162037037037,6.73479938271605,15.789473684210526,False,N,True
300715,B7,0,70,15,12,57,3,6.385194444444445,7.112509259259259,6.748851851851852,15.789473684210526,False,N,True
300716,B7,0,70,16,12,57,3,6.345472222222223,7.147115740740741,6.7462939814814815,15.789473684210526,False,N,True
300717,B7,0,70,16,12,57,4,6.280375,7.195216049382717,6.737795524691358,15.789473684210526,False,N,True
300718,B7,0,70,16,12,57,4,6.232101851851851,7.234782407407407,6.733442129629629,15.789473684210526,False,N,True
300719,B7,0,70,16,12,57,4,6.190543209876543,7.270885802469136,6.7307145061728395,15.789473684210526,False,N,True
300733,B7,0,70,15,12,57,4,6.183827160493828,7.361527777777778,6.772677469135802,15.789473684210526,False,N,True
300735,B7,1,70,12,13,55,2,8.627777777777776,6.833333333333333,7.730555555555555,16.363636363636363,False,S,True
300736,B7,1,70,12,13,55,2,8.582876543209876,6.894444444444445,7.73866049382716,16.363636363636363,False,S,True
300737,B7,1,70,12,14,55,2,8.55177160493827,6.8351697530864195,7.693470679012346,16.363636363636363,False,S,True
300738,B7,1,70,12,14,55,2,8.528518518518519,6.777376543209877,7.652947530864197,16.363636363636363,False,S,True
300740,B7,1,70,12,14,55,2,8.503587962962962,6.7069783950617285,7.605283179012345,16.363636363636363,False,S,True
300741,B7,1,70,13,14,56,2,8.42908487654321,6.651808641975308,7.540446759259259,16.071428571428573,False,S,True
300742,B7,1,70,13,13,56,2,8.356418209876542,6.653333333333333,7.504875771604938,16.071428571428573,False,S,True
300743,B7,1,70,13,13,56,2,8.27945061728395,6.741666666666666,7.510558641975309,16.071428571428573,False,S,True
300744,B7,1,70,13,13,56,2,8.2,6.833333333333333,7.516666666666667,16.071428571428573,False,S,True
300748,B7,1,70,13,14,56,2,8.017777777777777,6.874444444444444,7.446111111111111,16.071428571428573,False,S,True
300749,B7,1,70,13,14,56,2,7.970753086419752,6.842512345679013,7.406632716049383,16.071428571428573,False,S,True
300750,B7,1,70,13,14,56,2,7.921404320987654,6.809737654320988,7.365570987654321,16.071428571428573,False,S,True
300751,B7,1,70,13,14,56,2,7.875856481481481,6.779652777777778,7.327754629629629,16.071428571428573,False,S,True
300753,B7,1,70,14,14,56,2,7.788001543209877,6.737824074074074,7.262912808641975,16.071428571428573,False,S,True
300754,B7,1,70,14,14,56,2,7.716666666666667,6.716666666666667,7.216666666666667,16.071428571428573,False,S,True
300755,B7,1,70,14,14,56,2,7.6415,6.697222222222222,7.169361111111112,16.071428571428573,False,S,True
300757,B7,1,70,14,14,56,2,7.439404320987654,6.6439814814814815,7.041692901234568,16.071428571428573,False,S,True
300758,B7,1,70,14,13,57,2,7.269118827160494,6.697500000000001,6.983309413580247,15.789473684210526,False,S,True
300759,B7,1,70,14,13,57,2,7.17900462962963,6.742500000000001,6.9607523148148145,15.789473684210526,False,S,True
300760,B7,1,70,14,13,57,2,7.105169753086419,6.779166666666667,6.942168209876543,15.789473684210526,False,S,True
300761,B7,1,70,14,13,57,2,7.0,6.833333333333333,6.916666666666667,15.789473684210526,False,S,True
300762,B7,1,70,14,13,57,2,6.900888888888889,6.863703703703703,6.882296296296297,15.789473684210526,False,S,True
300763,B7,1,70,13,14,56,2,6.802777777777778,6.908333333333333,6.855555555555555,16.071428571428573,False,S,True
300764,B7,1,70,13,14,56,2,6.837962962962963,6.883990740740741,6.860976851851851,16.071428571428573,False,S,True
300765,B7,1,70,14,14,56,2,6.865466049382716,6.8519598765432095,6.858712962962963,16.071428571428573,False,S,True
300765,B8,1,108,25,19,89,5,4.386797839506173,5.100486111111111,4.743641975308642,10.112359550561798,False,W,True
300766,B7,1,70,14,14,56,2,6.863087962962963,6.813453703703703,6.8382708333333335,16.071428571428573,False,S,True
300766,B8,1,108,26,18,90,5,4.361111111111112,5.022222222222222,4.691666666666666,10.0,True,W,True
300767,B7,1,70,14,14,56,2,6.859413580246914,6.7784305555555555,6.818922067901235,16.071428571428573,False,S,True
300769,B7,1,70,14,14,57,2,6.848141975308642,6.7140864197530865,6.781114197530864,15.789473684210526,False,S,True
300770,B7,1,70,14,14,57,2,6.844444444444445,6.7,6.772222222222222,15.789473684210526,False,S,True
300771,B7,1,70,14,14,57,2,6.8300169753086415,6.681308641975309,6.755662808641975,15.789473684210526,False,S,True
300772,B7,1,70,14,14,57,2,6.818043209876544,6.666814814814814,6.74242901234568,15.789473684210526,False,S,True
300773,B7,1,70,14,14,57,2,6.806583333333333,6.651921296296297,6.729252314814815,15.789473684210526,False,S,True
300774,B7,1,70,14,14,57,2,6.792777777777777,6.632685185185185,6.712731481481482,15.789473684210526,False,S,True
300790,B8,0,102,17,17,83,6,5.425,5.795,5.61,10.843373493975903,False,E,True
300790,X28,1,36,0,16,31,1,,6.274015432098765,6.274015432098765,29.032258064516128,False,S,True
300790,X38,1,14,0,11,14,0,,8.023818167150694,8.023818167150694,64.28571428571429,False,S,True
300791,B8,0,102,18,17,83,6,5.458611111111111,5.738611111111111,5.598611111111111,10.843373493975903,False,E,True
300791,X28,1,36,0,16,31,1,,6.289433641975308,6.289433641975308,29.032258064516128,False,S,True
300791,X38,1,14,0,11,14,0,,8.016691971334872,8.016691971334872,64.28571428571429,False,S,True
300792,B8,0,102,18,17,82,6,5.431111111111111,5.674444444444444,5.552777777777778,10.975609756097562,False,E,True
300794,B8,0,102,18,17,82,6,5.3933333333333335,5.588888888888889,5.491111111111111,10.975609756097562,False,E,True
300795,B8,0,102,18,17,82,6,5.370277777777777,5.588888888888889,5.479583333333333,10.975609756097562,False,E,True
300796,B8,0,102,18,17,82,6,5.344444444444445,5.588888888888889,5.466666666666667,10.975609756097562,False,E,True
300797,B8,0,102,18,17,82,6,5.334064814814814,5.588888888888889,5.461476851851852,10.975609756097562,False,E,True
300798,B8,0,102,19,17,82,6,5.309140432098766,5.588888888888889,5.449014660493828,10.975609756097562,False,E,True
300799,B8,0,102,18,17,82,6,5.288262345679013,5.588888888888889,5.43857561728395,10.975609756097562,False,E,True
300800,B8,0,102,18,17,82,7,5.29645987654321,5.588888888888889,5.442674382716049,10.975609756097562,False,E,True
300801,B8,0,102,18,18,82,7,5.302558641975309,5.579259259259259,5.440908950617284,10.975609756097562,False,E,True
300802,B8,0,102,18,18,83,7,5.307526234567901,5.5274074074074075,5.417466820987654,10.843373493975903,False,E,True
300803,B8,0,102,18,18,83,7,5.311537037037037,5.454814814814815,5.383175925925926,10.843373493975903,False,E,True
300804,B8,0,102,18,18,83,7,5.311925925925926,5.408148148148148,5.360037037037037,10.843373493975903,False,E,True
300805,B8,0,102,18,18,83,7,5.3108209876543215,5.36,5.33541049382716,10.843373493975903,False,E,True
300806,B8,0,102,19,18,83,7,5.283484567901235,5.311111111111112,5.2972978395061725,10.843373493975903,False,E,True
300807,B8,0,102,19,17,83,7,5.23479938271605,5.293333333333334,5.264066358024691,10.843373493975903,False,E,True
300808,B8,0,102,19,18,83,7,5.187570987654321,5.313981481481481,5.250776234567902,10.843373493975903,False,E,True
300809,B8,0,102,18,18,83,7,5.169429012345678,5.3096296296296295,5.239529320987654,10.843373493975903,False,E,True
300811,B8,0,102,18,18,83,7,5.227234567901235,5.292685185185186,5.25995987654321,10.843373493975903,False,E,True
300812,B8,0,102,18,18,83,7,5.244287037037037,5.286759259259259,5.265523148148148,10.843373493975903,False,E,True
300814,B8,0,102,19,18,83,7,5.266666666666667,5.277777777777778,5.272222222222222,10.843373493975903,False,E,True
300816,B8,0,102,19,19,83,7,5.200432098765432,5.217746913580247,5.20908950617284,10.843373493975903,False,E,True
300817,B8,0,102,19,19,84,8,5.144796296296296,5.126833333333334,5.1358148148148155,10.714285714285714,False,E,True
300818,B8,0,102,19,19,83,8,5.084890432098765,5.026450617283951,5.055670524691357,10.843373493975903,False,E,True
300819,B8,0,102,18,18,83,8,5.055291666666666,4.966308641975308,5.010800154320988,10.843373493975903,False,E,True
300820,B8,0,102,19,19,83,8,5.121188271604938,4.991416666666667,5.056302469135803,10.843373493975903,False,E,True
300821,B68,1,111,18,20,92,7,4.983203703703704,4.69670987654321,4.839956790123456,9.782608695652174,True,S,True
300821,B8,0,102,19,19,83,8,5.105007716049383,4.972371913580247,5.0386898148148145,10.843373493975903,False,E,True
300822,B68,1,111,18,20,92,7,5.0012083333333335,4.674016975308643,4.837612654320988,9.782608695652174,True,S,True
300822,B8,0,102,19,19,83,8,5.093373456790123,4.959976851851851,5.026675154320987,10.843373493975903,False,E,True
300823,B8,0,102,19,19,83,8,5.083333333333333,4.95,5.016666666666667,10.843373493975903,False,E,True
300824,B8,0,102,19,19,83,8,5.063510802469136,4.938253086419753,5.000881944444444,10.843373493975903,False,E,True
300825,B8,0,102,19,20,83,8,5.044828703703703,4.877106481481481,4.960967592592593,10.843373493975903,False,E,True
300826,B8,0,102,19,20,83,8,5.029861111111112,4.795861111111111,4.912861111111111,10.843373493975903,False,E,True
300827,B49,0,91,17,17,75,4,5.373979938271605,5.424356481481482,5.399168209876543,12.0,False,N,True
300827,B8,0,102,19,20,83,8,5.020462962962963,4.725629629629629,4.873046296296296,10.843373493975903,False,E,True
300828,B49,0,91,17,17,75,4,5.385344135802469,5.412444444444445,5.398894290123456,12.0,False,N,True
300828,B8,0,102,19,19,83,8,5.0143966049382716,4.7189351851851855,4.866665895061728,10.843373493975903,False,E,True
300830,B49,0,91,17,17,75,4,5.4,5.394444444444445,5.397222222222222,12.0,False,N,True
300830,B8,0,102,20,19,83,9,4.964353395061729,4.768274691358025,4.866314043209877,10.843373493975903,False,E,True
300831,B49,0,97,18,18,80,4,5.237432098765432,5.3677777777777775,5.302604938271605,11.25,False,N,True
300831,B8,0,102,19,20,83,9,4.965106481481482,4.737932098765432,4.851519290123457,10.843373493975903,False,E,True
300832,B8,0,102,19,20,83,9,4.972020061728395,4.70337037037037,4.837695216049383,10.843373493975903,False,E,True
300833,B8,0,112,19,25,91,9,4.977777777777778,3.938888888888889,4.458333333333333,9.89010989010989,True,E,True
300834,B8,0,112,19,25,91,9,4.978024691358025,3.929333333333333,4.453679012345678,9.89010989010989,True,E,True
300835,B8,0,112,19,25,91,9,4.980069444444444,3.9207222222222224,4.450395833333333,9.89010989010989,True,E,True
300836,B8,0,112,19,26,91,9,4.9840432098765435,3.8836466049382716,4.4338449074074076,9.89010989010989,True,E,True
300837,B8,0,112,19,26,91,9,4.9899459876543215,3.822759259259259,4.406352623456789,9.89010989010989,True,E,True
300838,B8,0,112,20,25,91,9,4.95583487654321,3.7790370370370368,4.367435956790123,9.89010989010989,True,E,True
300839,B8,0,112,20,25,91,9,4.829805555555556,3.8475787037037037,4.33869212962963,9.89010989010989,True,E,True
300841,B8,0,112,20,26,92,9,4.790299382716049,3.8463333333333334,4.318316358024691,9.782608695652174,True,E,True
300842,B8,0,112,19,25,91,9,4.762271604938272,3.8147685185185187,4.288520061728395,9.89010989010989,True,E,True
300843,B8,0,112,19,25,91,9,4.796307098765433,3.834680555555556,4.315493827160494,9.89010989010989,True,E,True
300844,B8,0,112,19,25,91,9,4.811111111111112,3.844444444444444,4.327777777777778,9.89010989010989,True,E,True
300847,B8,0,112,19,26,91,9,4.909279320987654,3.8870401234567904,4.398159722222222,9.89010989010989,True,E,True
300848,B8,0,112,19,26,91,9,4.932518518518519,3.867543209876543,4.4000308641975305,9.89010989010989,True,E,True
300853,B17,1,155,17,36,121,8,5.27345987654321,2.5879475308641977,3.930703703703704,7.43801652892562,True,S,True
300857,B47,0,99,21,17,80,5,4.614111111111112,5.116666666666666,4.865388888888889,11.25,False,N,True
300858,B8,1,108,25,18,89,5,4.405858024691358,5.259182098765432,4.8325200617283945,10.112359550561798,False,W,True
300859,B8,1,108,25,19,89,5,4.400445987654321,5.2200138888888885,4.810229938271605,10.112359550561798,False,W,True
300862,B8,1,108,26,18,90,5,4.329683641975309,5.037776234567901,4.683729938271605,10.0,True,W,True
300863,B8,1,108,27,18,90,5,4.281797839506172,5.06121450617284,4.671506172839506,10.0,True,W,True
300864,B8,1,108,27,18,90,5,4.241922839506173,5.081638888888889,4.661780864197531,10.0,True,W,True
300865,B8,1,108,27,18,90,5,4.19671450617284,5.10608487654321,4.651399691358025,10.0,True,W,True
300866,B8,1,108,27,19,90,5,4.133802469135802,5.06862962962963,4.601216049382716,10.0,True,W,True
300867,B8,1,108,26,19,90,5,4.110631172839506,5.0150601851851855,4.562845679012345,10.0,True,W,True
300868,B8,1,108,27,19,90,5,4.1316496913580245,4.982004629629629,4.556827160493827,10.0,True,W,True
300869,B8,1,108,27,19,90,5,4.1186543209876545,4.951518518518518,4.535086419753086,10.0,True,W,True
300873,B8,1,106,25,19,88,5,4.175083333333333,4.793319444444445,4.484201388888889,10.227272727272727,False,W,True
300874,B8,1,106,26,19,88,5,4.143185185185185,4.794510802469135,4.46884799382716,10.227272727272727,False,W,True
300875,B8,1,106,26,19,88,5,4.0828395061728395,4.801612654320988,4.442226080246914,10.227272727272727,False,W,True
300876,B49,1,96,21,16,79,7,4.688888888888888,5.533333333333333,5.111111111111112,11.39240506329114,False,S,True
300876,B8,1,106,26,19,88,5,4.049057098765433,4.806626543209877,4.427841820987654,10.227272727272727,False,W,True
300877,B49,1,91,17,16,74,7,5.143777777777777,5.542117283950617,5.342947530864198,12.162162162162161,False,S,True
300877,B8,1,106,25,19,88,5,4.013425925925926,4.820240740740741,4.416833333333333,10.227272727272727,False,W,True
300878,B8,1,106,25,19,88,5,4.043851851851852,4.835197530864197,4.439524691358025,10.227272727272727,False,W,True
300879,B8,1,106,25,20,88,5,4.076240740740741,4.792220679012345,4.434230709876544,10.227272727272727,False,W,True
300880,B8,1,106,26,20,88,5,4.088,4.7151250000000005,4.4015625,10.227272727272727,False,W,True
300881,B8,1,106,26,20,88,5,4.0701682098765435,4.671742283950618,4.370955246913581,10.227272727272727,False,W,True
300882,B8,1,106,26,19,89,5,4.038888888888889,4.6,4.319444444444445,10.112359550561798,False,W,True
300883,B68,0,111,13,22,89,8,6.7180277777777775,4.126993827160494,5.4225108024691355,10.112359550561798,False,N,True
300883,B8,1,106,26,19,89,5,4.002541666666667,4.638938271604938,4.320739969135802,10.112359550561798,False,W,True
300884,B8,1,106,26,19,89,5,3.974229938271605,4.680648148148149,4.327439043209877,10.112359550561798,False,W,True
300885,B8,1,106,26,20,89,5,3.946296296296296,4.663456790123457,4.304876543209876,10.112359550561798,False,W,True
300886,B8,1,106,25,20,89,5,3.9549305555555554,4.6349382716049385,4.294934413580247,10.112359550561798,False,W,True
300887,B8,1,106,26,20,89,5,4.012038580246913,4.608376543209876,4.310207561728395,10.112359550561798,False,W,True
300888,B8,1,106,26,20,89,6,3.994567901234568,4.577901234567902,4.286234567901235,10.112359550561798,False,W,True
300889,B8,1,106,26,20,89,6,3.988532407407407,4.570384259259259,4.279458333333333,10.112359550561798,False,W,True
300890,B8,1,106,26,20,89,6,3.9845601851851855,4.565462962962964,4.275011574074074,10.112359550561798,False,W,True
300891,B11,1,99,18,20,85,3,5.375302469135803,4.370672839506173,4.872987654320988,10.588235294117647,False,W,True
300891,B8,1,106,26,19,89,6,3.978574074074074,4.622993827160494,4.3007839506172845,10.112359550561798,False,W,True
300893,B8,1,106,26,20,89,6,3.9722222222222223,4.605555555555555,4.288888888888889,10.112359550561798,False,W,True
300895,B8,1,106,27,20,88,6,3.890833333333333,4.577905864197531,4.234369598765432,10.227272727272727,False,W,True
300898,B8,1,106,26,20,89,6,3.851388888888889,4.567393518518518,4.209391203703704,10.112359550561798,False,W,True
300899,B8,1,106,26,20,89,6,3.868333333333333,4.570453703703704,4.219393518518519,10.112359550561798,False,W,True
300900,B8,1,106,26,21,89,6,3.886388888888889,4.515702160493827,4.201045524691358,10.112359550561798,False,W,True
300901,B8,1,106,26,20,89,6,3.9038888888888885,4.47212962962963,4.1880092592592595,10.112359550561798,False,W,True
300902,B8,1,106,26,20,89,6,3.919722222222222,4.476111111111111,4.197916666666667,10.112359550561798,False,W,True
300903,B8,1,106,26,20,89,6,3.936388888888889,4.482598765432099,4.209493827160494,10.112359550561798,False,W,True
300904,B8,1,106,26,20,89,6,3.9625,4.497492283950617,4.229996141975309,10.112359550561798,False,W,True
300905,B8,1,106,27,20,89,6,3.9275,4.510851851851852,4.219175925925926,10.112359550561798,False,W,True
300906,B8,1,106,27,20,89,6,3.879166666666667,4.5260246913580255,4.2025956790123455,10.112359550561798,False,W,True
300908,B8,1,106,26,21,89,6,3.8916666666666666,4.511381172839506,4.201523919753087,10.112359550561798,False,W,True
300909,B8,1,106,26,20,89,6,3.9,4.483333333333333,4.191666666666666,10.112359550561798,False,W,True
300910,B8,1,106,26,20,89,6,3.9126188271604936,4.4964814814814815,4.204550154320987,10.112359550561798,False,W,True
300911,B8,1,106,26,20,89,6,3.922018518518519,4.50537037037037,4.213694444444444,10.112359550561798,False,W,True
300912,B8,1,106,26,20,89,6,3.931246913580247,4.513518518518519,4.222382716049383,10.112359550561798,False,W,True
300913,B8,1,106,26,20,89,6,3.947158950617284,4.526481481481482,4.236820216049383,10.112359550561798,False,W,True
300914,B8,1,106,26,20,88,6,3.963657407407408,4.538703703703703,4.251180555555555,10.227272727272727,False,W,True
300914,X28,0,36,17,2,32,0,7.854677469135803,25.87461773700306,13.03719327176781,28.125,False,N,True
300914,X38,0,15,11,0,15,0,4.831654270903764,,4.831654270903764,60.0,False,N,True
300915,B8,1,106,26,20,89,6,3.9787962962962964,4.549074074074074,4.263935185185185,10.112359550561798,False,W,True
300915,X28,0,36,17,2,32,0,7.795132716049382,25.704837067209777,12.995407604529426,28.125,False,N,True
300915,X38,0,15,11,0,15,0,4.843375925616614,,4.843375925616614,60.0,False,N,True
300916,B8,1,106,26,20,89,6,3.98724537037037,4.55462962962963,4.2709375000000005,10.112359550561798,False,W,True
300922,B37,0,51,9,9,42,1,10.666666666666666,9.883333333333333,10.275,21.428571428571427,False,N,True
300924,B37,0,51,9,9,42,1,10.507199074074073,9.87979012345679,10.193494598765431,21.428571428571427,False,N,True
300924,X27,0,41,25,2,39,0,5.066666666666666,26.5625,10.704918032786885,23.076923076923077,False,N,True
300924,X37,0,18,15,0,18,0,4.169491525423728,,4.169491525423728,50.0,False,N,True
300926,B9,0,101,20,16,87,2,4.542248456790123,5.88004938271605,5.211148919753087,10.344827586206897,False,E,True
300927,B9,0,101,21,16,87,2,4.544444444444445,5.861111111111112,5.202777777777778,10.344827586206897,False,E,True
300928,B9,0,101,21,16,87,2,4.5325138888888885,5.837259259259259,5.184886574074074,10.344827586206897,False,E,True
300930,B9,0,101,21,16,87,2,4.49245987654321,5.800342592592593,5.146401234567901,10.344827586206897,False,E,True
300934,B9,0,101,21,17,87,2,4.55245524691358,5.5019783950617285,5.027216820987655,10.344827586206897,False,E,True
300935,B9,0,101,21,17,87,2,4.535615740740741,5.4451728395061725,4.990394290123457,10.344827586206897,False,E,True
300936,B9,0,101,21,16,87,2,4.506038580246913,5.4070833333333335,4.956560956790124,10.344827586206897,False,E,True
300937,B9,0,101,20,16,88,2,4.488859567901234,5.458256172839507,4.97355787037037,10.227272727272727,False,E,True
300938,B9,0,101,21,17,88,2,4.530969135802469,5.48125,5.006109567901235,10.227272727272727,False,E,True
300940,B9,0,101,21,17,88,3,4.531947530864198,5.436123456790123,4.984035493827161,10.227272727272727,False,E,True
300942,B9,0,101,21,17,88,3,4.512111111111111,5.399243827160493,4.955677469135803,10.227272727272727,False,E,True
300944,B9,0,101,21,17,87,3,4.472222222222222,5.366666666666666,4.919444444444445,10.344827586206897,False,E,True
300945,B9,0,101,21,18,87,3,4.474186728395062,5.329026234567902,4.9016064814814815,10.344827586206897,False,E,True
300950,B9,0,101,21,17,88,3,4.466489197530864,5.192101851851851,4.829295524691358,10.227272727272727,False,E,True
300952,B9,0,101,22,18,88,3,4.407188271604938,5.237216049382716,4.822202160493827,10.227272727272727,False,E,True
300956,B9,0,101,21,17,88,3,4.4405324074074075,5.092222222222222,4.766377314814815,10.227272727272727,False,E,True
300957,B49,0,91,17,17,75,4,5.280805555555556,5.429950617283951,5.355378086419753,12.0,False,N,True
300957,B9,0,101,21,17,88,3,4.446481481481482,5.122319444444444,4.784400462962963,10.227272727272727,False,E,True
300958,B9,0,101,21,17,88,3,4.453087962962964,5.166740740740741,4.809914351851853,10.227272727272727,False,E,True
300959,B9,0,101,21,17,88,3,4.4561265432098764,5.194563271604938,4.825344907407407,10.227272727272727,False,E,True
300962,B9,0,101,21,18,88,3,4.419185185185185,5.148703703703704,4.783944444444445,10.227272727272727,False,E,True
300963,B9,0,101,21,18,87,3,4.4290617283950615,5.12066512345679,4.774863425925926,10.344827586206897,False,E,True
300966,B9,0,101,21,17,87,3,4.449944444444444,5.086333333333333,4.768138888888888,10.344827586206897,False,E,True
300969,B9,1,95,22,18,86,1,4.188888888888889,5.0,4.594444444444445,10.465116279069768,False,W,True
300971,B9,1,101,21,18,87,4,4.411111111111111,4.972222222222222,4.691666666666666,10.344827586206897,False,W,True
300974,B9,1,101,22,19,87,4,4.4018194444444445,4.985194444444445,4.693506944444445,10.344827586206897,False,W,True
300975,B9,1,101,22,19,87,4,4.352921296296296,4.9191111111111105,4.636016203703703,10.344827586206897,False,W,True
300977,B9,1,101,21,18,87,4,4.374950617283951,4.874126543209877,4.624538580246914,10.344827586206897,False,W,True
300978,B9,1,101,21,18,87,4,4.393072530864198,4.886458333333334,4.639765432098765,10.344827586206897,False,W,True
300980,B49,1,91,17,17,74,7,5.521942901234568,5.517348765432099,5.519645833333333,12.162162162162161,False,S,True
300980,B9,1,101,21,18,87,4,4.418260802469136,4.911473765432098,4.664867283950617,10.344827586206897,False,W,True
300981,B9,1,101,21,18,87,4,4.441972222222222,4.944885802469136,4.693429012345678,10.344827586206897,False,W,True
300982,B9,1,101,21,19,87,4,4.455555555555555,4.950003086419753,4.702779320987655,10.344827586206897,False,W,True
300991,B9,1,101,20,18,87,4,4.9634583333333335,4.99941512345679,4.981436728395062,10.344827586206897,False,W,True
300993,B9,1,101,21,19,86,4,5.068109567901234,4.922700617283951,4.995405092592592,10.465116279069768,False,W,True
300996,B9,1,101,20,18,86,5,5.102884259259259,4.957796296296296,5.030340277777778,10.465116279069768,False,W,True
300998,B9,1,101,20,18,86,5,5.119390432098766,5.001015432098765,5.060202932098766,10.465116279069768,False,W,True
300999,B9,1,101,20,19,86,5,5.1227885802469135,4.987808641975309,5.055298611111112,10.465116279069768,False,W,True
301000,B9,1,101,19,19,86,5,5.176587962962963,4.9362916666666665,5.056439814814815,10.465116279069768,False,W,True
301002,B9,1,101,19,18,86,5,5.308450617283951,4.950871913580246,5.129661265432099,10.465116279069768,False,W,True
301003,B9,1,101,19,18,86,5,5.3518487654320985,4.965516975308642,5.15868287037037,10.465116279069768,False,W,True
301006,B9,1,101,18,19,86,5,5.544444444444445,4.988888888888889,5.266666666666667,10.465116279069768,False,W,True
301008,B9,1,101,18,19,86,5,5.732760802469135,4.898802469135802,5.315781635802469,10.465116279069768,False,W,True
301010,B9,1,101,18,18,85,5,5.945515432098765,4.9209953703703695,5.433255401234567,10.588235294117647,False,W,True
301016,B37,1,51,8,9,41,1,11.624547839506173,9.606993827160494,10.615770833333332,21.951219512195124,False,S,True
301017,B37,1,51,7,9,41,1,11.683239197530865,9.660333333333334,10.671786265432099,21.951219512195124,False,S,True
301028,B13,0,74,13,17,62,3,7.5,5.327777777777778,6.413888888888889,14.516129032258064,False,N,True
301028,B15,1,37,12,11,37,0,7.627777777777778,8.227777777777778,7.927777777777778,24.324324324324323,False,W,True
301028,B20,0,94,18,18,80,4,5.372222222222222,4.961111111111111,5.166666666666667,11.25,False,N,True
301029,B13,0,74,13,17,62,3,7.4993132716049375,5.329814814814815,6.414564043209877,14.516129032258064,False,N,True
301029,B14,1,81,13,15,65,5,6.81962962962963,6.037154320987654,6.428391975308642,13.846153846153847,False,W,True
301029,B15,1,148,23,21,110,11,3.8666666666666667,4.133333333333334,4.0,8.181818181818182,True,W,True
301029,B20,0,94,18,18,80,4,5.361638888888889,4.957694444444444,5.159666666666666,11.25,False,N,True
301030,B13,0,74,13,17,62,3,7.499228395061729,5.332407407407407,6.4158179012345675,14.516129032258064,False,N,True
301030,B14,1,81,13,15,65,5,6.833333333333333,6.048611111111112,6.440972222222222,13.846153846153847,False,W,True
301030,B15,1,148,23,21,110,11,3.873532407407408,4.147728395061728,4.010630401234568,8.181818181818182,True,W,True
301030,B20,0,94,18,18,80,4,5.349259259259259,4.954859567901234,5.152059413580247,11.25,False,N,True
301031,B13,0,74,13,17,62,3,7.500222222222222,5.336203703703704,6.418212962962963,14.516129032258064,False,N,True
301031,B15,1,148,23,21,110,11,3.8836435185185185,4.17066049382716,4.027152006172839,8.181818181818182,True,W,True
301031,B20,0,94,18,18,80,4,5.332037037037037,4.953501543209877,5.142769290123456,11.25,False,N,True
301032,B13,0,74,13,17,62,3,7.502447530864198,5.339722222222222,6.421084876543209,14.516129032258064,False,N,True
301032,B15,1,148,23,21,110,11,3.893185185185185,4.192293209876543,4.042739197530865,8.181818181818182,True,W,True
301032,B20,0,94,18,18,80,4,5.31762962962963,4.954476851851852,5.136053240740741,11.25,False,N,True
301033,B15,1,148,23,21,111,11,3.903462962962963,4.216185185185185,4.059824074074074,8.108108108108109,True,W,True
301033,B20,0,94,19,18,80,4,5.301646604938272,4.958853395061728,5.13025,11.25,False,N,True
301034,B15,1,148,23,22,111,12,3.9168148148148147,4.226888888888889,4.071851851851852,8.108108108108109,True,W,True
301035,B15,1,148,23,22,111,12,3.923987654320988,4.213736111111111,4.068861882716049,8.108108108108109,True,W,True
301036,B15,1,148,23,22,111,12,3.935117283950617,4.192291666666667,4.063704475308642,8.108108108108109,True,W,True
301037,B15,1,148,23,22,111,12,3.935445987654321,4.175817901234568,4.055631944444444,8.108108108108109,True,W,True
301038,B15,1,148,23,22,111,12,3.936186728395062,4.155253086419753,4.045719907407407,8.108108108108109,True,W,True
301039,B15,1,148,23,21,110,12,3.937506172839506,4.158043209876543,4.047774691358025,8.181818181818182,True,W,True
301041,B15,1,148,22,21,110,11,3.9441358024691358,4.2234490740740736,4.083792438271605,8.181818181818182,True,W,True
301042,B15,1,148,22,22,110,11,3.987074074074074,4.232445987654321,4.109760030864198,8.181818181818182,True,W,True
301043,B15,1,148,23,22,110,11,4.00983950617284,4.2153580246913585,4.112598765432099,8.181818181818182,True,W,True
301043,B83,0,108,26,14,90,4,3.661111111111111,6.672222222222222,5.166666666666667,10.0,True,N,True
301044,B15,1,148,23,22,111,11,4.0004691358024695,4.185533950617284,4.093001543209876,8.108108108108109,True,W,True
301044,B83,0,108,26,14,90,4,3.6538888888888885,6.6251388888888885,5.139513888888889,10.0,True,N,True
301045,B15,1,148,23,22,111,11,3.9944444444444445,4.1611111111111105,4.0777777777777775,8.108108108108109,True,W,True
301046,B15,1,148,23,22,111,11,3.9831018518518517,4.1463425925925925,4.064722222222222,8.108108108108109,True,W,True
301049,B15,1,148,22,21,110,11,4.037087962962963,4.2172731481481485,4.127180555555555,8.181818181818182,True,W,True
301050,B15,1,148,22,22,110,11,4.062166666666666,4.244203703703704,4.153185185185185,8.181818181818182,True,W,True
301051,B15,1,148,22,22,110,11,4.088,4.221888888888889,4.154944444444444,8.181818181818182,True,W,True
301052,B15,1,148,23,22,110,11,4.082668209876543,4.204674382716049,4.143671296296296,8.181818181818182,True,W,True
301052,B35,1,199,32,35,162,9,3.2222222222222223,3.5722222222222224,3.3972222222222226,5.555555555555555,True,W,True
301053,B15,1,148,23,22,110,11,4.067513888888889,4.189177469135802,4.128345679012345,8.181818181818182,True,W,True
301053,B35,1,199,32,36,162,9,3.232766975308642,3.587882716049383,3.4103248456790123,5.555555555555555,True,W,True
301054,B15,1,148,23,22,110,11,4.05,4.1722222222222225,4.111111111111111,8.181818181818182,True,W,True
301056,B15,1,148,22,21,110,12,4.039807098765432,4.196010802469136,4.1179089506172835,8.181818181818182,True,W,True
301056,B35,1,199,33,37,162,10,3.22562962962963,3.4611712962962966,3.343400462962963,5.555555555555555,True,W,True
301057,B15,1,148,22,21,110,12,4.0615246913580245,4.233191358024691,4.147358024691358,8.181818181818182,True,W,True
301058,B15,1,148,22,22,110,12,4.095402777777777,4.214662037037037,4.155032407407408,8.181818181818182,True,W,True
301059,B15,1,148,23,22,110,12,4.104381172839506,4.19200462962963,4.148192901234568,8.181818181818182,True,W,True
301060,B15,1,148,23,22,110,12,4.068501543209877,4.165692901234568,4.117097222222222,8.181818181818182,True,W,True
301061,B15,1,148,23,22,110,12,4.048121913580247,4.152807098765432,4.100464506172839,8.181818181818182,True,W,True
301062,B15,1,148,22,21,110,12,4.05632561728395,4.17625,4.116287808641975,8.181818181818182,True,W,True
301062,B47,0,99,21,17,80,6,4.392708333333333,5.2184182098765435,4.805563271604938,11.25,False,N,True
301063,B15,1,148,22,21,110,12,4.079418209876543,4.215621913580247,4.147520061728395,8.181818181818182,True,W,True
301064,B15,1,148,22,22,110,12,4.0989305555555555,4.227287037037037,4.163108796296297,8.181818181818182,True,W,True
301066,B15,1,148,23,22,109,11,4.144444444444444,4.188888888888889,4.166666666666667,8.256880733944953,True,W,True
301066,B47,0,99,21,17,79,6,4.366666666666666,5.2444444444444445,4.805555555555555,11.39240506329114,False,N,True
301067,B15,1,148,23,22,109,11,4.087640432098765,4.165830246913581,4.1267353395061726,8.256880733944953,True,W,True
301067,B45,0,78,12,17,65,4,7.3233950617283945,5.44774074074074,6.385567901234568,13.846153846153847,False,E,True
301067,B65,1,76,13,13,61,2,7.195723765432098,7.118094135802469,7.156908950617284,14.754098360655737,False,W,True
301069,B15,1,148,22,21,109,11,4.06167438271605,4.166191358024691,4.113932870370371,8.256880733944953,True,W,True
301069,B65,1,76,13,13,61,2,7.150932098765432,7.0531296296296295,7.1020308641975305,14.754098360655737,False,W,True
301070,B15,1,148,22,21,109,12,4.071563271604939,4.185018518518519,4.1282908950617285,8.256880733944953,True,W,True
301070,B65,1,76,13,12,61,2,7.139376543209877,7.03707561728395,7.088226080246914,14.754098360655737,False,W,True
301071,B15,1,148,22,21,109,12,4.091125,4.220541666666667,4.155833333333333,8.256880733944953,True,W,True
301071,B65,1,76,13,12,61,2,7.1178842592592595,7.0775601851851855,7.097722222222222,14.754098360655737,False,W,True
301072,B15,1,148,22,22,110,12,4.119115740740741,4.207020061728395,4.163067901234568,8.181818181818182,True,W,True
301072,B65,1,76,13,12,61,2,7.091425925925926,7.1308796296296295,7.111152777777778,14.754098360655737,False,W,True
301073,B15,1,148,22,22,110,12,4.149669753086419,4.18895987654321,4.169314814814815,8.181818181818182,True,W,True
301073,B65,1,76,14,12,61,2,7.022932098765432,7.185287037037037,7.104109567901235,14.754098360655737,False,W,True
301074,B15,1,148,23,22,110,12,4.158598765432099,4.172845679012346,4.1657222222222225,8.181818181818182,True,W,True
301074,B65,1,76,13,13,61,2,7.011111111111111,7.172222222222222,7.091666666666667,14.754098360655737,False,W,True
301075,B15,1,148,23,21,109,12,4.140354938271605,4.170092592592592,4.1552237654320985,8.256880733944953,True,W,True
301076,B15,1,148,23,21,109,12,4.117532407407407,4.1901574074074075,4.153844907407407,8.256880733944953,True,W,True
301077,B15,1,148,22,21,109,12,4.133333333333334,4.216666666666667,4.175,8.256880733944953,True,W,True
301078,B15,1,148,22,21,109,12,4.137316358024692,4.2403456790123455,4.188831018518519,8.256880733944953,True,W,True
301079,B15,1,148,22,22,109,12,4.1449135802469135,4.26558487654321,4.205249228395062,8.256880733944953,True,W,True
301080,B15,1,148,22,22,109,12,4.152154320987655,4.247371913580247,4.1997631172839505,8.256880733944953,True,W,True
301081,B15,1,148,22,22,109,12,4.171125,4.217052469135803,4.194088734567901,8.256880733944953,True,W,True
301082,B15,1,148,22,21,109,12,4.187927469135802,4.213473765432099,4.2007006172839505,8.256880733944953,True,W,True
301083,B15,1,148,23,21,109,12,4.185462962962963,4.224572530864197,4.2050177469135805,8.256880733944953,True,W,True
301084,B15,1,148,22,21,109,13,4.156964506172839,4.242751543209876,4.199858024691358,8.256880733944953,True,W,True
301087,B15,1,148,22,21,109,13,4.188075617283951,4.273405864197531,4.230740740740741,8.256880733944953,True,W,True
301088,B15,1,148,22,21,109,13,4.195293209876543,4.280763888888889,4.238028549382716,8.256880733944953,True,W,True
301089,B15,1,148,22,22,109,13,4.211351851851852,4.279118827160493,4.245235339506173,8.256880733944953,True,W,True
301090,B15,1,148,22,22,109,12,4.228086419753087,4.243813271604938,4.235949845679013,8.256880733944953,True,W,True
301091,B15,1,148,22,22,109,12,4.243699074074074,4.213703703703704,4.228701388888889,8.256880733944953,True,W,True
301092,B15,1,148,22,21,109,12,4.25696450617284,4.213905864197531,4.235435185185185,8.256880733944953,True,W,True
301092,B46,0,136,23,16,98,11,4.035149691358025,5.463847222222222,4.749498456790123,9.183673469387756,True,N,True
301092,B47,0,99,21,17,78,7,4.359376543209876,5.341061728395061,4.85021913580247,11.538461538461538,False,N,True
301095,B15,0,145,19,22,105,13,4.752148148148148,4.19966512345679,4.4759066358024695,8.571428571428571,True,E,True
301096,B15,0,145,19,22,106,13,4.763876543209877,4.177746913580247,4.470811728395062,8.49056603773585,True,E,True
301097,B15,0,145,20,22,106,13,4.730950617283951,4.159942901234568,4.445446759259259,8.49056603773585,True,E,True
301098,B15,0,145,20,22,106,12,4.704322530864198,4.14895061728395,4.426636574074075,8.49056603773585,True,E,True
301099,B15,0,145,20,22,106,12,4.690450617283951,4.144783950617284,4.417617283950618,8.49056603773585,True,E,True
301100,B15,0,145,20,22,106,12,4.663106481481481,4.140569444444444,4.401837962962962,8.49056603773585,True,E,True
301101,B15,0,145,19,22,106,12,4.685802469135803,4.140013888888889,4.412908179012346,8.49056603773585,True,E,True
301103,B15,0,145,19,22,106,12,4.732,4.139388888888889,4.435694444444445,8.49056603773585,True,E,True
301104,B15,0,145,20,22,105,12,4.740890432098765,4.139191358024691,4.4400408950617285,8.571428571428571,True,E,True
301105,B15,0,145,20,23,106,12,4.7295185185185185,4.138395061728395,4.433956790123457,8.49056603773585,True,E,True
301106,B15,0,145,20,23,106,13,4.711768518518519,4.089037037037037,4.400402777777777,8.49056603773585,True,E,True
301107,B15,0,145,20,22,106,13,4.683333333333334,4.072222222222222,4.377777777777778,8.49056603773585,True,E,True
301108,B15,0,145,20,22,106,13,4.659410493827161,4.076819444444444,4.368114969135802,8.49056603773585,True,E,True
301109,B15,0,145,20,22,106,13,4.625487654320988,4.087046296296296,4.356266975308642,8.49056603773585,True,E,True
301110,B15,0,145,19,22,106,13,4.649407407407407,4.0986774691358026,4.374042438271605,8.49056603773585,True,E,True
301110,B65,0,74,12,14,60,2,7.8148888888888886,6.567938271604938,7.1914135802469135,15.0,False,E,True
301115,B15,0,145,20,22,106,12,4.634808641975309,4.038353395061728,4.336581018518518,8.49056603773585,True,E,True
301115,B65,0,74,12,13,59,2,7.866418209876543,6.822733024691358,7.344575617283951,15.254237288135593,False,E,True
301116,B15,0,145,20,22,106,12,4.626790123456789,4.055740740740741,4.341265432098766,8.49056603773585,True,E,True
301116,B65,0,74,12,14,59,2,7.867972222222222,6.815993827160494,7.341983024691358,15.254237288135593,False,E,True
301117,B15,0,145,20,23,106,12,4.605881172839506,4.051430555555556,4.328655864197531,8.49056603773585,True,E,True
301118,B15,0,145,20,23,106,12,4.591598765432098,4.029700617283951,4.310649691358025,8.49056603773585,True,E,True
301119,B15,0,145,20,23,106,12,4.585231481481482,4.006466049382716,4.2958487654320985,8.49056603773585,True,E,True
301120,B15,0,145,20,23,106,12,4.588888888888889,3.9833333333333334,4.286111111111111,8.49056603773585,True,E,True
301121,B14,0,85,13,18,68,6,7.221875,5.1047777777777785,6.163326388888889,13.235294117647058,False,E,True
301122,B15,0,145,20,22,106,12,4.579308641975309,4.0304166666666665,4.304862654320988,8.49056603773585,True,E,True
301123,B15,0,145,20,23,106,12,4.578047839506173,4.014538580246914,4.296293209876543,8.49056603773585,True,E,True
301124,B15,0,145,21,23,106,12,4.546703703703703,3.9887283950617283,4.267716049382716,8.49056603773585,True,E,True
301125,B15,0,145,21,23,106,12,4.494351851851851,3.9709814814814814,4.232666666666667,8.49056603773585,True,E,True
301126,B15,0,145,20,22,106,12,4.477513888888889,3.972260802469136,4.224887345679012,8.49056603773585,True,E,True
301127,B15,0,145,20,23,106,12,4.502902777777778,3.9894814814814814,4.246192129629629,8.49056603773585,True,E,True
301128,B15,0,145,20,23,105,13,4.527154320987654,3.9813904320987654,4.25427237654321,8.571428571428571,True,E,True
301132,B15,0,145,21,23,106,13,4.461111111111111,3.961111111111111,4.211111111111111,8.49056603773585,True,E,True
301132,B35,0,206,35,41,169,9,3.3718966049382715,2.8477654320987655,3.1098310185185185,5.325443786982248,True,E,True
301133,B15,0,145,21,23,106,13,4.434945987654321,3.9527808641975306,4.193863425925926,8.49056603773585,True,E,True
301133,B35,0,105,14,17,77,9,6.694999999999999,5.3551774691358025,6.025088734567901,11.688311688311689,False,E,True
301135,B15,0,145,20,23,106,12,4.430092592592592,3.942506172839506,4.186299382716049,8.49056603773585,True,E,True
301136,B15,0,145,20,23,106,12,4.465277777777778,3.943458333333333,4.204368055555555,8.49056603773585,True,E,True
301137,B15,0,145,20,23,105,12,4.4981481481481485,3.9487654320987655,4.223456790123457,8.571428571428571,True,E,True
301138,B15,0,145,20,23,105,12,4.5189814814814815,3.954546296296296,4.236763888888889,8.571428571428571,True,E,True
301139,B15,0,145,20,23,105,12,4.540740740740741,3.962581790123457,4.251661265432099,8.571428571428571,True,E,True
301141,B15,0,145,21,23,105,12,4.550197530864198,4.061495370370371,4.305846450617284,8.571428571428571,True,E,True
301141,B83,1,105,19,20,90,2,4.99416975308642,4.504074074074074,4.749121913580248,10.0,True,S,True
301142,B15,0,145,21,23,105,12,4.524865740740741,4.045648148148148,4.285256944444444,8.571428571428571,True,E,True
301142,B83,1,105,19,20,90,2,4.942861111111111,4.516851851851852,4.729856481481481,10.0,True,S,True
301143,B15,0,145,21,23,105,12,4.513166666666667,4.039069444444444,4.276118055555556,8.571428571428571,True,E,True
301143,B83,1,105,19,20,90,2,4.922222222222222,4.522222222222222,4.722222222222222,10.0,True,S,True
301144,B15,0,145,21,23,106,12,4.470212962962963,4.019981481481482,4.245097222222222,8.49056603773585,True,E,True
301145,B15,0,145,21,23,106,12,4.439516975308641,4.009555555555555,4.224536265432099,8.49056603773585,True,E,True
301147,B15,0,145,20,23,106,12,4.4674861111111115,3.997097222222222,4.232291666666667,8.49056603773585,True,E,True
301148,B15,0,145,20,23,105,12,4.478432098765433,3.9932592592592595,4.235845679012345,8.571428571428571,True,E,True
301149,B15,0,145,20,24,105,12,4.488009259259259,3.9868441358024693,4.237426697530864,8.571428571428571,True,E,True
301151,B15,0,145,20,23,105,12,4.5061635802469135,3.97978549382716,4.242974537037037,8.571428571428571,True,E,True
301152,B15,0,145,20,23,105,12,4.526503086419753,3.9785925925925927,4.252547839506173,8.571428571428571,True,E,True
301153,B15,0,145,20,23,105,12,4.549537037037037,3.9789861111111113,4.264261574074074,8.571428571428571,True,E,True
301155,B15,0,145,21,23,105,12,4.581478395061728,3.9835740740740744,4.282526234567901,8.571428571428571,True,E,True
301155,B20,1,94,17,19,80,3,5.774166666666667,4.846759259259259,5.310462962962963,11.25,False,S,True
301156,B13,1,74,12,15,61,2,8.373888888888889,5.928888888888889,7.151388888888889,14.754098360655737,False,S,True
301156,B15,0,145,21,23,106,13,4.553461419753087,3.9871481481481483,4.270304783950618,8.49056603773585,True,E,True
301156,B20,1,94,17,19,80,3,5.784166666666667,4.8506481481481485,5.317407407407407,11.25,False,S,True
301162,B11,0,93,16,17,79,1,6.011202160493827,5.518648148148148,5.764925154320988,11.39240506329114,False,E,True
301168,B11,0,99,19,17,85,1,5.169135802469136,5.431481481481482,5.300308641975309,10.588235294117647,False,E,True
301170,B11,0,99,19,18,85,1,5.066666666666666,5.416666666666667,5.241666666666666,10.588235294117647,False,E,True
301171,B11,0,99,19,18,86,1,5.005137345679013,5.314123456790123,5.159630401234568,10.465116279069768,False,E,True
301172,B11,0,99,18,18,86,1,5.0376867283950615,5.220793209876543,5.129239969135802,10.465116279069768,False,E,True
301173,B11,0,99,18,18,86,1,5.058166666666667,5.184055555555556,5.1211111111111105,10.465116279069768,False,E,True
301174,B11,0,99,19,18,86,1,5.066552469135802,5.137461419753086,5.102006944444444,10.465116279069768,False,E,True
301175,B11,0,99,19,18,86,2,5.044444444444445,5.138888888888888,5.091666666666667,10.465116279069768,False,E,True
301177,B11,0,99,19,18,86,2,4.996072530864198,5.080890432098766,5.038481481481481,10.465116279069768,False,E,True
301178,B11,0,99,19,18,86,2,4.962817901234568,5.065942901234568,5.014380401234567,10.465116279069768,False,E,True
301179,B11,0,99,19,18,86,2,4.925888888888889,5.06128549382716,4.993587191358025,10.465116279069768,False,E,True
301180,B11,0,99,18,19,85,2,4.97433487654321,4.973140432098765,4.9737376543209875,10.588235294117647,False,E,True
301183,B11,0,99,19,19,85,2,4.965307098765432,4.877973765432099,4.921640432098766,10.588235294117647,False,E,True
301184,B11,0,99,19,19,86,2,4.9345895061728395,4.834740740740741,4.88466512345679,10.465116279069768,False,E,True
301185,B11,0,99,19,19,86,2,4.91008950617284,4.812945987654321,4.86151774691358,10.465116279069768,False,E,True
301187,B11,0,99,19,20,86,2,4.857223765432098,4.777904320987655,4.8175640432098765,10.465116279069768,False,E,True
301188,B11,0,99,18,20,86,2,4.842063271604938,4.714777777777778,4.778420524691358,10.465116279069768,False,E,True
301189,B11,0,99,18,20,86,2,4.900098765432099,4.660695987654321,4.78039737654321,10.465116279069768,False,E,True
301189,B68,1,111,18,20,92,7,5.062371913580247,4.607007716049383,4.834689814814815,9.782608695652174,True,S,True
301278,B68,0,111,14,22,90,8,6.406172839506173,4.179367283950617,5.292770061728395,10.0,True,N,True
301279,B11,1,99,18,20,86,3,5.162819444444444,4.456427469135803,4.809623456790123,10.465116279069768,False,W,True
301280,B11,1,99,18,20,86,3,5.211538580246914,4.4768688271604935,4.844203703703704,10.465116279069768,False,W,True
301281,B11,1,99,18,20,86,3,5.251742283950618,4.498648148148148,4.8751952160493826,10.465116279069768,False,W,True
301282,B11,1,99,19,21,86,3,5.256878086419753,4.496733024691357,4.876805555555555,10.465116279069768,False,W,True
301283,B11,1,99,18,21,86,3,5.269850308641976,4.466709876543209,4.868280092592593,10.465116279069768,False,W,True
301286,B11,1,99,18,20,85,3,5.4,4.416666666666667,4.908333333333333,10.588235294117647,False,W,True
301287,B11,1,99,17,21,85,3,5.420671296296296,4.442865740740741,4.931768518518519,10.588235294117647,False,W,True
301288,B11,1,99,17,21,85,3,5.488888888888889,4.414691358024692,4.95179012345679,10.588235294117647,False,W,True
301289,B11,1,99,17,21,85,3,5.549307098765433,4.395280864197531,4.9722939814814815,10.588235294117647,False,W,True
301290,B11,1,99,17,20,85,3,5.607962962962962,4.384506172839506,4.996234567901235,10.588235294117647,False,W,True
301292,B11,1,99,17,21,85,3,5.716666666666667,4.4944444444444445,5.105555555555555,10.588235294117647,False,W,True
301293,B11,1,99,17,21,86,3,5.766203703703704,4.4611682098765435,5.113685956790123,10.465116279069768,False,W,True
301295,B11,1,99,16,21,86,3,5.861384259259259,4.437783950617284,5.149584104938271,10.465116279069768,False,W,True
301296,B11,1,99,17,21,86,3,5.998623456790123,4.409135802469136,5.203879629629629,10.465116279069768,False,W,True
301297,B11,1,99,17,21,86,3,5.986270061728395,4.391925925925927,5.18909799382716,10.465116279069768,False,W,True
301298,B11,1,99,17,20,85,3,5.970145061728394,4.387291666666667,5.178718364197532,10.588235294117647,False,W,True
301309,B12,0,149,29,25,123,8,3.138888888888889,3.6666666666666665,3.4027777777777777,7.317073170731708,True,E,True
301310,B12,0,149,29,25,123,8,3.1457561728395063,3.659222222222222,3.402489197530864,7.317073170731708,True,E,True
301311,B12,0,149,29,25,123,8,3.170055555555556,3.643763888888889,3.406909722222222,7.317073170731708,True,E,True
301312,B12,0,149,29,26,123,8,3.1837114197530867,3.6034722222222224,3.393591820987654,7.317073170731708,True,E,True
301313,B12,0,149,30,25,123,8,3.1947592592592593,3.6114814814814817,3.4031203703703707,7.317073170731708,True,E,True
301314,B12,0,149,29,25,123,8,3.161111111111111,3.6277777777777778,3.3944444444444444,7.317073170731708,True,E,True
301315,B12,0,149,29,25,123,8,3.177592592592593,3.634952160493827,3.4062723765432095,7.317073170731708,True,E,True
301316,B12,0,149,29,26,124,8,3.1933333333333334,3.5905015432098764,3.391917438271605,7.258064516129032,True,E,True
301317,B12,0,149,29,25,124,8,3.2085185185185185,3.5701913580246916,3.389354938271605,7.258064516129032,True,E,True
301318,B12,0,149,28,25,123,9,3.261111111111111,3.5824398148148147,3.421775462962963,7.317073170731708,True,E,True
301319,B12,0,149,29,25,123,9,3.305555555555556,3.594444444444444,3.45,7.317073170731708,True,E,True
301320,B12,0,149,29,25,123,9,3.2959722222222223,3.6039444444444446,3.4499583333333335,7.317073170731708,True,E,True
301322,B12,0,149,29,26,123,9,3.2746666666666666,3.557104938271605,3.415885802469136,7.317073170731708,True,E,True
301323,B12,0,149,29,26,123,9,3.2647793209876546,3.5315972222222225,3.3981882716049383,7.317073170731708,True,E,True
301326,B12,0,149,28,25,123,8,3.2689382716049384,3.503273148148148,3.3861057098765435,7.317073170731708,True,E,True
301328,B12,0,149,28,26,123,8,3.3716574074074073,3.529566358024691,3.450611882716049,7.317073170731708,True,E,True
301329,B12,0,149,29,26,123,8,3.4222515432098763,3.5084953703703703,3.4653734567901235,7.317073170731708,True,E,True
301330,B12,0,149,29,26,124,8,3.414716049382716,3.493973765432099,3.4543449074074077,7.258064516129032,True,E,True
301332,B12,0,149,28,26,123,8,3.4699999999999998,3.4686404320987654,3.4693202160493826,7.317073170731708,True,E,True
301332,B47,0,99,21,17,80,6,4.38486111111111,5.3069444444444445,4.845902777777778,11.25,False,N,True
301333,B12,0,149,28,26,123,8,3.5,3.466666666666667,3.4833333333333334,7.317073170731708,True,E,True
301333,B14,0,85,13,18,68,6,7.199166666666667,5.05683487654321,6.128000771604937,13.235294117647058,False,E,True
301343,B12,0,149,27,26,122,9,3.595953703703704,3.4379567901234567,3.5169552469135805,7.377049180327869,True,E,True
301384,B20,0,94,19,19,80,5,4.986197530864198,4.865456790123457,4.925827160493827,11.25,False,N,True
301384,B83,0,108,27,15,90,4,3.543736111111111,6.434691358024692,4.989213734567901,10.0,True,N,True
301386,B12,1,149,29,22,122,7,3.2052098765432095,4.192871913580246,3.6990408950617284,7.377049180327869,True,W,True
301395,B12,1,149,29,23,122,7,3.206797839506173,3.9985524691358023,3.602675154320988,7.377049180327869,True,W,True
301397,B12,1,149,29,23,122,7,3.2168055555555553,3.996638888888889,3.6067222222222224,7.377049180327869,True,W,True
301398,B12,1,149,30,24,122,7,3.2050138888888893,3.980541666666667,3.5927777777777776,7.377049180327869,True,W,True
301400,B12,1,149,29,23,122,7,3.1841172839506173,3.8782839506172837,3.5312006172839507,7.377049180327869,True,W,True
301402,B12,1,149,29,23,123,7,3.2047145061728397,3.911510802469136,3.5581126543209876,7.317073170731708,True,W,True
301403,B12,1,149,30,24,123,7,3.2121682098765434,3.900398148148148,3.556283179012346,7.317073170731708,True,W,True
301404,B12,1,149,30,24,123,7,3.194168209876543,3.88145987654321,3.5378140432098766,7.317073170731708,True,W,True
301405,B12,1,149,29,24,123,7,3.1879243827160493,3.868444444444444,3.528184413580247,7.317073170731708,True,W,True
301406,B12,1,149,29,24,123,7,3.211111111111111,3.844444444444444,3.5277777777777777,7.317073170731708,True,W,True
301407,B12,1,149,29,24,123,7,3.220912037037037,3.8295416666666666,3.525226851851852,7.317073170731708,True,W,True
301408,B12,1,149,29,25,122,7,3.2289537037037035,3.797054012345679,3.513003858024691,7.377049180327869,True,W,True
301409,B12,1,149,30,24,123,7,3.223385802469136,3.7547839506172838,3.4890848765432096,7.317073170731708,True,W,True
301410,B12,1,149,29,25,123,7,3.2444444444444445,3.783333333333333,3.513888888888889,7.317073170731708,True,W,True
301412,B12,1,149,29,25,123,7,3.243996913580247,3.673733024691358,3.4588649691358024,7.317073170731708,True,W,True
301413,B12,1,149,28,25,123,7,3.2996666666666665,3.656027777777778,3.477847222222222,7.317073170731708,True,W,True
301414,B12,1,149,29,25,123,8,3.310675925925926,3.647287037037037,3.4789814814814815,7.317073170731708,True,W,True
301418,B13,0,74,13,17,62,3,7.538055555555556,5.361944444444444,6.45,14.516129032258064,False,N,True
301418,B84,0,32,6,6,30,0,14.891290123456791,14.944898148148148,14.91809413580247,30.0,False,N,True
301419,B13,0,74,13,17,62,3,7.502166666666667,5.3694444444444445,6.435805555555556,14.516129032258064,False,N,True
301420,B13,0,74,13,17,62,3,7.501736111111112,5.374074074074074,6.437905092592592,14.516129032258064,False,N,True
301421,B13,0,74,13,17,62,3,7.501205246913581,5.378425925925926,6.439815586419753,14.516129032258064,False,N,True
301429,B13,0,74,14,17,62,4,7.062953703703704,5.395777777777778,6.229365740740741,14.516129032258064,False,N,True
301430,B13,0,74,14,17,62,4,7.030407407407408,5.406703703703704,6.218555555555556,14.516129032258064,False,N,True
301431,B13,0,74,14,17,63,4,6.954375,5.452212962962963,6.203293981481481,14.285714285714286,False,N,True
301435,B13,0,74,14,17,63,4,7.0380972222222224,5.425939814814814,6.232018518518518,14.285714285714286,False,N,True
301436,B13,0,74,14,17,63,4,7.02783487654321,5.42380401234568,6.225819444444444,14.285714285714286,False,N,True
301437,B13,0,74,14,17,63,4,7.018705246913581,5.424408950617283,6.221557098765432,14.285714285714286,False,N,True
301492,B13,1,74,11,15,61,2,8.83888888888889,6.116666666666666,7.477777777777778,14.754098360655737,False,S,True
301493,B13,1,74,10,15,61,2,8.759930555555554,6.123895061728395,7.441912808641975,14.754098360655737,False,S,True
301494,B13,1,74,10,15,61,2,8.784537037037037,6.1312037037037035,7.457870370370371,14.754098360655737,False,S,True
301495,B13,1,74,11,16,61,2,8.843111111111112,6.055907407407407,7.449509259259259,14.754098360655737,False,S,True
301496,B13,1,74,11,16,61,2,8.817013888888889,5.994203703703704,7.405608796296296,14.754098360655737,False,S,True
301497,B13,1,74,11,15,61,2,8.789575617283951,5.942592592592592,7.366084104938271,14.754098360655737,False,S,True
301500,B13,1,74,11,15,60,2,8.712228395061727,6.071296296296296,7.3917623456790125,15.0,False,S,True
301501,B13,1,74,11,16,61,2,8.684180555555555,6.0375,7.360840277777778,14.754098360655737,False,S,True
301503,B13,1,74,11,16,61,2,8.646927469135802,5.973611111111111,7.310269290123457,14.754098360655737,False,S,True
301504,B13,1,74,11,16,61,2,8.630353395061729,5.944907407407408,7.287630401234567,14.754098360655737,False,S,True
301505,B13,1,74,12,16,61,2,8.61111111111111,5.911111111111111,7.261111111111111,14.754098360655737,False,S,True
301506,B13,1,74,12,16,61,2,8.554074074074073,5.887037037037037,7.220555555555555,14.754098360655737,False,S,True
301507,B13,1,74,12,16,61,2,8.499629629629629,5.863425925925926,7.181527777777777,14.754098360655737,False,S,True
301511,B13,1,74,11,16,62,2,8.224320987654322,5.853672839506173,7.038996913580247,14.516129032258064,False,S,True
301512,B13,1,74,11,16,62,2,8.24195524691358,5.841658950617284,7.041807098765432,14.516129032258064,False,S,True
301516,B14,0,85,12,18,68,6,7.229425925925926,5.239336419753086,6.234381172839506,13.235294117647058,False,E,True
301517,B14,0,85,13,18,68,6,7.253458333333333,5.1866666666666665,6.2200625,13.235294117647058,False,E,True
301521,B12,0,149,28,26,123,8,3.5134259259259255,3.473967592592593,3.4936967592592594,7.317073170731708,True,E,True
301521,B14,0,85,13,18,67,6,7.15,5.111111111111112,6.1305555555555555,13.432835820895523,False,E,True
301521,B7,0,70,15,13,58,3,6.258746913580247,7.265587962962964,6.762167438271605,15.517241379310345,False,N,True
301522,B12,0,149,28,26,123,8,3.518425925925926,3.482944444444444,3.5006851851851852,7.317073170731708,True,E,True
301522,B14,0,85,13,18,67,6,7.120833333333334,5.0827222222222215,6.101777777777778,13.432835820895523,False,E,True
301530,B14,0,85,12,19,68,6,7.289382716049383,4.994938271604938,6.142160493827161,13.235294117647058,False,E,True
301531,B14,0,85,12,18,68,6,7.375324074074074,4.987513888888889,6.181418981481482,13.235294117647058,False,E,True
301532,B14,0,85,13,18,68,6,7.352246913580247,4.98788425925926,6.170065586419753,13.235294117647058,False,E,True
301534,B14,0,85,13,18,68,6,7.324009259259259,4.990555555555556,6.157282407407408,13.235294117647058,False,E,True
301535,B14,0,85,13,18,68,6,7.29607561728395,4.995206790123457,6.145641203703704,13.235294117647058,False,E,True
301536,B14,0,85,13,18,68,6,7.252901234567902,5.006327160493827,6.129614197530865,13.235294117647058,False,E,True
301537,B14,0,85,13,18,68,6,7.225293209876543,5.015686728395062,6.120489969135803,13.235294117647058,False,E,True
301538,B14,0,85,13,18,68,7,7.194444444444445,5.027777777777778,6.111111111111112,13.235294117647058,False,E,True
301539,B14,0,85,13,18,68,7,7.146029320987654,5.04158487654321,6.093807098765432,13.235294117647058,False,E,True
301540,B14,0,85,13,19,68,7,7.116021604938271,5.040188271604938,6.078104938271605,13.235294117647058,False,E,True
301541,B14,0,85,12,18,68,7,7.131342592592592,5.0250462962962965,6.078194444444445,13.235294117647058,False,E,True
301542,B14,0,85,12,18,67,7,7.1630370370370375,5.020629629629629,6.091833333333333,13.432835820895523,False,E,True
301543,B14,0,85,12,18,67,7,7.195381172839506,5.018158950617283,6.106770061728395,13.432835820895523,False,E,True
301544,B14,0,85,12,18,67,7,7.2272839506172835,5.016728395061729,6.122006172839506,13.432835820895523,False,E,True
301545,B14,0,85,12,18,67,7,7.25,5.016666666666667,6.133333333333334,13.432835820895523,False,E,True
301546,B14,0,85,12,18,67,7,7.303333333333333,5.012729938271605,6.15803163580247,13.432835820895523,False,E,True
301547,B14,0,85,12,18,67,7,7.346666666666667,5.013655864197531,6.180161265432099,13.432835820895523,False,E,True
301548,B14,0,85,12,18,67,7,7.389166666666667,5.01666049382716,6.202913580246913,13.432835820895523,False,E,True
301549,B14,0,85,12,18,67,7,7.433333333333334,5.023172839506173,6.228253086419754,13.432835820895523,False,E,True
301550,B13,0,74,14,17,62,3,7.327777777777778,5.355555555555555,6.341666666666667,14.516129032258064,False,N,True
301550,B14,0,85,13,18,67,7,7.406574074074074,5.040763888888889,6.223668981481482,13.432835820895523,False,E,True
301551,B13,0,74,14,17,62,3,7.276461419753087,5.358373456790123,6.317417438271605,14.516129032258064,False,N,True
301551,B14,0,85,13,18,67,7,7.372222222222222,5.055555555555555,6.213888888888889,13.432835820895523,False,E,True
301552,B14,0,85,13,19,67,7,7.327086419753086,5.063851851851852,6.195469135802469,13.432835820895523,False,E,True
301553,B14,0,85,13,19,67,7,7.2996790123456785,5.0282731481481475,6.163976080246913,13.432835820895523,False,E,True
301554,B14,0,85,13,18,67,7,7.258342592592593,5.017407407407407,6.137874999999999,13.432835820895523,False,E,True
301555,B14,0,85,13,18,67,7,7.203722222222223,5.024765432098765,6.114243827160494,13.432835820895523,False,E,True
301556,B14,0,85,13,18,67,7,7.187608024691358,5.028037037037037,6.107822530864198,13.432835820895523,False,E,True
301560,B14,1,81,13,15,65,5,6.879259259259259,6.087061728395061,6.48316049382716,13.846153846153847,False,W,True
301561,B14,1,81,14,16,65,5,6.905185185185186,6.048388888888889,6.476787037037037,13.846153846153847,False,W,True
301562,B14,1,81,14,16,65,5,6.866666666666666,6.022222222222222,6.444444444444445,13.846153846153847,False,W,True
301563,B14,1,81,14,16,65,5,6.830796296296296,6.0,6.415398148148148,13.846153846153847,False,W,True
301564,B14,1,81,14,16,65,5,6.739888888888888,5.940555555555556,6.340222222222223,13.846153846153847,False,W,True
301565,B14,1,81,14,16,65,5,6.703569444444444,5.915555555555556,6.3095625,13.846153846153847,False,W,True
301566,B14,1,81,14,16,65,5,6.65737037037037,5.883333333333334,6.270351851851852,13.846153846153847,False,W,True
301567,B14,1,81,14,16,65,5,6.612185185185185,5.85,6.231092592592592,13.846153846153847,False,W,True
301568,B14,1,81,13,16,65,5,6.580382716049383,5.818333333333333,6.199358024691358,13.846153846153847,False,W,True
301569,B14,1,81,13,15,65,5,6.616666666666666,5.788888888888889,6.202777777777778,13.846153846153847,False,W,True
301570,B14,1,81,13,15,65,5,6.647361111111111,5.815981481481482,6.231671296296296,13.846153846153847,False,W,True
301572,B14,1,81,13,15,65,5,6.724691358024691,5.884760802469136,6.304726080246914,13.846153846153847,False,W,True
301573,B14,1,81,13,16,65,5,6.7667623456790125,5.86291512345679,6.314838734567902,13.846153846153847,False,W,True
301574,B14,1,81,14,16,65,5,6.799520061728395,5.837611111111111,6.318565586419753,13.846153846153847,False,W,True
301575,B14,1,81,14,16,65,5,6.780557098765432,5.815407407407407,6.29798225308642,13.846153846153847,False,W,True
301576,B14,1,81,14,16,65,5,6.761111111111111,5.794444444444445,6.277777777777778,13.846153846153847,False,W,True
301577,B14,1,81,14,16,65,5,6.7108888888888885,5.772526234567901,6.241707561728394,13.846153846153847,False,W,True
301578,B14,1,81,14,16,65,6,6.679054012345679,5.7616249999999996,6.220339506172839,13.846153846153847,False,W,True
301579,B14,1,81,14,16,65,6,6.6504212962962965,5.754112654320988,6.202266975308643,13.846153846153847,False,W,True
301580,B14,1,81,14,16,64,6,6.637083333333334,5.751388888888888,6.194236111111111,14.0625,False,W,True
301581,B14,1,81,14,16,64,6,6.605694444444444,5.747652777777778,6.176673611111111,14.0625,False,W,True
301582,B14,1,81,14,16,65,6,6.57737962962963,5.747861111111111,6.16262037037037,13.846153846153847,False,W,True
301583,B14,1,81,14,16,65,6,6.565847222222222,5.749347222222222,6.157597222222222,13.846153846153847,False,W,True
301585,B14,1,81,13,17,65,6,6.640740740740741,5.573779320987654,6.1072600308641976,13.846153846153847,False,W,True
301586,B14,1,81,13,17,65,6,6.722222222222222,5.490927469135802,6.106574845679012,13.846153846153847,False,W,True
301588,B14,1,81,13,16,65,6,6.787407407407408,5.460746913580247,6.124077160493827,13.846153846153847,False,W,True
301589,B14,1,81,13,16,65,6,6.852592592592592,5.476952160493827,6.16477237654321,13.846153846153847,False,W,True
301590,B14,1,81,13,16,65,5,6.9228703703703705,5.500449074074074,6.2116597222222225,13.846153846153847,False,W,True
301591,B12,1,149,29,23,122,7,3.186104938271605,4.12145524691358,3.6537800925925925,7.377049180327869,True,W,True
301591,B14,1,81,13,16,65,5,6.998240740740741,5.531504629629629,6.264872685185185,13.846153846153847,False,W,True
301593,B12,1,149,29,23,122,7,3.2078641975308644,4.0517515432098765,3.6298078703703704,7.377049180327869,True,W,True
301593,B14,1,81,14,17,65,5,7.114314814814815,5.570912037037036,6.342613425925927,13.846153846153847,False,W,True
301594,B12,1,149,30,23,123,7,3.216666666666667,4.022222222222222,3.6194444444444445,7.317073170731708,True,W,True
301594,B14,1,81,14,17,65,5,7.072430555555556,5.525236111111111,6.2988333333333335,13.846153846153847,False,W,True
301595,B14,1,81,14,17,65,5,7.038888888888889,5.4944444444444445,6.266666666666667,13.846153846153847,False,W,True
301597,B14,1,81,13,17,65,5,6.842561728395062,5.42,6.131280864197531,13.846153846153847,False,W,True
301598,B14,1,81,13,17,65,5,6.8734876543209875,5.3966666666666665,6.135077160493827,13.846153846153847,False,W,True
301599,B14,1,81,13,17,65,5,6.927888888888889,5.364444444444445,6.146166666666667,13.846153846153847,False,W,True
301601,B14,1,81,13,16,65,5,7.062160493827161,5.423148148148148,6.242654320987654,13.846153846153847,False,W,True
301602,B16,0,58,10,10,49,3,8.66111111111111,9.166666666666666,8.91388888888889,18.367346938775512,False,E,True
301603,B16,0,58,10,10,49,3,8.667890432098766,9.162151234567903,8.915020833333333,18.367346938775512,False,E,True
301604,B16,0,58,10,10,49,3,8.675651234567901,9.158467592592592,8.917059413580246,18.367346938775512,False,E,True
301604,X27,0,41,22,1,38,0,5.622111111111111,25.408333333333335,9.978251738994393,23.68421052631579,False,N,True
301604,X37,0,18,13,0,18,0,4.071656006284015,,4.071656006284015,50.0,False,N,True
301605,B16,0,58,10,10,49,3,8.683816358024693,9.15618827160494,8.920002314814814,18.367346938775512,False,E,True
301605,X27,0,41,22,1,38,0,5.631891975308642,25.633333333333333,10.06576583069088,23.68421052631579,False,N,True
301605,X37,0,18,13,0,18,0,4.066244072524407,,4.066244072524407,50.0,False,N,True
301606,B16,0,58,10,10,49,3,8.697510802469136,9.155216049382716,8.926363425925926,18.367346938775512,False,E,True
301606,X27,0,41,23,1,38,0,5.642574074074075,25.958333333333332,10.190442567972212,23.68421052631579,False,N,True
301606,X37,0,18,13,0,18,0,4.065017706949978,,4.065017706949978,50.0,False,N,True
301607,B16,0,58,10,10,49,3,8.712322530864197,9.157052469135802,8.934687499999999,18.367346938775512,False,E,True
301607,X27,0,41,23,1,38,0,5.63324537037037,26.275,10.297722711961587,23.68421052631579,False,N,True
301607,X37,0,18,13,0,18,0,4.071406413001702,,4.071406413001702,50.0,False,N,True
301608,B16,0,58,10,10,49,3,8.732285493827161,9.163509259259259,8.94789737654321,18.367346938775512,False,E,True
301608,X27,0,41,23,1,38,0,5.6217145061728395,26.675,10.435054043758779,23.68421052631579,False,N,True
301608,X37,0,18,13,0,18,0,4.090204153754145,,4.090204153754145,50.0,False,N,True
301609,B16,0,58,10,10,49,3,8.74286574074074,9.16776851851852,8.95531712962963,18.367346938775512,False,E,True
301610,B16,0,58,10,11,49,3,8.761111111111111,9.177777777777777,8.969444444444443,18.367346938775512,False,E,True
301611,B16,0,58,10,11,49,3,8.850080246913581,9.04508024691358,8.947580246913581,18.367346938775512,False,E,True
301612,B16,0,58,11,11,49,3,8.926561728395061,8.934709876543211,8.930635802469135,18.367346938775512,False,E,True
301613,B16,0,58,11,11,49,3,8.888657407407408,8.85273148148148,8.870694444444444,18.367346938775512,False,E,True
301614,B1,1,113,25,19,94,7,3.770876543209877,4.71,4.240438271604939,9.574468085106384,True,E,True
301614,B16,0,58,11,10,49,3,8.825555555555555,8.71111111111111,8.768333333333334,18.367346938775512,False,E,True
301615,B1,1,113,24,20,94,7,3.7895925925925926,4.687962962962962,4.238777777777778,9.574468085106384,True,E,True
301615,B16,0,58,11,10,49,3,8.794444444444444,8.744444444444444,8.769444444444444,18.367346938775512,False,E,True
301616,B16,0,58,11,10,49,3,8.758759259259259,8.77016049382716,8.76445987654321,18.367346938775512,False,E,True
301616,B70,0,75,18,14,62,4,5.366666666666666,6.711111111111111,6.038888888888889,14.516129032258064,False,N,True
301620,B16,0,58,11,10,49,3,8.62920524691358,8.91942901234568,8.77431712962963,18.367346938775512,False,E,True
301620,B70,0,75,17,14,62,4,5.218666666666667,6.611952160493828,5.915309413580247,14.516129032258064,False,N,True
301621,B16,0,58,11,10,49,3,8.603242283950618,8.95936111111111,8.781301697530864,18.367346938775512,False,E,True
301622,B16,0,58,11,10,49,3,8.586580246913579,8.986691358024691,8.786635802469135,18.367346938775512,False,E,True
301623,B16,0,58,11,11,48,3,8.56024074074074,8.997222222222224,8.778731481481481,18.75,False,E,True
301624,B16,0,58,11,11,48,3,8.52796450617284,8.94784722222222,8.737905864197531,18.75,False,E,True
301625,B16,0,58,11,11,48,3,8.506783950617283,8.916600308641977,8.711692129629629,18.75,False,E,True
301626,B16,0,58,11,11,48,3,8.48012962962963,8.878057098765431,8.67909336419753,18.75,False,E,True
301628,B16,0,58,10,11,48,3,8.573347222222223,8.803328703703704,8.688337962962963,18.75,False,E,True
301646,B16,0,58,10,11,48,4,8.68463888888889,8.449283950617284,8.566961419753087,18.75,False,E,True
301647,B16,0,58,10,11,48,4,8.727777777777778,8.444444444444445,8.58611111111111,18.75,False,E,True
301648,B16,0,58,10,11,48,4,8.799074074074074,8.433185185185186,8.61612962962963,18.75,False,E,True
301649,B16,0,58,10,12,48,4,8.87037037037037,8.410888888888888,8.64062962962963,18.75,False,E,True
301651,B16,0,58,10,12,47,4,8.95,8.261111111111111,8.605555555555556,19.148936170212767,False,E,True
301652,B16,0,58,10,12,47,4,9.04107098765432,8.099305555555555,8.570188271604938,19.148936170212767,False,E,True
301653,B16,0,58,10,12,47,4,9.085827160493828,8.022859567901234,8.554343364197532,19.148936170212767,False,E,True
301654,B16,0,58,10,12,47,4,9.168317901234568,7.889626543209876,8.528972222222222,19.148936170212767,False,E,True
301655,B16,0,58,10,11,47,4,9.20033024691358,7.87050925925926,8.535419753086419,19.148936170212767,False,E,True
301657,B16,0,58,10,11,47,4,9.294211419753086,7.916762345679013,8.605486882716049,19.148936170212767,False,E,True
301658,B16,0,58,10,11,47,4,9.345225308641975,7.9508981481481475,8.648061728395062,19.148936170212767,False,E,True
301659,B16,0,58,10,11,47,4,9.395927469135803,7.990776234567901,8.693351851851851,19.148936170212767,False,E,True
301663,B16,1,59,10,12,49,1,9.565092592592594,7.7913194444444445,8.67820601851852,18.367346938775512,False,W,True
301664,B16,1,59,10,12,49,1,9.543243827160493,7.765341049382716,8.654292438271604,18.367346938775512,False,W,True
301665,B16,1,59,10,12,49,1,9.525472222222222,7.747899691358025,8.636685956790124,18.367346938775512,False,W,True
301667,B16,1,59,10,12,49,1,9.49016049382716,7.7218935185185185,8.60602700617284,18.367346938775512,False,W,True
301669,B16,1,59,10,13,50,1,9.45348148148148,7.5983472222222215,8.525914351851851,18.0,False,W,True
301671,B16,1,59,10,13,50,1,9.413555555555556,7.4362608024691355,8.424908179012345,18.0,False,W,True
301672,B16,1,59,10,12,50,1,9.387111111111112,7.417962962962963,8.402537037037037,18.0,False,W,True
301673,B16,1,59,10,12,50,1,9.364746913580246,7.418635802469136,8.391691358024692,18.0,False,W,True
301674,B16,1,59,10,12,50,1,9.344444444444443,7.422222222222222,8.383333333333333,18.0,False,W,True
301675,B16,1,59,10,12,50,1,9.306666666666667,7.4474074074074075,8.377037037037036,18.0,False,W,True
301676,B16,1,59,10,12,50,1,9.252222222222223,7.483703703703704,8.367962962962963,18.0,False,W,True
301677,B16,1,59,10,12,50,1,9.206111111111111,7.514444444444445,8.360277777777778,18.0,False,W,True
301678,B16,1,59,10,12,50,1,9.177777777777777,7.533333333333333,8.355555555555556,18.0,False,W,True
301679,B16,1,59,9,12,50,1,9.176388888888889,7.5492283950617285,8.36280864197531,18.0,False,W,True
301681,B16,1,59,9,13,50,1,9.35138888888889,7.5250262345679015,8.438207561728396,18.0,False,W,True
301683,B16,1,59,10,13,50,1,9.413112654320988,7.35899074074074,8.386051697530865,18.0,False,W,True
301686,B16,1,59,10,13,50,1,9.477777777777778,7.161111111111111,8.319444444444445,18.0,False,W,True
301689,B16,1,59,10,13,50,1,9.40752314814815,7.0472376543209885,8.227380401234567,18.0,False,W,True
301690,B16,1,59,10,12,49,1,9.370489197530866,7.138845679012346,8.254667438271605,18.367346938775512,False,W,True
301691,B16,1,59,10,13,49,1,9.339675925925926,7.205486111111111,8.272581018518519,18.367346938775512,False,W,True
301692,B16,1,59,10,13,49,1,9.318567901234568,7.19004938271605,8.254308641975308,18.367346938775512,False,W,True
301693,B16,1,59,10,13,49,2,9.28888888888889,7.172222222222222,8.230555555555556,18.367346938775512,False,W,True
301694,B16,1,59,10,13,49,2,9.275902777777778,7.154867283950618,8.215385030864198,18.367346938775512,False,W,True
301698,B16,1,59,10,13,50,2,9.203001543209876,7.082422839506173,8.142712191358024,18.0,False,W,True
301701,B16,1,59,9,13,50,2,9.362217592592593,7.055516975308643,8.208867283950617,18.0,False,W,True
301707,B16,1,59,10,13,50,2,9.694444444444445,6.927777777777778,8.311111111111112,18.0,False,W,True
301708,B16,1,59,10,13,50,2,9.649074074074074,6.928688271604939,8.288881172839506,18.0,False,W,True
301709,B16,1,59,10,13,50,2,9.61537037037037,6.930061728395062,8.272716049382716,18.0,False,W,True
301710,B16,1,59,10,13,50,2,9.563518518518519,6.93575,8.24963425925926,18.0,False,W,True
301711,B16,1,59,10,13,50,2,9.520092592592592,6.942106481481482,8.231099537037037,18.0,False,W,True
301714,B16,1,59,10,13,50,2,9.447432098765432,6.9626172839506175,8.205024691358025,18.0,False,W,True
301714,X27,1,40,0,14,32,2,,6.624283950617284,6.624283950617284,28.125,False,S,True
301714,X37,1,15,0,10,15,0,,7.6769130661114,7.6769130661114,60.0,False,S,True
301715,B16,1,59,10,13,50,2,9.434185185185186,6.970138888888888,8.202162037037036,18.0,False,W,True
301716,B16,1,59,10,13,50,2,9.419824074074075,6.9781049382716045,8.198964506172839,18.0,False,W,True
301716,X27,1,40,0,14,31,2,,6.717320987654321,6.717320987654321,29.032258064516128,False,S,True
301716,X37,1,15,0,10,15,0,,7.732642894598846,7.732642894598846,60.0,False,S,True
301717,B16,1,59,10,13,50,2,9.398333333333333,6.991148148148148,8.194740740740741,18.0,False,W,True
301717,X27,1,40,0,14,31,2,,6.788248456790123,6.788248456790123,29.032258064516128,False,S,True
301717,X37,1,15,0,10,15,0,,7.770453746429356,7.770453746429356,60.0,False,S,True
301718,B16,1,59,10,13,50,2,9.37816049382716,7.003572530864198,8.19086651234568,18.0,False,W,True
301718,X27,1,40,0,14,31,2,,6.850783950617284,6.850783950617284,29.032258064516128,False,S,True
301718,X37,1,15,0,10,15,0,,7.801553597455944,7.801553597455944,60.0,False,S,True
301719,B16,1,59,10,13,50,2,9.35679475308642,7.016541666666667,8.186668209876542,18.0,False,W,True
301719,X27,1,40,0,14,31,2,,6.912490740740741,6.912490740740741,29.032258064516128,False,S,True
301719,X37,1,15,0,10,15,0,,7.827146313312913,7.827146313312913,60.0,False,S,True
301720,B16,1,59,10,13,50,2,9.342121913580247,7.026103395061728,8.184112654320987,18.0,False,W,True
301720,X27,1,40,0,14,31,2,,6.954851851851852,6.954851851851852,29.032258064516128,False,S,True
301720,X37,1,15,0,10,15,0,,7.844047619047619,7.844047619047619,60.0,False,S,True
301721,B16,1,59,10,13,50,2,9.32786111111111,7.035895061728395,8.181878086419752,18.0,False,W,True
301721,X27,1,40,0,14,31,2,,6.995861111111111,6.995861111111111,29.032258064516128,False,S,True
301721,X37,1,15,0,10,15,0,,7.859917761687673,7.859917761687673,60.0,False,S,True
301722,B16,1,59,10,13,50,2,9.302708333333333,7.052691358024691,8.177699845679012,18.0,False,W,True
301722,B37,0,51,8,9,41,1,10.538611111111113,9.991094135802468,10.26485262345679,21.951219512195124,False,N,True
301722,X27,1,40,0,14,31,2,,7.0632222222222225,7.0632222222222225,29.032258064516128,False,S,True
301722,X37,1,15,0,10,15,0,,7.879665587918015,7.879665587918015,60.0,False,S,True
301723,B16,1,59,10,13,50,2,9.284459876543211,7.065478395061729,8.174969135802469,18.0,False,W,True
301723,X27,1,40,0,14,31,2,,7.1129243827160495,7.1129243827160495,29.032258064516128,False,S,True
301723,X37,1,15,0,10,15,0,,7.890290002256827,7.890290002256827,60.0,False,S,True
301724,B16,1,59,9,13,50,2,9.285716049382717,7.071503086419753,8.178609567901235,18.0,False,W,True
301724,B37,1,51,8,9,42,1,12.19331327160494,9.252888888888888,10.723101080246915,21.428571428571427,False,S,True
301725,B16,1,59,9,12,50,2,9.312461419753086,7.101388888888889,8.206925154320988,18.0,False,W,True
301725,B37,1,51,8,9,42,1,12.175271604938272,9.27853549382716,10.726903549382715,21.428571428571427,False,S,True
301726,B17,0,80,13,9,63,6,7.427777777777778,10.28888888888889,8.858333333333333,14.285714285714286,False,N,True
301727,B17,0,80,13,9,63,6,7.406148148148148,10.244796296296297,8.825472222222222,14.285714285714286,False,N,True
301728,B17,0,80,13,9,63,6,7.38337037037037,10.195192901234568,8.78928163580247,14.285714285714286,False,N,True
301730,B17,0,80,13,9,63,6,7.3482314814814815,10.116851851851852,8.732541666666666,14.285714285714286,False,N,True
301731,B17,0,80,13,9,63,6,7.330097222222222,10.073611111111111,8.701854166666667,14.285714285714286,False,N,True
301732,B17,0,80,13,8,63,6,7.318101851851852,10.060299382716048,8.68920061728395,14.285714285714286,False,N,True
301733,B17,0,80,13,8,63,6,7.304453703703704,10.13179012345679,8.718121913580246,14.285714285714286,False,N,True
301734,B17,0,80,13,8,63,6,7.286029320987654,10.239555555555556,8.762792438271605,14.285714285714286,False,N,True
301735,B17,0,80,13,8,63,6,7.273081790123457,10.325962962962963,8.79952237654321,14.285714285714286,False,N,True
301736,B17,0,123,27,18,101,6,5.844444444444445,9.972222222222223,7.908333333333333,8.910891089108912,True,N,True
301737,B17,0,123,28,18,101,6,5.731287037037037,9.933037037037037,7.832162037037037,8.910891089108912,True,N,True
301738,B17,0,123,27,18,101,6,5.7082145061728395,9.884547839506174,7.796381172839506,8.910891089108912,True,N,True
301739,B17,0,123,26,18,101,6,5.698520061728394,9.848322530864198,7.773421296296296,8.910891089108912,True,N,True
301740,B17,0,123,27,18,102,6,3.5055555555555555,5.044444444444445,4.275,8.823529411764707,True,N,True
301742,B17,0,123,27,18,101,6,3.4855,5.022037037037037,4.253768518518519,8.910891089108912,True,N,True
301743,B17,0,123,27,18,101,6,3.4807777777777775,5.014444444444445,4.247611111111111,8.910891089108912,True,N,True
301744,B17,0,123,27,18,101,6,3.4749876543209877,5.001481481481481,4.238234567901235,8.910891089108912,True,N,True
301745,B17,1,155,17,36,122,8,5.227777777777778,2.555555555555556,3.8916666666666666,7.377049180327869,True,S,True
301746,B17,0,123,28,18,101,6,3.4500493827160494,4.986481481481481,4.218265432098765,8.910891089108912,True,N,True
301746,B8,0,112,20,25,91,9,4.873612654320988,3.886759259259259,4.380185956790124,9.89010989010989,True,E,True
301747,B17,0,123,27,18,101,6,3.3921234567901233,4.979629629629629,4.185876543209877,8.910891089108912,True,N,True
301748,B17,0,123,27,18,101,6,3.4039336419753083,4.978166666666667,4.191050154320988,8.910891089108912,True,N,True
301748,B47,0,99,20,17,79,5,4.544029320987653,5.2415108024691355,4.892770061728395,11.39240506329114,False,N,True
301749,B17,0,123,27,18,101,6,3.414399691358025,4.979753086419753,4.197076388888889,8.910891089108912,True,N,True
301749,B47,0,99,20,17,79,5,4.550841049382716,5.263054012345679,4.906947530864198,11.39240506329114,False,N,True
301750,B17,0,123,27,18,101,6,3.4299336419753086,4.984567901234568,4.207250771604938,8.910891089108912,True,N,True
301750,B47,0,99,20,17,79,5,4.560416666666667,5.2943287037037035,4.927372685185185,11.39240506329114,False,N,True
301751,B17,0,123,27,18,101,6,3.4517962962962963,4.996333333333333,4.224064814814815,8.910891089108912,True,N,True
301752,B17,0,123,28,19,101,6,3.45,4.937777777777778,4.193888888888889,8.910891089108912,True,N,True
301753,B17,0,123,28,18,101,6,3.405574074074074,4.9107716049382715,4.158172839506173,8.910891089108912,True,N,True
301755,B17,0,123,27,18,102,7,3.4220447530864195,4.950342592592593,4.186193672839506,8.823529411764707,True,N,True
301757,B17,0,123,28,19,101,7,3.4629135802469135,4.999412037037037,4.231162808641975,8.910891089108912,True,N,True
301758,B17,0,123,28,19,101,7,3.45087962962963,4.975888888888889,4.213384259259259,8.910891089108912,True,N,True
301759,B17,0,123,28,19,101,7,3.427354938271605,4.930228395061729,4.178791666666666,8.910891089108912,True,N,True
301760,B17,0,123,27,19,101,7,3.4084367283950616,4.881425925925926,4.144931327160494,8.910891089108912,True,N,True
301762,B17,1,55,7,18,45,0,78.62777777777778,5.138888888888888,41.88333333333333,20.0,False,S,True
301766,B17,0,43,13,8,38,0,7.627777777777778,10.41111111111111,9.019444444444444,23.68421052631579,False,N,True
301767,B17,0,43,13,8,38,0,7.5733703703703705,10.461666666666668,9.01751851851852,23.68421052631579,False,N,True
301768,B17,0,43,13,8,38,0,7.409000000000001,10.630185185185185,9.019592592592593,23.68421052631579,False,N,True
301769,B17,0,43,13,8,38,0,7.374223765432098,10.669907407407408,9.022065586419753,23.68421052631579,False,N,True
301770,B17,0,43,13,9,37,0,7.340648148148148,10.694166666666666,9.017407407407408,24.324324324324323,False,N,True
301776,B17,1,155,18,37,123,7,5.1775061728395055,2.4856296296296296,3.831567901234568,7.317073170731708,True,S,True
301777,B17,1,155,18,36,123,7,5.167506172839507,2.4997037037037035,3.833604938271605,7.317073170731708,True,S,True
301778,B17,1,155,17,37,123,7,5.187166666666667,2.533654320987654,3.8604104938271604,7.317073170731708,True,S,True
301779,B17,1,155,17,37,123,7,5.223458333333334,2.5227993827160495,3.8731288580246916,7.317073170731708,True,S,True
301781,B17,1,155,18,36,122,7,5.253111111111111,2.5290000000000004,3.8910555555555555,7.377049180327869,True,S,True
301781,B47,1,99,17,18,78,5,5.91987037037037,5.250091049382716,5.584980709876543,11.538461538461538,False,S,True
301783,B17,1,155,18,37,122,7,5.244699074074075,2.5680385802469137,3.9063688271604935,7.377049180327869,True,S,True
301783,B8,1,108,25,18,89,5,4.501876543209876,5.305450617283951,4.9036635802469135,10.112359550561798,False,W,True
301786,B17,1,155,17,36,122,8,5.244461419753086,2.5669861111111114,3.9057237654320986,7.377049180327869,True,S,True
301788,B17,1,155,17,37,121,8,5.303212962962963,2.5928719135802467,3.948042438271605,7.43801652892562,True,S,True
301789,B17,1,155,18,37,121,8,5.284395061728395,2.5694243827160497,3.9269097222222222,7.43801652892562,True,S,True
301790,B17,1,100,11,18,77,8,9.35,5.133333333333334,7.241666666666666,11.688311688311689,False,S,True
301791,B17,1,155,18,36,122,8,6.647875,3.780655864197531,5.214265432098766,7.377049180327869,True,S,True
301792,B17,1,155,18,35,122,8,6.710621913580247,3.7630709876543214,5.236846450617284,7.377049180327869,True,S,True
301793,B17,1,155,19,35,121,8,6.780808641975309,3.774094135802469,5.277451388888889,7.43801652892562,True,S,True
301794,B17,1,100,11,18,76,8,9.283333333333333,5.261111111111111,7.272222222222222,11.842105263157896,False,S,True
301795,B17,1,100,10,18,76,8,9.264149691358025,5.25429012345679,7.259219907407408,11.842105263157896,False,S,True
301796,B17,1,100,10,18,76,8,9.30220524691358,5.250277777777778,7.2762415123456785,11.842105263157896,False,S,True
301797,B17,1,100,10,18,76,8,9.332148148148148,5.249748456790124,7.290948302469135,11.842105263157896,False,S,True
301798,B17,1,100,10,18,76,8,9.348722222222221,5.2503518518518515,7.299537037037037,11.842105263157896,False,S,True
301799,B17,1,100,10,18,76,8,9.382648148148148,5.253013888888889,7.317831018518518,11.842105263157896,False,S,True
301800,B17,1,100,10,18,76,8,9.40908950617284,5.256518518518519,7.332804012345679,11.842105263157896,False,S,True
301801,B17,1,100,10,18,76,8,9.445492283950617,5.263509259259259,7.354500771604938,11.842105263157896,False,S,True
301802,B17,1,100,10,18,76,8,9.474615740740742,5.27058950617284,7.37260262345679,11.842105263157896,False,S,True
301803,B17,1,100,10,18,76,9,9.507469135802468,5.279851851851851,7.39366049382716,11.842105263157896,False,S,True
301811,B17,1,55,8,17,44,0,65.79010648148149,5.66433950617284,35.727222993827155,20.454545454545453,False,S,True
301812,B17,1,55,8,18,44,0,64.85001543209877,5.687350308641975,35.26868287037037,20.454545454545453,False,S,True
301813,B17,1,55,8,18,44,0,64.18018518518518,5.669938271604938,34.92506172839506,20.454545454545453,False,S,True
301814,B17,1,55,8,18,44,0,63.24106944444444,5.648314814814815,34.44469212962963,20.454545454545453,False,S,True
301815,B17,1,55,8,18,44,0,61.91591975308642,5.620970679012346,33.768445216049386,20.454545454545453,False,S,True
301816,B17,1,55,8,18,44,0,60.48791203703704,5.596524691358025,33.04221836419753,20.454545454545453,False,S,True
301839,B13,0,74,15,16,61,4,6.8100000000000005,5.571111111111111,6.190555555555556,14.754098360655737,False,N,True
301840,B13,0,74,15,16,61,4,6.7775,5.592777777777778,6.185138888888889,14.754098360655737,False,N,True
301841,B13,0,74,15,16,61,4,6.75,5.611111111111112,6.180555555555555,14.754098360655737,False,N,True
301846,B57,1,65,12,9,52,1,7.956469135802469,10.83320987654321,9.39483950617284,17.307692307692307,False,W,True
301860,B24,1,43,9,6,34,2,11.18888888888889,14.355555555555556,12.772222222222222,26.470588235294116,False,S,True
301875,B57,0,65,11,13,54,4,8.211975308641975,6.849543209876543,7.530759259259259,16.666666666666668,False,E,True
301879,B13,1,74,10,14,59,1,9.86111111111111,6.9944444444444445,8.427777777777779,15.254237288135593,False,S,True
301880,B13,1,74,10,14,59,1,9.764814814814816,6.915462962962963,8.34013888888889,15.254237288135593,False,S,True
301881,B13,1,74,10,14,60,1,9.691666666666666,6.860009259259259,8.275837962962962,15.0,False,S,True
301882,B13,1,74,10,14,60,1,9.616666666666667,6.80683024691358,8.211748456790124,15.0,False,S,True
301883,B13,1,74,10,14,60,1,9.541666666666666,6.757947530864198,8.149807098765432,15.0,False,S,True
301918,B57,0,65,11,13,53,3,7.855740740740741,6.97783024691358,7.4167854938271605,16.9811320754717,False,E,True
301919,B57,0,65,11,12,54,3,7.916666666666667,7.038888888888889,7.477777777777778,16.666666666666668,False,E,True
301920,B57,0,65,11,13,54,3,7.9575,7.101172839506173,7.529336419753087,16.666666666666668,False,E,True
301925,B57,1,65,13,11,53,1,7.411111111111111,9.327777777777778,8.369444444444445,16.9811320754717,False,W,True
301931,B38,1,115,21,18,93,5,4.298333333333333,4.859515432098765,4.57892438271605,9.67741935483871,True,W,True
301933,B38,1,115,21,18,93,5,4.329166666666667,4.87815586419753,4.603661265432098,9.67741935483871,True,W,True
301934,B38,1,115,22,18,93,5,4.336327160493827,4.895302469135802,4.615814814814815,9.67741935483871,True,W,True
301943,B20,0,94,19,18,80,4,5.208029320987654,4.975785493827161,5.091907407407407,11.25,False,N,True
301944,B20,0,94,18,18,80,4,5.203285493827161,4.995881172839506,5.099583333333333,11.25,False,N,True
301945,B20,0,94,18,19,80,4,5.207152777777778,4.983733024691358,5.095442901234567,11.25,False,N,True
301947,B20,0,94,18,19,80,4,5.227777777777778,4.905555555555555,5.066666666666666,11.25,False,N,True
301947,B6,1,165,27,27,126,9,3.455722222222222,3.2458024691358025,3.3507623456790125,7.142857142857143,True,W,True
301947,B84,1,32,6,6,30,0,15.0,15.0,15.0,30.0,False,E,True
301956,B20,0,94,19,19,80,4,5.208816358024691,4.986828703703704,5.097822530864197,11.25,False,N,True
301957,B20,0,94,19,19,80,4,5.170711419753086,4.956381172839506,5.0635462962962965,11.25,False,N,True
301958,B20,0,94,19,19,80,4,5.144694444444444,4.936135802469136,5.040415123456791,11.25,False,N,True
301959,B20,0,94,19,19,80,4,5.096191358024692,4.905816358024691,5.001003858024691,11.25,False,N,True
301960,B20,0,94,19,19,80,4,5.05,4.883333333333334,4.966666666666667,11.25,False,N,True
301960,B83,0,108,26,14,89,4,3.6453703703703706,6.574104938271605,5.1097376543209885,10.112359550561798,False,N,True
301961,B20,0,94,19,19,80,4,5.020185185185185,4.8696419753086415,4.944913580246914,11.25,False,N,True
301961,B83,0,108,26,14,89,4,3.641574074074074,6.55312037037037,5.097347222222222,10.112359550561798,False,N,True
301962,B20,0,94,18,18,80,4,4.992222222222223,4.846277777777777,4.91925,11.25,False,N,True
301962,B83,0,108,26,13,89,4,3.6333333333333333,6.511111111111111,5.072222222222222,10.112359550561798,False,N,True
301963,B20,0,94,18,18,80,4,5.04037037037037,4.8821913580246905,4.961280864197531,11.25,False,N,True
301963,B83,0,108,26,13,89,4,3.6266496913580246,6.553199074074074,5.089924382716049,10.112359550561798,False,N,True
301964,B20,0,94,19,18,80,4,5.0525925925925925,4.925444444444444,4.9890185185185185,11.25,False,N,True
301964,B83,0,108,27,14,89,4,3.605800925925926,6.574226851851852,5.090013888888889,10.112359550561798,False,N,True
301965,B20,0,94,19,18,80,5,5.038888888888889,4.972222222222222,5.0055555555555555,11.25,False,N,True
301965,B83,0,108,27,14,89,4,3.553993827160494,6.544444444444445,5.04921913580247,10.112359550561798,False,N,True
301966,B20,0,94,19,19,80,5,5.021108024691358,4.993680555555556,5.0073942901234565,11.25,False,N,True
301966,B83,0,108,26,14,89,4,3.5253148148148146,6.524131172839506,5.02472299382716,10.112359550561798,False,N,True
301967,B20,0,94,19,19,80,5,5.005679012345679,4.952819444444445,4.979249228395061,11.25,False,N,True
301967,B83,0,108,26,14,89,4,3.5401003086419753,6.504691358024691,5.022395833333333,10.112359550561798,False,N,True
301973,B20,0,94,19,18,80,5,4.9944444444444445,4.927777777777778,4.961111111111111,11.25,False,N,True
301976,B20,0,75,18,10,60,5,6.178333333333333,9.897407407407407,8.03787037037037,15.0,False,N,True
301977,B20,0,75,18,9,60,5,6.1594444444444445,9.941399691358024,8.050422067901234,15.0,False,N,True
301978,B20,0,75,18,9,60,5,6.1433333333333335,9.978976851851852,8.061155092592593,15.0,False,N,True
301979,B20,0,75,18,9,60,5,6.126666666666667,10.016685185185185,8.071675925925925,15.0,False,N,True
301980,B20,0,75,18,9,60,5,6.111111111111112,10.05,8.080555555555556,15.0,False,N,True
301982,B20,0,75,17,9,60,5,6.111425925925926,10.055310185185185,8.083368055555557,15.0,False,N,True
301982,B60,0,92,19,18,75,5,5.133430555555555,5.243722222222222,5.188576388888889,12.0,False,N,True
301983,B20,0,75,17,9,60,5,6.178341049382715,10.063609567901235,8.120975308641976,15.0,False,N,True
301983,B60,0,92,19,18,75,5,5.147344135802469,5.197320987654321,5.172332561728395,12.0,False,N,True
301984,B20,0,75,17,9,60,5,6.236337962962963,10.074013888888889,8.155175925925926,15.0,False,N,True
301984,B60,0,92,18,18,75,5,5.208679012345679,5.161773148148148,5.185226080246914,12.0,False,N,True
301985,B20,0,75,17,9,59,5,6.300861111111112,10.084472222222223,8.192666666666666,15.254237288135593,False,N,True
301986,B20,0,75,17,9,59,5,6.368700617283951,10.097268518518518,8.232984567901234,15.254237288135593,False,N,True
302013,B20,1,74,13,9,57,2,7.460223765432099,9.71610339506173,8.588163580246913,15.789473684210526,False,S,True
302014,B20,1,74,13,9,57,2,7.408324074074074,9.751990740740741,8.580157407407407,15.789473684210526,False,S,True
302015,B20,1,74,14,9,57,2,7.341958333333333,9.779555555555556,8.560756944444444,15.789473684210526,False,S,True
302016,B20,1,74,14,9,57,2,7.266595679012346,9.811364197530866,8.538979938271606,15.789473684210526,False,S,True
302017,B20,1,74,14,9,58,2,7.192256172839506,9.84320987654321,8.517733024691358,15.517241379310345,False,S,True
302018,B20,1,74,13,10,58,2,7.061111111111112,9.905555555555557,8.483333333333333,15.517241379310345,False,S,True
302019,B20,1,74,13,10,58,2,7.076333333333333,9.770962962962962,8.423648148148148,15.517241379310345,False,S,True
302020,B20,1,74,13,10,58,2,7.088302469135802,9.688777777777778,8.38854012345679,15.517241379310345,False,S,True
302022,B20,1,74,14,10,58,2,7.058197530864197,9.475354938271606,8.266776234567901,15.517241379310345,False,S,True
302030,B20,1,94,16,20,79,2,6.509722222222222,4.774305555555555,5.642013888888888,11.39240506329114,False,S,True
302030,B83,1,105,18,20,91,2,4.949166666666667,4.505498456790123,4.727332561728395,9.89010989010989,True,S,True
302031,B20,1,94,16,20,79,2,6.4655555555555555,4.733587962962963,5.599571759259259,11.39240506329114,False,S,True
302031,B83,1,105,18,21,91,2,4.962777777777777,4.513583333333333,4.738180555555556,9.89010989010989,True,S,True
302032,B20,1,94,16,19,79,3,6.422222222222222,4.694444444444445,5.558333333333334,11.39240506329114,False,S,True
302032,B83,1,105,18,21,91,2,4.976111111111111,4.4838611111111115,4.729986111111112,9.89010989010989,True,S,True
302033,B20,1,94,16,19,79,3,6.364962962962963,4.701759259259259,5.533361111111111,11.39240506329114,False,S,True
302033,B83,1,105,18,20,91,2,4.9927777777777775,4.456833333333334,4.724805555555556,9.89010989010989,True,S,True
302034,B20,1,94,17,19,79,3,6.29037037037037,4.712000000000001,5.501185185185185,11.39240506329114,False,S,True
302034,B83,1,105,18,20,91,2,5.008888888888889,4.460679012345679,4.734783950617284,9.89010989010989,True,S,True
302035,B20,1,94,16,19,79,3,6.1802222222222225,4.727635802469136,5.45392901234568,11.39240506329114,False,S,True
302035,B83,1,105,18,20,91,2,5.027777777777778,4.466666666666667,4.747222222222222,9.89010989010989,True,S,True
302036,B20,1,94,16,19,79,3,6.177711419753086,4.742805555555555,5.460258487654321,11.39240506329114,False,S,True
302036,B83,1,105,18,20,91,2,5.043526234567902,4.478703703703704,4.761114969135803,9.89010989010989,True,S,True
302037,B20,1,94,16,19,79,3,6.177777777777778,4.761111111111111,5.469444444444445,11.39240506329114,False,S,True
302038,B20,1,94,16,19,79,3,6.179743827160494,4.78762037037037,5.483682098765432,11.39240506329114,False,S,True
302039,B20,1,94,16,20,79,3,6.184382716049383,4.779793209876543,5.482087962962963,11.39240506329114,False,S,True
302040,B20,1,94,16,19,79,3,6.190296296296296,4.753759259259259,5.472027777777778,11.39240506329114,False,S,True
302050,B20,1,94,17,19,79,3,5.745277777777777,4.835462962962963,5.29037037037037,11.39240506329114,False,S,True
302051,B20,1,94,17,19,80,3,5.758611111111111,4.840648148148148,5.29962962962963,11.25,False,S,True
302059,B47,1,88,15,16,71,4,6.693339506172839,5.728750000000001,6.21104475308642,12.67605633802817,False,S,True
302071,B12,0,149,26,26,122,9,3.6777777777777776,3.4833333333333334,3.5805555555555557,7.377049180327869,True,E,True
302252,B24,0,48,8,9,35,2,11.88925925925926,9.952939814814815,10.921099537037037,25.714285714285715,False,N,True
302254,B24,1,43,8,6,34,1,13.194444444444445,15.0,14.097222222222223,26.470588235294116,False,S,True
302255,B24,1,43,8,6,34,1,13.169444444444444,15.0,14.084722222222222,26.470588235294116,False,S,True
302257,B24,1,43,8,6,34,1,13.083333333333334,15.0,14.041666666666666,26.470588235294116,False,S,True
302258,B24,1,43,8,6,34,1,12.997294753086418,14.973418209876543,13.985356481481482,26.470588235294116,False,S,True
302278,B24,1,43,9,6,34,2,11.622404320987654,14.162680555555557,12.892542438271606,26.470588235294116,False,S,True
302279,B24,1,43,9,6,34,2,11.539867283950619,14.191496913580247,12.865682098765433,26.470588235294116,False,S,True
302280,B24,1,43,9,6,34,2,11.490516975308642,14.210387345679012,12.850452160493827,26.470588235294116,False,S,True
302281,B24,1,43,9,6,34,2,11.452271604938272,14.226203703703703,12.839237654320987,26.470588235294116,False,S,True
302282,B24,1,43,9,6,34,2,11.373862654320988,14.261418209876544,12.817640432098765,26.470588235294116,False,S,True
302286,B24,1,43,9,6,34,2,11.083487654320987,14.39544598765432,12.739466820987653,26.470588235294116,False,S,True
302287,B24,1,43,9,6,34,2,11.031654320987654,14.420543209876543,12.7260987654321,26.470588235294116,False,S,True
302288,B24,1,43,9,6,34,2,10.955549382716049,14.461033950617285,12.708291666666666,26.470588235294116,False,S,True
302289,B24,1,43,9,6,34,2,10.856319444444445,14.522847222222222,12.689583333333333,26.470588235294116,False,S,True
302291,B24,1,43,9,6,34,2,10.710393518518519,14.628341049382717,12.669367283950617,26.470588235294116,False,S,True
302292,B24,1,43,9,7,34,2,10.645217592592592,14.546365740740741,12.595791666666665,26.470588235294116,False,S,True
302292,B60,0,92,18,19,75,6,6.166666666666667,4.8127052469135805,5.489685956790123,12.0,False,N,True
302293,B24,0,44,7,9,35,2,13.333333333333334,10.372222222222224,11.852777777777778,25.714285714285715,False,N,True
302293,B46,1,136,21,17,97,13,4.336260802469136,5.302672839506172,4.819466820987654,9.278350515463918,True,S,True
302294,B32,0,30,7,6,29,0,13.333333333333334,15.0,14.166666666666666,31.03448275862069,False,N,True
302294,B62,0,86,17,13,64,9,5.430061728395062,7.316643518518519,6.373352623456791,14.0625,False,N,True
302297,B62,0,86,17,13,64,9,5.4944444444444445,7.233333333333333,6.363888888888889,14.0625,False,N,True
302298,B62,0,86,17,12,64,9,5.526524691358024,7.206944444444445,6.366734567901235,14.0625,False,N,True
302299,B62,0,86,17,12,64,9,5.556009259259259,7.240740740740741,6.398375,14.0625,False,N,True
302306,B32,1,29,6,6,28,0,15.888276198296213,14.950092592592593,15.39504819159811,32.142857142857146,False,S,True
302308,B47,1,88,14,16,71,4,6.6604629629629635,5.767401234567901,6.213932098765432,12.67605633802817,False,S,True
302310,B24,1,43,8,7,34,2,10.566666666666666,14.416666666666666,12.491666666666667,26.470588235294116,False,S,True
302310,B46,0,136,22,17,97,11,4.287189814814814,5.395185185185185,4.8411875,9.278350515463918,True,N,True
302310,B60,0,92,18,19,75,6,6.160648148148149,4.800458333333333,5.480553240740741,12.0,False,N,True
302311,B24,0,44,7,9,35,2,13.326024691358024,10.278871913580247,11.802448302469136,25.714285714285715,False,N,True
302312,B24,0,44,7,9,35,2,13.320672839506171,10.206717592592591,11.763695216049381,25.714285714285715,False,N,True
302314,B24,0,44,7,8,36,2,13.308617283950618,10.184061728395061,11.74633950617284,25.0,False,N,True
302315,B24,0,44,7,8,35,2,13.300376543209875,10.292600308641974,11.796488425925926,25.714285714285715,False,N,True
302317,B24,0,44,7,9,35,2,13.290125,10.316879629629629,11.803502314814814,25.714285714285715,False,N,True
302319,B24,0,44,8,9,35,2,13.283333333333333,10.261111111111111,11.772222222222222,25.714285714285715,False,N,True
302321,B24,0,44,8,9,35,2,13.021555555555555,10.179430555555557,11.600493055555555,25.714285714285715,False,N,True
302322,B24,0,44,8,9,35,2,12.919645061728396,10.152529320987655,11.536087191358025,25.714285714285715,False,N,True
302323,B24,0,44,8,9,35,2,12.82111574074074,10.1307762345679,11.47594598765432,25.714285714285715,False,N,True
302346,B24,0,48,8,9,36,2,12.21111111111111,9.933333333333334,11.072222222222223,25.0,False,N,True
302347,B24,0,48,8,9,36,2,12.175462962962964,9.967231481481482,11.071347222222222,25.0,False,N,True
302348,B24,0,48,8,9,35,2,12.15,9.991209876543211,11.070604938271604,25.714285714285715,False,N,True
302349,B24,0,48,8,9,35,2,12.082777777777778,10.057770061728396,11.070273919753086,25.714285714285715,False,N,True
302351,B24,0,48,8,10,35,2,12.014537037037037,10.031864197530865,11.023200617283951,25.714285714285715,False,N,True
302352,B24,0,48,8,10,35,2,11.989074074074074,9.993115740740741,10.991094907407408,25.714285714285715,False,N,True
302355,B25,0,107,15,22,91,6,5.910854938271606,4.180648148148149,5.045751543209876,9.89010989010989,True,E,True
302356,B25,0,107,15,21,91,6,6.005453703703704,4.218055555555556,5.11175462962963,9.89010989010989,True,E,True
302357,B25,0,107,15,21,91,6,6.067151234567901,4.252314814814815,5.159733024691358,9.89010989010989,True,E,True
302358,B25,0,107,16,22,91,6,6.172222222222222,4.261111111111111,5.216666666666667,9.89010989010989,True,E,True
302359,B25,0,107,15,21,91,6,6.112765432098765,4.277777777777778,5.195271604938272,9.89010989010989,True,E,True
302367,B25,0,107,14,22,90,6,6.378064814814815,4.1438749999999995,5.260969907407408,10.0,True,E,True
302367,B26,0,112,19,22,90,9,6.014083333333334,4.219722222222222,5.116902777777778,10.0,True,E,True
302368,B25,0,107,14,23,90,6,6.446827160493827,4.118558641975309,5.282692901234568,10.0,True,E,True
302368,B26,0,112,19,22,90,9,6.073493827160494,4.197222222222222,5.1353580246913575,10.0,True,E,True
302368,B52,0,125,27,21,106,5,3.5797777777777777,4.316375,3.9480763888888886,8.49056603773585,True,E,True
302369,B25,0,107,14,22,90,6,6.529802469135802,4.116365740740741,5.323084104938272,10.0,True,E,True
302369,B26,0,112,19,22,90,9,6.144432098765432,4.168333333333333,5.156382716049382,10.0,True,E,True
302369,B52,0,125,26,21,107,5,3.5722222222222224,4.316666666666666,3.944444444444444,8.411214953271028,True,E,True
302370,B25,0,107,14,22,90,6,6.622222222222222,4.133333333333334,5.377777777777778,10.0,True,E,True
302370,B26,0,112,18,21,90,9,6.333333333333333,4.133333333333334,5.233333333333333,10.0,True,E,True
302371,B25,0,107,14,22,90,6,6.6696481481481475,4.13445061728395,5.402049382716049,10.0,True,E,True
302371,B26,0,112,18,22,90,9,6.431788580246914,4.154263888888889,5.293026234567901,10.0,True,E,True
302372,B26,0,112,18,22,90,9,6.515580246913581,4.138353395061729,5.326966820987654,10.0,True,E,True
302373,B25,0,107,14,23,90,6,6.711316358024691,4.128162037037037,5.4197391975308635,10.0,True,E,True
302374,B25,0,107,13,23,89,6,6.7912793209876545,4.069882716049382,5.430581018518519,10.112359550561798,False,E,True
302374,B26,0,112,18,22,90,9,6.604364197530865,4.12683024691358,5.365597222222222,10.0,True,E,True
302376,B25,0,107,13,22,89,6,6.938925925925926,4.053625,5.496275462962964,10.112359550561798,False,E,True
302376,B26,0,112,19,22,90,9,6.590561728395062,4.120126543209876,5.355344135802469,10.0,True,E,True
302377,B25,0,107,13,22,89,6,7.092797839506173,4.093666666666667,5.593232253086419,10.112359550561798,False,E,True
302378,B25,0,107,14,22,89,6,7.120118827160494,4.129520061728395,5.624819444444444,10.112359550561798,False,E,True
302379,B25,0,107,14,23,89,6,7.096621913580247,4.138458333333333,5.6175401234567905,10.112359550561798,False,E,True
302380,B25,0,107,14,22,89,6,7.061111111111112,4.0888888888888895,5.575,10.112359550561798,False,E,True
302381,B25,0,107,13,22,89,7,7.064797839506173,4.09620987654321,5.580503858024691,10.112359550561798,False,E,True
302382,B25,0,107,13,22,88,7,7.08907561728395,4.107739197530864,5.598407407407407,10.227272727272727,False,E,True
302383,B25,0,107,13,23,88,6,7.1332608024691355,4.14183024691358,5.637545524691358,10.227272727272727,False,E,True
302398,B25,0,107,12,21,87,6,8.194444444444445,4.338888888888889,6.266666666666667,10.344827586206897,False,E,True
302413,B25,1,107,18,19,92,5,5.10632098765432,4.868395061728395,4.987358024691358,9.782608695652174,True,W,True
302414,B25,1,107,18,20,93,5,5.093557098765432,4.766612654320988,4.9300848765432095,9.67741935483871,True,W,True
302414,B44,0,121,21,19,97,6,4.31783950617284,4.847037037037037,4.582438271604938,9.278350515463918,True,N,True
302415,B25,1,107,18,19,92,5,5.077777777777778,4.683333333333334,4.8805555555555555,9.782608695652174,True,W,True
302415,B44,0,121,21,19,97,6,4.327777777777778,4.822222222222222,4.575,9.278350515463918,True,N,True
302416,B25,1,107,17,19,92,5,5.097293209876543,4.7183271604938275,4.907810185185185,9.782608695652174,True,W,True
302416,B49,0,97,18,17,79,5,5.169444444444445,5.510555555555555,5.34,11.39240506329114,False,N,True
302417,B25,1,107,17,19,92,5,5.140648148148148,4.7409027777777775,4.9407754629629625,9.782608695652174,True,W,True
302418,B25,1,107,17,20,92,5,5.208413580246914,4.719470679012345,4.96394212962963,9.782608695652174,True,W,True
302419,B25,1,107,18,20,92,5,5.205549382716049,4.682095679012346,4.943822530864198,9.782608695652174,True,W,True
302419,B26,1,111,21,20,92,7,4.379731481481482,4.556234567901234,4.4679830246913586,9.782608695652174,True,W,True
302421,B25,1,107,18,20,92,5,5.186677469135803,4.64520061728395,4.915939043209876,9.782608695652174,True,W,True
302421,B26,1,111,21,21,92,7,4.460768518518519,4.5181003086419755,4.489434413580247,9.782608695652174,True,W,True
302423,B25,1,107,17,21,92,5,5.188030864197531,4.6131774691358025,4.900604166666667,9.782608695652174,True,W,True
302423,B26,1,111,22,21,92,7,4.479557098765432,4.483132716049383,4.481344907407407,9.782608695652174,True,W,True
302424,B25,1,107,17,20,92,5,5.2233024691358025,4.574708333333334,4.899005401234567,9.782608695652174,True,W,True
302424,B26,1,111,22,21,92,7,4.456055555555555,4.460962962962963,4.45850925925926,9.782608695652174,True,W,True
302426,B25,1,107,17,20,92,5,5.261111111111111,4.577777777777778,4.919444444444445,9.782608695652174,True,W,True
302426,B26,1,111,22,21,92,7,4.427777777777778,4.438888888888888,4.433333333333334,9.782608695652174,True,W,True
302427,B25,1,107,17,20,92,5,5.3046496913580246,4.580074074074075,4.942361882716049,9.782608695652174,True,W,True
302427,B26,1,111,22,21,92,7,4.384395061728395,4.4130370370370375,4.398716049382716,9.782608695652174,True,W,True
302427,B52,1,126,28,22,107,5,3.4777777777777774,4.2444444444444445,3.861111111111111,8.411214953271028,True,W,True
302428,B25,1,107,17,20,92,5,5.328694444444445,4.584416666666667,4.956555555555555,9.782608695652174,True,W,True
302428,B26,1,111,22,22,92,7,4.354219135802469,4.357009259259259,4.355614197530865,9.782608695652174,True,W,True
302428,B52,1,126,28,22,107,5,3.4556172839506174,4.238333333333333,3.846975308641975,8.411214953271028,True,W,True
302430,B25,1,107,17,21,92,5,5.36582098765432,4.592185185185185,4.979003086419753,9.782608695652174,True,W,True
302430,B26,1,111,21,21,92,7,4.4225617283950625,4.3325555555555555,4.377558641975309,9.782608695652174,True,W,True
302430,B52,1,126,28,22,108,5,3.4234999999999998,4.226574074074074,3.825037037037037,8.333333333333334,True,W,True
302431,B25,1,107,16,20,92,5,5.388888888888888,4.527777777777778,4.958333333333333,9.782608695652174,True,W,True
302431,B26,1,111,21,21,92,7,4.477777777777778,4.344444444444445,4.411111111111111,9.782608695652174,True,W,True
302431,B52,1,126,28,21,108,5,3.405555555555556,4.261111111111111,3.8333333333333335,8.333333333333334,True,W,True
302433,B25,1,107,17,20,92,5,5.494904320987654,4.526516975308642,5.010710648148148,9.782608695652174,True,W,True
302433,B26,1,111,21,22,92,6,4.56491975308642,4.365692901234568,4.465306327160493,9.782608695652174,True,W,True
302433,B38,1,191,41,39,169,6,3.007507716049383,3.3717561728395062,3.1896319444444443,5.325443786982248,True,W,True
302433,B52,1,126,28,22,107,5,3.461111111111111,4.322222222222222,3.8916666666666666,8.411214953271028,True,W,True
302437,B25,1,107,16,21,91,5,5.483333333333333,4.433333333333334,4.958333333333333,9.89010989010989,True,W,True
302440,B25,1,107,16,21,92,5,5.585722222222222,4.407061728395062,4.996391975308642,9.782608695652174,True,W,True
302445,B26,0,112,19,22,91,8,5.608663580246914,4.215108024691358,4.911885802469135,9.89010989010989,True,E,True
302445,B62,1,86,19,13,65,7,4.8805555555555555,6.989444444444445,5.9350000000000005,13.846153846153847,False,S,True
302459,B26,0,112,19,23,90,9,6.541771604938272,4.103751543209877,5.322761574074074,10.0,True,E,True
302460,B26,0,112,19,23,91,9,6.516907407407407,4.054299382716049,5.285603395061728,9.89010989010989,True,E,True
302461,B26,0,112,18,23,91,9,6.540439814814815,4.00041049382716,5.2704251543209875,9.89010989010989,True,E,True
302462,B26,0,112,18,22,90,9,6.585197530864197,4.0138487654320985,5.299523148148149,10.0,True,E,True
302463,B44,1,121,21,19,97,6,4.396683641975309,4.780518518518519,4.588601080246914,9.278350515463918,True,S,True
302464,B26,0,112,18,23,90,9,6.633333333333334,4.061111111111111,5.347222222222222,10.0,True,E,True
302465,B26,0,112,18,23,90,9,6.667777777777777,4.027098765432099,5.347438271604939,10.0,True,E,True
302466,B26,0,112,18,23,90,9,6.69925925925926,3.999527777777778,5.349393518518519,10.0,True,E,True
302467,B26,0,112,18,23,90,9,6.729629629629629,3.974925925925926,5.352277777777777,10.0,True,E,True
302468,B26,0,112,18,23,90,9,6.760740740740741,3.9523179012345677,5.356529320987653,10.0,True,E,True
302469,B26,0,112,17,23,90,9,6.854814814814815,3.954597222222222,5.404706018518519,10.0,True,E,True
302470,B26,0,112,17,23,90,9,6.965,3.9483888888888887,5.456694444444444,10.0,True,E,True
302471,B26,0,112,17,23,90,10,7.077777777777778,3.944444444444444,5.511111111111111,10.0,True,E,True
302472,B26,0,112,17,23,89,10,7.18579012345679,3.94145524691358,5.563622685185185,10.112359550561798,False,E,True
302473,B26,0,112,17,23,89,10,7.3166929012345685,3.9425864197530864,5.629639660493827,10.112359550561798,False,E,True
302474,B26,0,112,18,24,89,10,7.306203703703703,3.916604938271605,5.6114043209876545,10.112359550561798,False,E,True
302475,B26,0,112,18,24,89,10,7.27709413580247,3.859439814814815,5.568266975308642,10.112359550561798,False,E,True
302476,B26,0,112,18,23,89,10,7.261111111111111,3.8277777777777775,5.544444444444445,10.112359550561798,False,E,True
302477,B26,0,112,17,23,89,10,7.216774691358025,3.8505555555555557,5.53366512345679,10.112359550561798,False,E,True
302478,B26,0,112,17,23,89,10,7.2266111111111115,3.868055555555556,5.547333333333333,10.112359550561798,False,E,True
302479,B26,0,112,17,23,89,10,7.237728395061728,3.885277777777778,5.561503086419752,10.112359550561798,False,E,True
302480,B26,0,112,17,23,89,10,7.248618827160494,3.9033333333333333,5.575976080246914,10.112359550561798,False,E,True
302481,B26,0,112,17,24,88,10,7.2625015432098765,3.8967592592592593,5.579630401234568,10.227272727272727,False,E,True
302482,B26,0,112,17,23,88,10,7.2767129629629625,3.886759259259259,5.581736111111111,10.227272727272727,False,E,True
302483,B26,0,112,17,23,88,10,7.288350308641975,3.891574074074074,5.589962191358024,10.227272727272727,False,E,True
302489,B26,1,111,22,19,92,5,4.458930555555556,4.985925925925926,4.722428240740741,9.782608695652174,True,W,True
302490,B26,1,111,21,19,92,5,4.470324074074074,4.970185185185185,4.72025462962963,9.782608695652174,True,W,True
302491,B26,1,111,21,19,92,6,4.486151234567901,4.960185185185185,4.723168209876543,9.782608695652174,True,W,True
302492,B26,1,111,21,19,92,6,4.513603395061728,4.9399999999999995,4.726801697530864,9.782608695652174,True,W,True
302493,B26,1,111,22,19,92,6,4.506200617283951,4.925370370370371,4.71578549382716,9.782608695652174,True,W,True
302494,B26,1,111,22,20,93,6,4.485408950617284,4.891666666666667,4.688537808641976,9.67741935483871,True,W,True
302495,B26,1,111,22,20,93,6,4.461398148148148,4.825,4.643199074074074,9.67741935483871,True,W,True
302496,B26,1,111,22,19,93,6,4.433976851851852,4.815185185185185,4.624581018518518,9.67741935483871,True,W,True
302498,B26,1,111,22,19,92,6,4.377777777777778,4.838888888888889,4.608333333333333,9.782608695652174,True,W,True
302499,B26,1,111,21,19,92,6,4.366666666666666,4.857407407407408,4.612037037037037,9.782608695652174,True,W,True
302500,B26,1,111,21,20,92,6,4.415,4.868333333333334,4.641666666666667,9.782608695652174,True,W,True
302501,B26,1,111,22,20,92,6,4.415265432098765,4.818888888888889,4.617077160493827,9.782608695652174,True,W,True
302502,B26,1,111,22,20,92,6,4.397333333333333,4.758888888888889,4.578111111111111,9.782608695652174,True,W,True
302503,B26,1,111,22,20,92,6,4.377777777777778,4.705555555555555,4.541666666666667,9.782608695652174,True,W,True
302504,B26,1,111,22,19,92,6,4.351111111111111,4.684388888888889,4.51775,9.782608695652174,True,W,True
302505,B26,1,111,22,20,92,6,4.324444444444444,4.724388888888888,4.524416666666666,9.782608695652174,True,W,True
302507,B26,1,111,21,20,92,6,4.364444444444445,4.686203703703703,4.525324074074074,9.782608695652174,True,W,True
302508,B26,1,111,22,20,92,6,4.409685185185185,4.671228395061728,4.540456790123457,9.782608695652174,True,W,True
302509,B26,1,111,22,20,92,6,4.40550462962963,4.6614506172839505,4.53347762345679,9.782608695652174,True,W,True
302511,B26,1,111,22,21,93,6,4.364069444444445,4.556376543209876,4.46022299382716,9.67741935483871,True,W,True
302512,B26,1,111,22,20,93,6,4.334827160493828,4.485765432098765,4.410296296296297,9.67741935483871,True,W,True
302513,B26,1,111,22,20,92,7,4.31820061728395,4.498930555555556,4.408565586419753,9.782608695652174,True,W,True
302514,B26,1,111,21,20,92,7,4.297694444444445,4.523791666666667,4.410743055555556,9.782608695652174,True,W,True
302585,B31,1,65,10,15,50,3,9.002662037037036,6.186574074074074,7.594618055555555,18.0,False,E,True
302586,B31,1,65,10,15,50,3,9.007555555555557,6.191111111111111,7.599333333333333,18.0,False,E,True
302588,B31,1,65,10,14,49,3,9.018223765432099,6.23212962962963,7.625176697530864,18.367346938775512,False,E,True
302589,B31,1,65,10,14,49,3,9.023530864197532,6.270833333333333,7.647182098765432,18.367346938775512,False,E,True
302591,B31,1,65,10,14,49,3,9.033554012345679,6.3187037037037035,7.676128858024692,18.367346938775512,False,E,True
302592,B31,1,65,10,14,49,4,9.040740740740741,6.357407407407408,7.699074074074074,18.367346938775512,False,E,True
302594,B31,1,65,10,14,49,4,9.052572530864198,6.404259259259259,7.728415895061729,18.367346938775512,False,E,True
302596,B31,1,65,10,14,49,4,9.069510802469136,6.474537037037037,7.772023919753086,18.367346938775512,False,E,True
302597,B31,1,65,10,14,49,4,9.077777777777778,6.5,7.788888888888889,18.367346938775512,False,E,True
302598,B31,0,69,15,12,53,3,7.688888888888888,7.522222222222222,7.605555555555555,16.9811320754717,False,W,True
302599,B31,0,69,15,12,53,3,7.662828703703704,7.5160432098765435,7.5894359567901235,16.9811320754717,False,W,True
302601,B31,0,69,15,12,53,3,7.590177469135802,7.502611111111111,7.546394290123457,16.9811320754717,False,W,True
302603,B31,0,69,15,12,53,3,7.544984567901235,7.5,7.5224922839506165,16.9811320754717,False,W,True
302604,B31,0,69,15,12,53,3,7.508,7.5,7.5040000000000004,16.9811320754717,False,W,True
302606,B31,0,69,15,12,53,3,7.453055555555555,7.5,7.476527777777777,16.9811320754717,False,W,True
302609,B31,0,69,15,12,54,3,7.362268518518518,7.5,7.431134259259259,16.666666666666668,False,W,True
302610,B31,0,69,16,12,53,3,7.286864197530864,7.5,7.393432098765432,16.9811320754717,False,W,True
302623,B41,1,134,18,23,101,11,5.058055555555556,3.9685169753086416,4.513286265432098,8.910891089108912,True,S,True
302680,B35,0,121,20,23,96,6,4.754930555555556,3.957469135802469,4.356199845679012,9.375,True,E,True
302680,B70,1,75,15,14,60,3,7.118694444444444,7.20074074074074,7.159717592592593,15.0,False,S,True
302681,B35,0,121,20,23,97,7,4.7555555555555555,3.9555555555555557,4.355555555555555,9.278350515463918,True,E,True
302681,B70,1,75,15,14,60,3,6.988888888888889,7.094444444444445,7.041666666666667,15.0,False,S,True
302682,B35,0,121,20,23,97,7,4.7461111111111105,3.9540941358024693,4.35010262345679,9.278350515463918,True,E,True
302682,B70,1,75,15,14,60,3,6.870277777777777,6.9966388888888895,6.933458333333333,15.0,False,S,True
302683,B35,0,121,20,24,97,7,4.738333333333333,3.9342222222222225,4.336277777777778,9.278350515463918,True,E,True
302683,B70,1,75,15,14,60,3,6.773055555555556,6.921320987654322,6.847188271604938,15.0,False,S,True
302684,B35,0,121,21,23,97,7,4.719487654320988,3.895199074074074,4.307343364197531,9.278350515463918,True,E,True
302686,B35,0,121,21,23,97,7,4.595117283950617,3.914543209876543,4.25483024691358,9.278350515463918,True,E,True
302687,B35,0,121,20,23,97,7,4.583652777777777,3.9305941358024694,4.257123456790123,9.278350515463918,True,E,True
302688,B35,0,121,20,24,97,7,4.608864197530864,3.926932098765432,4.267898148148149,9.278350515463918,True,E,True
302692,B35,0,206,36,40,174,7,3.1777777777777776,2.85,3.013888888888889,5.172413793103448,True,E,True
302693,B35,0,105,15,17,79,7,6.008148148148148,5.337574074074074,5.672861111111112,11.39240506329114,False,E,True
302695,B35,0,206,36,41,174,7,3.1712422839506176,2.835983024691358,3.0036126543209876,5.172413793103448,True,E,True
302696,B35,0,206,36,41,174,7,3.1873780864197534,2.8493703703703703,3.0183742283950616,5.172413793103448,True,E,True
302697,B35,0,105,15,17,79,7,6.039722222222222,5.302492283950617,5.6711072530864195,11.39240506329114,False,E,True
302698,B35,0,105,15,17,80,7,6.046759259259259,5.266617283950618,5.6566882716049385,11.25,False,E,True
302699,B35,0,206,35,41,173,7,3.149155864197531,2.854878086419753,3.002016975308642,5.202312138728324,True,E,True
302700,B35,0,105,15,17,79,7,6.191527777777778,5.275941358024691,5.733734567901235,11.39240506329114,False,E,True
302701,B35,0,206,37,42,173,7,3.1675848765432097,2.8296574074074075,2.9986211419753084,5.202312138728324,True,E,True
302702,B35,0,206,37,42,173,7,3.117625,2.778634259259259,2.9481296296296295,5.202312138728324,True,E,True
302707,B35,0,105,14,18,78,7,6.11537037037037,5.2813888888888885,5.698379629629629,11.538461538461538,False,E,True
302708,B35,0,105,14,18,78,8,6.1856481481481485,5.228240740740741,5.706944444444445,11.538461538461538,False,E,True
302710,B35,0,206,36,41,171,8,3.145117283950617,2.8405802469135804,2.992848765432099,5.2631578947368425,True,E,True
302711,B35,0,105,14,17,78,8,6.391388888888889,5.262222222222222,5.826805555555556,11.538461538461538,False,E,True
302714,B35,0,105,14,17,78,8,6.510555555555555,5.300555555555556,5.905555555555555,11.538461538461538,False,E,True
302715,B35,0,206,36,40,171,8,3.123310185185185,2.8551805555555556,2.9892453703703703,5.2631578947368425,True,E,True
302716,B35,0,105,15,17,77,8,6.646163580246914,5.373055555555555,6.009609567901235,11.688311688311689,False,E,True
302718,B35,0,105,15,17,77,8,6.571796296296297,5.357592592592593,5.9646944444444445,11.688311688311689,False,E,True
302719,B35,0,206,36,41,170,8,3.1178749999999997,2.8618827160493825,2.9898788580246913,5.294117647058823,True,E,True
302722,B35,0,105,14,17,77,8,6.586666666666667,5.328055555555555,5.957361111111111,11.688311688311689,False,E,True
302722,B8,0,112,20,25,90,9,4.8004645061728395,3.9019444444444447,4.351204475308642,10.0,True,E,True
302723,B35,0,105,14,16,78,9,6.603888888888889,5.336498456790124,5.970193672839506,11.538461538461538,False,E,True
302723,B8,0,112,20,26,90,9,4.777246913580247,3.897777777777778,4.337512345679013,10.0,True,E,True
302724,B35,0,206,36,40,170,9,3.2062268518518517,2.8846296296296297,3.045428240740741,5.294117647058823,True,E,True
302724,B8,0,112,19,26,90,9,4.772945987654321,3.8802777777777777,4.326611882716049,10.0,True,E,True
302736,B35,1,199,33,37,162,10,3.223094135802469,3.425422839506173,3.324258487654321,5.555555555555555,True,W,True
302737,B35,1,107,15,17,77,10,6.422592592592593,5.385077160493827,5.90383487654321,11.688311688311689,False,W,True
302740,B35,1,199,33,37,161,10,3.2480756172839507,3.3788070987654324,3.3134413580246913,5.590062111801243,True,W,True
302741,B35,1,107,14,16,77,10,6.446342592592592,5.359231481481482,5.902787037037037,11.688311688311689,False,W,True
302742,B35,1,203,36,37,165,10,3.016699074074074,3.371645061728395,3.1941720679012344,5.454545454545454,True,W,True
302743,B35,1,111,18,17,81,10,5.373611111111112,5.395185185185185,5.384398148148148,11.11111111111111,False,W,True
302745,B35,1,111,18,17,81,9,5.322222222222222,5.3694444444444445,5.345833333333333,11.11111111111111,False,W,True
302749,B35,1,111,18,16,81,10,5.190740740740741,5.309875,5.25030787037037,11.11111111111111,False,W,True
302750,B35,1,203,35,37,165,10,3.2394814814814814,3.4898148148148147,3.3646481481481483,5.454545454545454,True,W,True
302753,B35,1,111,18,17,81,10,5.223629629629629,5.336888888888889,5.2802592592592585,11.11111111111111,False,W,True
302758,B35,1,203,37,37,164,10,3.5286774691358023,3.3430617283950617,3.4358695987654317,5.487804878048781,True,W,True
302759,B35,1,203,36,37,164,10,3.630413580246914,3.300388888888889,3.465401234567901,5.487804878048781,True,W,True
302760,B35,1,111,18,17,80,10,5.143827160493827,5.279012345679012,5.211419753086419,11.25,False,W,True
302761,B35,1,203,36,38,164,10,3.637054012345679,3.2543935185185187,3.4457237654320987,5.487804878048781,True,W,True
302763,B35,1,111,18,17,81,11,5.179603395061728,5.2538888888888895,5.2167461419753085,11.11111111111111,False,W,True
302764,B35,1,111,18,17,81,11,5.212572530864198,5.2625,5.237536265432099,11.11111111111111,False,W,True
302765,B35,1,203,36,38,164,11,3.7206327160493826,3.088814814814815,3.404723765432099,5.487804878048781,True,W,True
302766,B35,1,203,36,37,163,11,3.649441358024691,3.1948657407407404,3.422153549382716,5.521472392638037,True,W,True
302767,B35,1,111,18,17,81,11,5.319358024691358,5.274753086419753,5.297055555555556,11.11111111111111,False,W,True
302768,B35,1,111,18,17,81,11,5.301983024691357,5.280233024691358,5.291108024691358,11.11111111111111,False,W,True
302771,B35,1,116,18,21,87,11,6.3835,4.4399799382716045,5.411739969135803,10.344827586206897,False,W,True
302772,B35,1,116,18,21,87,11,6.4108472222222215,4.4251604938271605,5.418003858024691,10.344827586206897,False,W,True
302773,B35,1,116,19,20,87,11,6.418473765432099,4.433868827160494,5.426171296296297,10.344827586206897,False,W,True
302774,B35,1,116,19,21,87,11,6.407351851851852,4.4292191358024695,5.4182854938271605,10.344827586206897,False,W,True
302775,B35,1,116,19,21,87,11,6.395643518518518,4.422984567901235,5.409314043209877,10.344827586206897,False,W,True
302776,B35,1,116,19,21,87,12,6.381081790123457,4.418635802469136,5.3998587962962965,10.344827586206897,False,W,True
302777,B35,1,116,19,21,86,12,6.366907407407408,4.418166666666666,5.3925370370370365,10.465116279069768,False,W,True
302778,B35,1,116,18,21,86,12,6.352103395061729,4.420912037037037,5.386507716049382,10.465116279069768,False,W,True
302778,B70,0,75,17,14,62,5,5.388888888888888,6.838888888888889,6.113888888888889,14.516129032258064,False,N,True
302779,B35,1,116,18,22,86,12,6.464705246913581,4.415740740740741,5.4402229938271605,10.465116279069768,False,W,True
302779,B70,0,75,17,14,62,5,5.388888888888888,6.802777777777778,6.095833333333333,14.516129032258064,False,N,True
302780,B35,1,116,19,22,86,12,6.555816358024691,4.346922839506173,5.4513695987654325,10.465116279069768,False,W,True
302780,B70,0,75,17,14,62,5,5.388888888888888,6.767222222222222,6.078055555555555,14.516129032258064,False,N,True
302781,B35,1,116,18,21,86,12,6.633333333333334,4.35,5.491666666666666,10.465116279069768,False,W,True
302781,B70,0,75,17,14,62,5,5.388888888888888,6.738888888888889,6.063888888888888,14.516129032258064,False,N,True
302782,B35,1,116,18,21,87,12,6.695333333333334,4.37,5.532666666666667,10.344827586206897,False,W,True
302786,B36,0,137,27,25,112,8,3.705631172839506,3.5799984567901233,3.6428148148148147,8.035714285714286,True,E,True
302786,B74,1,118,24,28,104,0,4.140927469135803,3.245067901234568,3.692997685185185,8.653846153846153,True,E,True
302787,B36,0,137,27,25,112,8,3.723472222222222,3.5903302469135805,3.6569012345679015,8.035714285714286,True,E,True
302787,B74,1,118,24,28,105,0,4.122222222222223,3.238888888888889,3.680555555555556,8.571428571428571,True,E,True
302789,B36,0,137,28,26,112,8,3.687240740740741,3.5173580246913576,3.6022993827160494,8.035714285714286,True,E,True
302789,B74,1,118,25,28,105,0,4.0537777777777775,3.2381558641975308,3.6459668209876543,8.571428571428571,True,E,True
302791,B36,0,137,29,25,112,8,3.65437962962963,3.506283950617284,3.580331790123457,8.035714285714286,True,E,True
302791,B74,1,118,25,29,104,0,3.986953703703704,3.222810185185185,3.604881944444444,8.653846153846153,True,E,True
302792,B36,0,137,29,25,112,8,3.610925925925926,3.5253765432098763,3.568151234567901,8.035714285714286,True,E,True
302792,B74,1,118,25,28,104,0,3.937515432098765,3.2213549382716047,3.579435185185185,8.653846153846153,True,E,True
302793,B36,0,137,29,25,112,8,3.5704814814814814,3.543712962962963,3.5570972222222226,8.035714285714286,True,E,True
302794,B36,0,137,28,26,112,8,3.5724614197530866,3.5395061728395065,3.5559837962962964,8.035714285714286,True,E,True
302794,X28,0,7,4,0,7,0,12.312782325299377,,12.312782325299377,128.57142857142858,False,N,True
302794,X38,0,7,4,0,7,0,10.776113294040604,,10.776113294040604,128.57142857142858,False,N,True
302797,B36,0,137,29,26,113,8,3.58133487654321,3.510180555555556,3.5457577160493825,7.964601769911504,True,E,True
302798,B36,0,137,29,26,113,8,3.5685000000000002,3.497300925925926,3.5329004629629632,7.964601769911504,True,E,True
302798,X38,0,7,4,0,7,0,10.836201550387596,,10.836201550387596,128.57142857142858,False,N,True
302799,B82,1,104,18,16,80,6,5.429149691358025,5.832445987654321,5.630797839506172,11.25,False,W,True
302802,B36,0,133,30,26,113,6,3.4905555555555554,3.5050000000000003,3.497777777777778,7.964601769911504,True,E,True
302803,B36,0,133,30,26,113,6,3.4555555555555557,3.5,3.4777777777777774,7.964601769911504,True,E,True
302804,B36,0,133,29,26,112,6,3.423308641975309,3.4868472222222224,3.4550779320987655,8.035714285714286,True,E,True
302806,B36,0,133,29,26,112,6,3.462716049382716,3.4727824074074074,3.467749228395062,8.035714285714286,True,E,True
302807,B36,0,133,29,26,112,6,3.4926574074074073,3.471328703703704,3.4819930555555554,8.035714285714286,True,E,True
302810,B36,0,133,30,26,113,6,3.3982885802469136,3.4633533950617283,3.430820987654321,7.964601769911504,True,E,True
302811,B36,0,133,29,27,113,6,3.4280447530864198,3.4369120370370374,3.4324783950617284,7.964601769911504,True,E,True
302812,B36,0,133,29,27,113,6,3.4427746913580246,3.413033950617284,3.4279043209876545,7.964601769911504,True,E,True
302813,B36,0,133,29,26,113,6,3.462158950617284,3.411594135802469,3.4368765432098765,7.964601769911504,True,E,True
302814,B36,0,133,29,26,113,6,3.4808024691358024,3.4278024691358024,3.4543024691358024,7.964601769911504,True,E,True
302818,B36,0,133,29,27,112,6,3.5112654320987655,3.451388888888889,3.481327160493827,8.035714285714286,True,E,True
302819,B36,0,133,29,26,112,6,3.516716049382716,3.4319984567901236,3.4743572530864197,8.035714285714286,True,E,True
302820,B36,0,133,30,26,112,6,3.4848148148148153,3.44037037037037,3.4625925925925927,8.035714285714286,True,E,True
302823,B36,0,133,29,26,112,6,3.493055555555556,3.468287037037037,3.480671296296296,8.035714285714286,True,E,True
302823,B44,0,70,10,9,49,4,9.04308487654321,10.35958950617284,9.701337191358025,18.367346938775512,False,N,True
302825,B44 SBS,0,67,12,12,61,0,7.5649999999999995,7.5,7.5325,14.754098360655737,False,N,True
302826,B36,0,133,29,26,112,6,3.500583333333333,3.4382654320987656,3.4694243827160496,8.035714285714286,True,E,True
302826,B44,0,70,10,9,49,4,9.076185185185185,10.20987962962963,9.643032407407407,18.367346938775512,False,N,True
302827,B36,0,133,29,26,112,6,3.5012222222222222,3.458361111111111,3.4797916666666664,8.035714285714286,True,E,True
302827,B44,0,70,11,9,49,4,9.015645061728396,10.153256172839507,9.58445061728395,18.367346938775512,False,N,True
302829,B36,1,128,30,24,108,6,3.466666666666667,3.905555555555556,3.686111111111111,8.333333333333334,True,W,True
302831,B36,1,128,30,24,108,6,3.411770061728395,3.8774074074074076,3.6445887345679013,8.333333333333334,True,W,True
302831,B44,1,78,11,10,50,10,8.531520061728395,9.049185185185186,8.79035262345679,18.0,False,S,True
302832,B36,1,128,30,24,107,7,3.404566358024691,3.862037037037037,3.633301697530864,8.411214953271028,True,W,True
302832,B44,1,78,11,10,50,10,8.526001543209876,9.04200925925926,8.784005401234568,18.0,False,S,True
302832,B44 SBS,1,71,12,12,56,0,7.6124074074074075,7.008333333333334,7.31037037037037,16.071428571428573,False,S,True
302833,B36,1,128,30,23,108,7,3.3962222222222223,3.895185185185185,3.6457037037037034,8.333333333333334,True,W,True
302833,B44,1,78,11,10,50,10,8.520125,9.034760802469135,8.777442901234568,18.0,False,S,True
302834,B36,1,128,30,23,108,7,3.391884259259259,3.919259259259259,3.655571759259259,8.333333333333334,True,W,True
302834,B44,1,78,11,10,50,10,8.516297839506173,9.030416666666667,8.77335725308642,18.0,False,S,True
302835,B36,1,128,31,23,108,7,3.366671296296296,3.947037037037037,3.6568541666666667,8.333333333333334,True,W,True
302837,B36,1,128,31,24,108,7,3.327932098765432,3.964351851851852,3.646141975308642,8.333333333333334,True,W,True
302838,B36,1,128,31,24,108,7,3.2934506172839506,3.928240740740741,3.6108456790123453,8.333333333333334,True,W,True
302841,B36,1,128,32,23,108,7,3.149662037037037,3.961111111111111,3.5553865740740744,8.333333333333334,True,W,True
302842,B36,1,128,31,23,108,6,3.1518564814814813,3.973148148148148,3.562502314814815,8.333333333333334,True,W,True
302843,B36,1,128,31,23,108,6,3.1563271604938268,3.982222222222222,3.5692746913580247,8.333333333333334,True,W,True
302844,B36,1,128,31,23,108,6,3.1642777777777775,4.024537037037037,3.5944074074074077,8.333333333333334,True,W,True
302845,B36,1,128,31,23,109,6,3.169212962962963,4.017407407407408,3.5933101851851847,8.256880733944953,True,W,True
302849,B36,1,128,31,23,109,6,3.1830447530864197,4.090277777777778,3.6366612654320987,8.256880733944953,True,W,True
302849,B68,0,111,15,21,91,6,5.7091666666666665,4.3006466049382714,5.004906635802469,9.89010989010989,True,N,True
302851,B36,1,128,31,22,108,6,3.2055555555555557,4.061111111111111,3.6333333333333333,8.333333333333334,True,W,True
302853,B36,1,128,31,22,108,6,3.195462962962963,4.082777777777777,3.6391203703703705,8.333333333333334,True,W,True
302854,B36,1,128,30,22,108,7,3.2277777777777774,4.105555555555556,3.6666666666666665,8.333333333333334,True,W,True
302856,B74,1,118,23,28,105,0,4.319726851851852,3.271638888888889,3.79568287037037,8.571428571428571,True,E,True
302857,B74,1,118,23,28,105,0,4.305515432098766,3.259111111111111,3.7823132716049384,8.571428571428571,True,E,True
302860,B36,1,128,31,22,108,7,3.2375246913580247,4.06511574074074,3.651320216049383,8.333333333333334,True,W,True
302863,B36,1,128,31,22,108,7,3.225501543209876,4.078587962962962,3.65204475308642,8.333333333333334,True,W,True
302864,B36,1,128,31,22,108,7,3.218797839506173,4.087777777777778,3.6532878086419753,8.333333333333334,True,W,True
302864,X38,1,7,0,5,7,0,,16.572405554052835,16.572405554052835,128.57142857142858,False,S,True
302866,B36,1,128,31,22,108,7,3.206635802469136,4.1060185185185185,3.6563271604938268,8.333333333333334,True,W,True
302866,X28,1,14,0,8,12,0,,12.823662377838712,12.823662377838712,75.0,False,S,True
302867,B36,1,128,31,22,108,7,3.2025756172839506,4.112788580246914,3.657682098765432,8.333333333333334,True,W,True
302868,B36,1,128,31,22,108,7,3.1987283950617282,4.119592592592593,3.6591604938271605,8.333333333333334,True,W,True
302869,B36,0,137,27,25,112,8,3.688888888888889,3.5722222222222224,3.6305555555555555,8.035714285714286,True,E,True
302869,X28,0,7,4,0,7,0,12.720588235294118,,12.720588235294118,128.57142857142858,False,N,True
302869,X38,0,7,4,0,7,0,10.838028169014084,,10.838028169014084,128.57142857142858,False,N,True
302870,B37,0,51,8,9,41,1,10.46111111111111,10.0,10.230555555555556,21.951219512195124,False,N,True
302873,B37,0,51,8,9,41,1,10.576944444444445,9.989444444444445,10.283194444444444,21.951219512195124,False,N,True
302874,B37,0,51,8,9,41,1,10.629444444444443,9.989930555555556,10.309687499999999,21.951219512195124,False,N,True
302875,B37,0,51,8,9,41,1,10.69111111111111,9.994666666666665,10.34288888888889,21.951219512195124,False,N,True
302876,B37,0,51,8,10,41,1,10.72361111111111,9.971180555555556,10.347395833333334,21.951219512195124,False,N,True
302877,B37,0,51,8,9,41,1,10.766944444444444,9.907331790123457,10.337138117283951,21.951219512195124,False,N,True
302878,B37,0,51,8,9,42,1,10.81111111111111,9.9,10.355555555555556,21.428571428571427,False,N,True
302881,B37,0,51,8,9,42,1,10.944847222222222,9.884180555555556,10.414513888888887,21.428571428571427,False,N,True
302882,B37,0,51,9,9,42,1,10.90907561728395,9.881432098765432,10.395253858024692,21.428571428571427,False,N,True
302883,B37,0,51,9,9,42,1,10.827717592592592,9.878902777777776,10.353310185185185,21.428571428571427,False,N,True
302889,B37,0,51,9,9,42,1,10.353064814814815,9.888310185185185,10.1206875,21.428571428571427,False,N,True
302890,B37,0,51,9,9,42,1,10.289328703703704,9.896395061728395,10.092861882716049,21.428571428571427,False,N,True
302891,B37,0,51,9,9,42,1,10.244166666666667,9.90482098765432,10.074493827160493,21.428571428571427,False,N,True
302892,B37,0,51,9,9,42,1,10.182953703703703,9.919785493827161,10.051369598765433,21.428571428571427,False,N,True
302894,B37,0,51,9,9,42,1,10.128395061728394,9.937654320987654,10.033024691358026,21.428571428571427,False,N,True
302897,B37,0,51,8,10,42,1,10.077236111111112,9.854697530864197,9.965966820987655,21.428571428571427,False,N,True
302898,B37,0,51,8,10,42,1,10.155688271604937,9.785023148148149,9.970355709876543,21.428571428571427,False,N,True
302899,B37,0,51,9,10,42,1,10.255555555555556,9.7,9.977777777777778,21.428571428571427,False,N,True
302900,B37,0,51,9,10,42,1,10.244476851851852,9.634973765432099,9.939725308641975,21.428571428571427,False,N,True
302901,B37,0,51,9,9,42,1,10.231358024691358,9.598293209876543,9.91482561728395,21.428571428571427,False,N,True
302903,B37,0,51,9,9,42,1,10.214037037037036,9.606037037037037,9.910037037037036,21.428571428571427,False,N,True
302908,B37,0,51,9,9,42,1,10.174932098765431,9.638010802469136,9.906471450617284,21.428571428571427,False,N,True
302912,B37,0,51,9,9,42,1,10.143871913580247,9.68387037037037,9.913871141975308,21.428571428571427,False,N,True
302914,B37,0,51,9,9,42,1,10.122483024691357,9.723759259259259,9.92312114197531,21.428571428571427,False,N,True
302915,B37,0,51,9,9,42,1,10.112171296296298,9.746087962962964,9.92912962962963,21.428571428571427,False,N,True
302916,B37,0,51,9,9,42,1,10.102603395061728,9.772893518518519,9.937748456790125,21.428571428571427,False,N,True
302917,B37,0,51,9,9,43,1,10.098060185185185,9.791358024691359,9.944709104938273,20.930232558139537,False,N,True
302945,B25,0,107,15,22,91,6,6.251572530864197,4.1698765432098766,5.210724537037037,9.89010989010989,True,E,True
302945,B38,0,191,38,37,169,6,3.2274691358024694,3.635925925925926,3.4316975308641977,5.325443786982248,True,E,True
302945,B52,0,125,27,21,107,5,3.423308641975309,4.278185185185185,3.850746913580247,8.411214953271028,True,E,True
302947,B25,0,107,15,22,90,6,6.277777777777778,4.15,5.213888888888889,10.0,True,E,True
302947,B26,0,112,19,21,91,8,5.877777777777778,4.222222222222222,5.05,9.89010989010989,True,E,True
302947,B38,0,191,38,36,169,7,3.2444444444444445,3.661111111111111,3.4527777777777775,5.325443786982248,True,E,True
302947,B52,0,125,26,21,106,5,3.488888888888889,4.3,3.8944444444444444,8.49056603773585,True,E,True
302948,B25,0,107,14,22,90,6,6.2907222222222225,4.142666666666667,5.216694444444444,10.0,True,E,True
302948,B26,0,112,19,22,91,8,5.937944444444444,4.246666666666667,5.092305555555556,9.89010989010989,True,E,True
302948,B38,0,191,37,36,169,7,3.2012839506172837,3.67362962962963,3.4374567901234565,5.325443786982248,True,E,True
302948,B52,0,125,26,21,106,5,3.527203703703704,4.312836419753086,3.920020061728395,8.49056603773585,True,E,True
302954,B37,1,51,8,9,42,1,12.053101851851853,9.960717592592593,11.006909722222222,21.428571428571427,False,S,True
302957,B37,1,51,8,9,42,1,11.878114197530865,9.930297839506173,10.904206018518519,21.428571428571427,False,S,True
302960,B37,1,51,7,9,42,1,11.902932098765433,9.909876543209878,10.906404320987654,21.428571428571427,False,S,True
302962,B37,1,51,7,9,42,1,12.028882716049383,9.89713888888889,10.963010802469137,21.428571428571427,False,S,True
302963,B37,1,51,7,9,42,1,12.069199074074074,9.894717592592594,10.981958333333333,21.428571428571427,False,S,True
302968,B37,1,51,7,9,42,1,12.284203703703703,9.932672839506173,11.108438271604939,21.428571428571427,False,S,True
302971,B37,1,51,7,10,42,1,12.375432098765431,9.823097222222223,11.099264660493827,21.428571428571427,False,S,True
302973,B37,1,51,7,10,42,1,12.447111111111111,9.674075617283952,11.060593364197532,21.428571428571427,False,S,True
302975,B37,1,51,8,10,42,1,12.481550925925925,9.547152777777777,11.01435185185185,21.428571428571427,False,S,True
302975,B70,0,75,17,13,63,5,5.392064814814815,6.775462962962963,6.083763888888888,14.285714285714286,False,N,True
302976,B37,1,51,8,10,42,1,12.433333333333334,9.46111111111111,10.947222222222223,21.428571428571427,False,S,True
302977,B37,0,51,8,10,42,1,10.171875,9.770691358024692,9.971283179012346,21.428571428571427,False,N,True
302978,B37,1,51,8,9,42,1,12.291893518518519,9.378657407407408,10.835275462962963,21.428571428571427,False,S,True
302981,B37,1,51,8,9,41,1,12.088992283950619,9.428746913580248,10.758869598765433,21.951219512195124,False,S,True
302985,B37,1,51,8,9,41,1,11.907972222222222,9.486442901234568,10.697207561728394,21.951219512195124,False,S,True
302992,B37,1,51,7,9,41,1,11.733333333333333,9.68888888888889,10.71111111111111,21.951219512195124,False,S,True
302995,B37,1,51,7,9,41,1,11.88157561728395,9.802293209876543,10.841934413580248,21.951219512195124,False,S,True
302996,B37,1,51,7,10,41,1,11.951592592592592,9.727425925925926,10.83950925925926,21.951219512195124,False,S,True
302999,B37,1,51,7,10,41,1,12.118020061728396,9.546194444444444,10.832107253086418,21.951219512195124,False,S,True
303000,B37,1,51,7,10,41,1,12.233333333333333,9.43888888888889,10.83611111111111,21.951219512195124,False,S,True
303003,B37,1,51,8,10,42,1,12.302307098765432,9.326677469135802,10.814492283950617,21.428571428571427,False,S,True
303017,B52,0,125,26,21,106,5,3.5694783950617284,4.332194444444444,3.9508364197530863,8.49056603773585,True,E,True
303019,B38,0,115,20,18,92,7,4.465064814814815,4.971058641975309,4.718061728395061,9.782608695652174,True,E,True
303020,B38,0,115,21,19,92,7,4.502760802469136,4.9629212962962965,4.732841049382716,9.782608695652174,True,E,True
303021,B38,0,191,37,38,168,7,3.2269135802469138,3.842195987654321,3.5345547839506173,5.357142857142857,True,E,True
303022,B38,0,115,21,18,92,7,4.425209876543209,4.8597777777777775,4.642493827160494,9.782608695652174,True,E,True
303023,B38,0,115,20,18,92,7,4.408087962962963,4.886592592592592,4.6473402777777775,9.782608695652174,True,E,True
303024,B38,0,191,36,36,168,7,3.174938271604938,3.647648148148148,3.411293209876543,5.357142857142857,True,E,True
303025,B38,0,115,20,18,91,7,4.465001543209877,4.943407407407407,4.704204475308642,9.89010989010989,True,E,True
303026,B38,0,191,35,38,167,7,3.2342114197530867,3.5327422839506175,3.383476851851852,5.389221556886228,True,E,True
303027,B38,0,191,36,38,167,6,3.3,3.4,3.35,5.389221556886228,True,E,True
303028,B38,0,115,21,19,91,6,4.479608024691358,4.829283950617284,4.654445987654321,9.89010989010989,True,E,True
303029,B38,0,115,21,18,91,6,4.434074074074074,4.828185185185186,4.63112962962963,9.89010989010989,True,E,True
303030,B38,0,115,20,18,91,6,4.4194305555555555,4.863160493827161,4.641295524691358,9.89010989010989,True,E,True
303032,B38,0,191,35,37,166,7,3.138845679012346,3.0031913580246914,3.071018518518519,5.421686746987952,True,E,True
303033,B38,0,115,20,19,90,7,4.506935185185185,4.9001574074074075,4.703546296296296,10.0,True,E,True
303034,B38,0,191,34,38,166,7,3.2362608024691357,2.8319922839506173,3.0341265432098767,5.421686746987952,True,E,True
303036,B38,0,115,20,18,90,7,4.632175925925925,4.860978395061728,4.746577160493827,10.0,True,E,True
303038,B38,0,115,20,18,90,7,4.7299089506172844,4.909189814814814,4.819549382716049,10.0,True,E,True
303039,B38,0,191,34,37,165,7,3.5594166666666665,2.7639645061728397,3.161690586419753,5.454545454545454,True,E,True
303040,B38,0,191,34,38,165,7,3.580925925925926,2.7453703703703707,3.163148148148148,5.454545454545454,True,E,True
303041,B38,0,191,34,38,166,7,3.6191311728395066,2.7140138888888887,3.166572530864198,5.421686746987952,True,E,True
303042,B38,0,115,20,18,90,7,4.728612654320988,4.860376543209877,4.794494598765431,10.0,True,E,True
303043,B13,0,74,15,16,61,4,6.700833333333334,5.643888888888889,6.172361111111111,14.754098360655737,False,N,True
303043,B38,0,191,33,37,166,8,3.7666666666666666,2.711111111111111,3.238888888888889,5.421686746987952,True,E,True
303044,B38,0,115,20,18,90,8,4.733333333333333,4.900740740740741,4.8170370370370375,10.0,True,E,True
303072,B38,1,115,22,18,92,5,4.354444444444444,4.995185185185185,4.674814814814814,9.782608695652174,True,W,True
303073,B38,1,191,42,36,169,5,2.561111111111111,3.7333333333333334,3.1472222222222226,5.325443786982248,True,W,True
303074,B38,1,115,21,18,93,6,4.314722222222222,4.953425925925926,4.634074074074074,9.67741935483871,True,W,True
303075,B38,1,191,42,36,169,6,2.565433641975309,3.6828703703703707,3.1241520061728396,5.325443786982248,True,W,True
303076,B38,1,191,42,36,169,6,2.5720570987654323,3.6766666666666667,3.1243618827160495,5.325443786982248,True,W,True
303077,B38,1,191,43,36,169,6,2.5611666666666664,3.6663888888888887,3.1137777777777775,5.325443786982248,True,W,True
303078,B38,1,115,22,18,93,6,4.34871450617284,4.987592592592592,4.668153549382716,9.67741935483871,True,W,True
303081,B38,1,191,42,37,168,6,2.5055555555555555,3.594444444444444,3.05,5.357142857142857,True,W,True
303082,B38,1,115,21,18,92,6,4.285387345679013,4.950824074074074,4.618105709876543,9.782608695652174,True,W,True
303083,B38,1,191,42,37,169,6,2.4898163580246915,3.6501666666666663,3.069991512345679,5.325443786982248,True,W,True
303085,B38,1,115,22,18,93,6,4.316691358024692,4.965802469135803,4.641246913580247,9.67741935483871,True,W,True
303086,B38,1,115,22,18,93,6,4.261444444444445,4.977379629629629,4.619412037037037,9.67741935483871,True,W,True
303087,B38,1,115,22,18,93,5,4.217038580246913,4.989111111111112,4.6030748456790125,9.67741935483871,True,W,True
303088,B38,1,191,42,38,169,5,2.4555555555555557,3.838888888888889,3.1472222222222226,5.325443786982248,True,W,True
303090,B38,1,191,42,37,169,5,2.520618827160494,3.8102222222222224,3.165420524691358,5.325443786982248,True,W,True
303091,B38,1,115,21,18,92,5,4.292592592592593,4.91729938271605,4.604945987654321,9.782608695652174,True,W,True
303092,B38,1,191,44,37,168,5,2.560378086419753,3.8033873456790124,3.1818827160493823,5.357142857142857,True,W,True
303094,B38,1,115,21,19,93,5,4.2200138888888885,4.979876543209877,4.599945216049383,9.67741935483871,True,W,True
303096,B38,1,191,42,39,169,5,2.7,3.738888888888889,3.219444444444444,5.325443786982248,True,W,True
303102,B38,1,191,41,37,169,5,2.883375,3.647716049382716,3.265545524691358,5.325443786982248,True,W,True
303117,B39,1,29,6,6,28,0,15.0,15.0,15.0,32.142857142857146,False,W,True
303117,B60,1,88,13,16,70,5,7.061111111111112,6.138888888888888,6.6,12.857142857142858,False,S,True
303135,B47,0,99,21,17,79,6,4.364583333333333,5.244902777777778,4.804743055555556,11.39240506329114,False,N,True
303136,B47,0,99,21,17,79,6,4.365759259259259,5.252625,4.80919212962963,11.39240506329114,False,N,True
303137,B47,0,99,21,17,79,6,4.369682098765432,5.263061728395061,4.816371913580246,11.39240506329114,False,N,True
303138,B47,0,99,22,17,79,6,4.3500046296296295,5.2768194444444445,4.813412037037037,11.39240506329114,False,N,True
303140,B47,0,99,22,17,79,6,4.298240740740741,5.300092592592592,4.799166666666666,11.39240506329114,False,N,True
303141,B47,0,99,22,17,80,6,4.25,5.327777777777778,4.788888888888889,11.25,False,N,True
303142,B47,0,99,22,17,80,6,4.211716049382717,5.347827160493827,4.779771604938272,11.25,False,N,True
303143,B47,0,99,21,18,80,6,4.226537037037037,5.2898703703703704,4.758203703703703,11.25,False,N,True
303144,B47,0,99,21,18,80,6,4.247013888888889,5.248680555555556,4.747847222222222,11.25,False,N,True
303145,B47,0,99,21,17,80,6,4.261577160493827,5.249725308641975,4.755651234567901,11.25,False,N,True
303146,B47,0,99,21,17,79,6,4.279333333333333,5.2571111111111115,4.768222222222222,11.39240506329114,False,N,True
303147,B47,0,99,21,17,79,6,4.302589506172839,5.267033950617284,4.784811728395061,11.39240506329114,False,N,True
303148,B47,0,99,22,17,79,6,4.32908024691358,5.280154320987654,4.804617283950617,11.39240506329114,False,N,True
303149,B47,0,99,22,17,79,6,4.305555555555555,5.294444444444445,4.8,11.39240506329114,False,N,True
303151,B47,0,99,22,17,79,7,4.231728395061729,5.332716049382716,4.782222222222222,11.39240506329114,False,N,True
303152,B47,0,99,22,17,79,7,4.198055555555555,5.356296296296296,4.777175925925926,11.39240506329114,False,N,True
303153,B46,0,136,23,16,98,11,3.9828641975308643,5.5736743827160495,4.778269290123457,9.183673469387756,True,N,True
303153,B47,0,99,21,17,79,7,4.1937746913580245,5.37579475308642,4.784784722222223,11.39240506329114,False,N,True
303154,B46,0,136,22,17,98,11,4.04238425925926,5.587638888888889,4.815011574074075,9.183673469387756,True,N,True
303154,B47,0,99,21,17,79,7,4.230166666666666,5.342888888888889,4.786527777777778,11.39240506329114,False,N,True
303156,B46,0,136,23,17,98,11,4.0536620370370375,5.476055555555556,4.764858796296296,9.183673469387756,True,N,True
303156,B47,0,99,21,17,79,7,4.30757561728395,5.340820987654321,4.824198302469136,11.39240506329114,False,N,True
303158,B46,0,136,22,16,98,11,4.0,5.516666666666667,4.758333333333334,9.183673469387756,True,N,True
303159,B46,0,136,22,16,98,11,4.07845061728395,5.558162037037037,4.818306327160494,9.183673469387756,True,N,True
303160,B46,0,136,22,16,98,11,4.10707561728395,5.575626543209877,4.8413510802469135,9.183673469387756,True,N,True
303161,B46,0,136,22,17,98,11,4.1662283950617285,5.560604938271605,4.863416666666667,9.183673469387756,True,N,True
303162,B46,0,136,22,17,98,12,4.189611111111111,5.537450617283951,4.86353086419753,9.183673469387756,True,N,True
303163,B46,0,136,22,17,98,11,4.225163580246913,5.500148148148147,4.8626558641975315,9.183673469387756,True,N,True
303164,B46,0,136,23,17,97,11,4.229578703703703,5.463148148148148,4.846363425925926,9.278350515463918,True,N,True
303170,B46,1,136,21,17,97,13,4.337388888888889,5.306550925925927,4.821969907407407,9.278350515463918,True,S,True
303172,B46,1,136,20,18,97,13,4.440277777777778,5.211461419753086,4.825869598765433,9.278350515463918,True,S,True
303173,B46,1,136,20,18,97,13,4.513123456790123,5.136273148148148,4.824698302469136,9.278350515463918,True,S,True
303175,B46,1,136,21,17,97,13,4.519995370370371,5.083461419753087,4.801728395061729,9.278350515463918,True,S,True
303178,B46,1,136,20,18,97,13,4.5488888888888885,5.052432098765433,4.800660493827161,9.278350515463918,True,S,True
303178,B47,1,88,14,16,71,4,6.62962962962963,5.988333333333333,6.3089814814814815,12.67605633802817,False,S,True
303180,B46,1,136,20,19,97,14,4.585185185185185,5.022246913580247,4.803716049382716,9.278350515463918,True,S,True
303180,B47,1,88,14,16,71,4,6.684444444444444,5.923734567901235,6.30408950617284,12.67605633802817,False,S,True
303182,B47,1,88,14,17,71,4,6.708217592592592,5.863290123456791,6.285753858024691,12.67605633802817,False,S,True
303188,B47,1,88,14,16,71,4,6.665925925925927,5.781333333333333,6.223629629629629,12.67605633802817,False,S,True
303189,B47,1,88,14,16,71,4,6.669907407407408,5.792654320987654,6.23128086419753,12.67605633802817,False,S,True
303190,B47,1,88,14,17,72,4,6.674166666666666,5.789276234567901,6.231721450617284,12.5,False,S,True
303191,B47,1,88,14,17,72,4,6.679537037037037,5.739847222222222,6.209692129629629,12.5,False,S,True
303192,B47,1,88,14,17,72,4,6.685092592592593,5.689453703703704,6.187273148148148,12.5,False,S,True
303193,B47,1,88,14,17,71,4,6.694444444444445,5.611111111111112,6.152777777777778,12.67605633802817,False,S,True
303195,B47,1,88,14,17,71,4,6.704163580246914,5.5225987654320985,6.113381172839507,12.67605633802817,False,S,True
303196,B47,1,88,14,16,71,5,6.707077160493827,5.52158487654321,6.114331018518518,12.67605633802817,False,S,True
303198,B45,0,78,12,17,65,4,7.572638888888889,5.398708333333333,6.485673611111111,13.846153846153847,False,E,True
303198,B47,1,88,14,17,71,5,6.707143518518519,5.527572530864197,6.117358024691358,12.67605633802817,False,S,True
303198,B65,0,74,12,14,59,3,7.868018518518519,6.648768518518518,7.258393518518519,15.254237288135593,False,E,True
303215,B41,0,118,21,21,103,4,5.438888888888888,4.966666666666667,5.202777777777778,8.737864077669903,True,N,True
303218,B41,0,118,21,20,102,4,5.490277777777778,4.976751543209876,5.233514660493827,8.823529411764707,True,N,True
303218,B9,1,95,22,18,86,1,4.170277777777778,4.9969320987654315,4.583604938271605,10.465116279069768,False,W,True
303219,B41,0,118,21,20,102,4,5.509444444444444,5.003851851851851,5.256648148148148,8.823529411764707,True,N,True
303219,B9,1,95,22,19,86,1,4.164351851851852,4.997398148148148,4.580875000000001,10.465116279069768,False,W,True
303222,B41,0,242,46,42,209,9,2.8,2.8222222222222224,2.811111111111111,4.30622009569378,True,N,True
303222,B9,1,95,21,18,86,1,4.261111111111111,4.961111111111111,4.611111111111112,10.465116279069768,False,W,True
303223,B41,0,133,20,21,100,9,4.572848765432099,4.529345679012346,4.551097222222222,9.0,True,N,True
303223,B9,1,95,21,18,86,1,4.3436111111111115,4.958972222222223,4.651291666666666,10.465116279069768,False,W,True
303224,B41,0,242,45,43,209,9,2.784361111111111,2.666354938271605,2.7253580246913582,4.30622009569378,True,N,True
303227,B41,0,133,21,21,101,9,4.557216049382716,4.3902222222222225,4.473719135802469,8.910891089108912,True,N,True
303228,B41,0,133,21,20,101,9,4.546774691358024,4.350925925925925,4.448850308641975,8.910891089108912,True,N,True
303229,B41,0,133,21,20,101,9,4.537810185185185,4.378703703703704,4.458256944444444,8.910891089108912,True,N,True
303230,B41,0,133,21,20,100,9,4.523983024691359,4.421296296296296,4.472639660493827,9.0,True,N,True
303233,B41,0,239,41,43,206,9,2.827111111111111,2.4497947530864197,2.6384529320987653,4.368932038834951,True,N,True
303234,B41,0,130,18,21,97,9,5.222766975308642,4.331720679012346,4.777243827160493,9.278350515463918,True,N,True
303235,B41,0,239,42,41,206,9,2.867513888888889,2.590543209876543,2.729028549382716,4.368932038834951,True,N,True
303237,B41,0,130,17,21,98,9,5.175529320987654,4.349037037037037,4.762283179012345,9.183673469387756,True,N,True
303238,B41,0,130,17,21,98,9,5.201666666666667,4.342041666666666,4.7718541666666665,9.183673469387756,True,N,True
303239,B41,0,130,17,21,97,9,5.254609567901235,4.327668209876544,4.791138888888889,9.278350515463918,True,N,True
303241,B41,0,130,17,21,97,9,5.334533950617284,4.276388888888889,4.805461419753087,9.278350515463918,True,N,True
303242,B41,0,239,42,43,206,9,3.1086944444444446,3.031625,3.0701597222222223,4.368932038834951,True,N,True
303243,B41,0,130,17,21,97,9,5.3047361111111115,4.293703703703703,4.799219907407407,9.278350515463918,True,N,True
303244,B41,0,130,17,21,97,10,5.3287052469135805,4.30287037037037,4.815787808641975,9.278350515463918,True,N,True
303247,B41,0,128,17,21,97,9,5.368802469135803,4.194006172839506,4.7814043209876536,9.278350515463918,True,N,True
303249,B41,0,128,17,22,97,9,5.523844135802468,4.179327160493828,4.851585648148148,9.278350515463918,True,N,True
303249,B69,1,50,13,12,48,0,7.68708487654321,7.7331311728395065,7.710108024691357,18.75,False,S,True
303250,B41,0,234,38,45,203,9,3.2536234567901237,2.7465416666666664,3.0000825617283953,4.433497536945813,True,N,True
303253,B41,0,128,17,21,97,9,5.524922839506173,4.157006172839506,4.840964506172839,9.278350515463918,True,N,True
303253,B67,0,69,12,14,55,3,8.88914351851852,8.095648148148149,8.492395833333333,16.363636363636363,False,N,True
303254,B41,0,234,38,44,202,9,3.261111111111111,2.816666666666667,3.038888888888889,4.455445544554456,True,N,True
303254,B45,1,78,14,16,67,2,6.666666666666667,6.088888888888889,6.377777777777778,13.432835820895523,False,W,True
303254,B67,0,69,13,14,55,3,8.576506172839506,7.727314814814815,8.151910493827161,16.363636363636363,False,N,True
303258,B41,0,234,36,46,203,9,3.555736111111111,2.645861111111111,3.100798611111111,4.433497536945813,True,N,True
303258,B45,1,78,13,15,67,2,6.73891512345679,6.065111111111111,6.402013117283951,13.432835820895523,False,W,True
303258,B67,0,69,13,14,55,3,7.812104938271605,7.111851851851852,7.461978395061728,16.363636363636363,False,N,True
303259,B45,1,78,13,16,67,2,6.794444444444445,6.094444444444445,6.444444444444445,13.432835820895523,False,W,True
303259,B67,0,69,12,14,55,3,7.683333333333334,7.011111111111111,7.347222222222222,16.363636363636363,False,N,True
303269,B41,0,122,24,20,106,5,5.201027777777778,4.960064814814815,5.080546296296296,8.49056603773585,True,N,True
303270,B41,0,122,24,20,106,5,5.189876543209877,4.967013888888888,5.078445216049383,8.49056603773585,True,N,True
303271,B41,0,122,25,20,107,5,5.160347222222223,4.974293209876544,5.067320216049382,8.411214953271028,True,N,True
303272,B41,0,122,24,21,107,4,5.160060185185185,4.955592592592593,5.057826388888889,8.411214953271028,True,N,True
303274,B41,0,122,24,21,107,4,5.169561728395062,4.915912037037037,5.04273688271605,8.411214953271028,True,N,True
303275,B41,0,122,24,21,107,4,5.173847222222222,4.895893518518519,5.0348703703703706,8.411214953271028,True,N,True
303276,B41,0,122,24,21,107,4,5.178092592592592,4.877179012345679,5.027635802469136,8.411214953271028,True,N,True
303277,B41,0,122,25,21,107,4,5.159679012345679,4.858074074074073,5.008876543209877,8.411214953271028,True,N,True
303290,B45,0,78,13,16,67,3,6.938888888888888,5.644444444444445,6.291666666666667,13.432835820895523,False,E,True
303290,B67,1,63,13,14,51,4,8.338888888888889,6.622222222222222,7.480555555555555,17.647058823529413,False,S,True
303295,B41,1,234,33,48,198,11,3.4222222222222225,2.555555555555556,2.988888888888889,4.545454545454546,True,S,True
303295,B67,1,63,12,14,51,4,7.778657407407407,6.675486111111111,7.2270717592592595,17.647058823529413,False,S,True
303296,B67,1,63,12,14,52,4,7.811111111111112,6.666666666666667,7.238888888888889,17.307692307692307,False,S,True
303297,B41,1,134,18,23,102,11,4.9785462962962965,3.9470725308641974,4.4628094135802465,8.823529411764707,True,S,True
303297,B67,1,63,12,14,52,4,7.832476851851852,6.63076388888889,7.23162037037037,17.307692307692307,False,S,True
303300,B41,1,234,33,46,197,11,3.47279475308642,2.4395509259259263,2.956172839506173,4.568527918781726,True,S,True
303300,B69,0,54,13,12,52,0,8.899773148148148,7.923992283950617,8.411882716049384,17.307692307692307,False,N,True
303301,B41,1,134,18,22,101,11,5.007425925925926,3.9936296296296296,4.500527777777778,8.910891089108912,True,S,True
303301,B69,0,54,13,12,52,0,8.678006172839506,7.7657037037037036,8.221854938271605,17.307692307692307,False,N,True
303303,B41,1,134,18,22,101,11,5.05,3.9373086419753087,4.4936543209876545,8.910891089108912,True,S,True
303306,B41,1,134,18,23,101,11,5.050263888888889,3.9394228395061726,4.494843364197531,8.910891089108912,True,S,True
303307,B41,1,237,35,47,199,12,3.241111111111111,2.4463503086419753,2.843730709876543,4.522613065326633,True,S,True
303308,B41,1,134,17,23,101,12,5.093041666666666,3.9592083333333337,4.5261249999999995,8.910891089108912,True,S,True
303310,B41,1,134,18,23,101,12,5.1031358024691365,3.925518518518518,4.514327160493827,8.910891089108912,True,S,True
303311,B41,1,134,18,23,100,12,5.086098765432099,3.9495833333333334,4.5178410493827155,9.0,True,S,True
303312,B41,1,134,18,23,100,12,5.068537037037037,3.937581790123457,4.503059413580247,9.0,True,S,True
303313,B41,1,134,18,23,100,12,5.051157407407407,3.929733024691358,4.490445216049382,9.0,True,S,True
303314,B41,1,237,33,47,197,13,3.764597222222222,2.689932098765432,3.2272646604938275,4.568527918781726,True,S,True
303315,B41,1,134,17,23,99,13,5.174277777777777,3.9290632716049383,4.5516705246913585,9.090909090909092,True,S,True
303316,B41,1,237,34,48,197,13,3.979041666666667,2.6177206790123457,3.2983811728395063,4.568527918781726,True,S,True
303317,B41,1,240,33,50,199,12,4.022222222222222,2.4833333333333334,3.2527777777777778,4.522613065326633,True,S,True
303318,B41,1,137,18,25,103,12,5.124444444444444,3.7866265432098767,4.45553549382716,8.737864077669903,True,S,True
303319,B41,1,137,18,24,102,12,5.09037037037037,3.8150833333333334,4.4527268518518515,8.823529411764707,True,S,True
303323,B41,1,137,17,24,102,13,5.198333333333333,3.8644444444444446,4.5313888888888885,8.823529411764707,True,S,True
303323,B9,0,95,21,18,87,0,4.455555555555555,5.123842592592593,4.789699074074075,10.344827586206897,False,E,True
303324,B41,1,240,33,47,197,13,3.7555555555555555,2.4277777777777776,3.091666666666667,4.568527918781726,True,S,True
303324,B9,0,95,21,18,87,0,4.455555555555555,5.088888888888889,4.772222222222222,10.344827586206897,False,E,True
303326,B41,1,123,18,24,101,6,7.652314814814815,5.244768518518518,6.448541666666667,8.910891089108912,True,S,True
303328,B41,1,123,17,25,101,6,7.652592592592593,5.228098765432098,6.440345679012347,8.910891089108912,True,S,True
303329,B41,1,123,17,25,101,6,7.660185185185185,5.215851851851852,6.438018518518518,8.910891089108912,True,S,True
303330,B41,1,123,17,25,101,6,7.668148148148148,5.205172839506173,6.43666049382716,8.910891089108912,True,S,True
303331,B41,1,123,17,25,101,6,7.67574074074074,5.195395061728394,6.435567901234568,8.910891089108912,True,S,True
303332,B41,1,123,17,25,101,6,7.6809259259259255,5.188819444444444,6.434872685185185,8.910891089108912,True,S,True
303333,B41,1,123,17,25,101,6,7.68962962962963,5.178518518518518,6.434074074074074,8.910891089108912,True,S,True
303334,B41,1,123,17,25,102,6,7.697777777777778,5.17016049382716,6.433969135802469,8.823529411764707,True,S,True
303335,B41,1,123,17,25,102,6,7.703518518518519,5.164538580246914,6.434028549382716,8.823529411764707,True,S,True
303338,B41,1,117,15,23,96,7,7.995555555555556,5.493296296296296,6.744425925925926,9.375,True,S,True
303338,B9,0,95,21,18,87,0,4.454172839506173,5.076296296296296,4.765234567901234,10.344827586206897,False,E,True
303339,B41,1,117,15,23,96,7,8.01925925925926,5.47225925925926,6.745759259259259,9.375,True,S,True
303339,B9,0,95,20,18,87,0,4.483442901234568,5.063518518518519,4.773480709876543,10.344827586206897,False,E,True
303340,B41,1,117,15,23,95,7,8.038148148148148,5.459314814814815,6.748731481481482,9.473684210526315,True,S,True
303340,B9,0,95,21,18,87,0,4.525240740740741,5.053518518518518,4.78937962962963,10.344827586206897,False,E,True
303341,B41,1,117,15,24,95,7,8.061481481481481,5.39,6.725740740740741,9.473684210526315,True,S,True
303341,B9,0,95,21,17,87,0,4.521162037037038,5.05675925925926,4.788960648148148,10.344827586206897,False,E,True
303345,B42,1,152,23,31,115,12,4.188888888888889,2.9833333333333334,3.586111111111111,7.826086956521739,True,S,True
303348,B42,1,152,24,30,115,12,4.200217592592592,2.9452777777777777,3.572747685185185,7.826086956521739,True,S,True
303349,B42,1,152,24,30,115,12,4.1909120370370365,2.9633333333333334,3.577122685185185,7.826086956521739,True,S,True
303350,B42,1,152,24,31,115,12,4.1741929012345675,2.9777777777777774,3.575985339506173,7.826086956521739,True,S,True
303351,B42,1,152,24,31,115,12,4.1542206790123455,2.9527777777777775,3.5534992283950615,7.826086956521739,True,S,True
303352,B42,1,152,24,30,114,12,4.125353395061728,2.943611111111111,3.5344822530864195,7.894736842105263,True,S,True
303353,B42,1,152,25,30,114,12,4.087211419753086,2.9625,3.524855709876543,7.894736842105263,True,S,True
303355,B42,0,152,34,24,114,13,3.155555555555556,3.8944444444444444,3.525,7.894736842105263,True,N,True
303356,B42,0,152,34,23,113,13,3.0442608024691356,3.885361111111111,3.4648109567901235,7.964601769911504,True,N,True
303357,B42,0,152,33,23,113,13,3.0555941358024694,3.918324074074074,3.4869591049382715,7.964601769911504,True,N,True
303358,B42,0,152,33,23,113,13,3.069666666666667,3.9503333333333335,3.51,7.964601769911504,True,N,True
303359,B42,0,152,34,24,114,13,3.0818533950617284,3.954637345679012,3.5182453703703707,7.894736842105263,True,N,True
303360,B42,0,152,34,24,114,13,3.0460015432098766,3.910617283950617,3.478309413580247,7.894736842105263,True,N,True
303361,B42,0,152,34,23,114,13,3.017685185185185,3.877083333333333,3.4473842592592594,7.894736842105263,True,N,True
303366,B44,0,119,21,17,97,4,4.426074074074075,5.038444444444445,4.732259259259259,9.278350515463918,True,N,True
303367,B44,0,119,21,17,96,4,4.4047376543209875,5.085787037037037,4.745262345679012,9.375,True,N,True
303369,B44,0,119,21,18,96,4,4.371297839506172,5.114987654320988,4.74314274691358,9.375,True,N,True
303370,B44,0,119,20,18,96,4,4.374507716049383,5.103481481481482,4.738994598765432,9.375,True,N,True
303371,B44,0,119,21,18,96,4,4.4152453703703705,5.075895061728395,4.745570216049383,9.375,True,N,True
303372,B44,0,119,21,18,97,4,4.41508487654321,5.06591049382716,4.740497685185185,9.278350515463918,True,N,True
303374,B44,0,119,21,18,97,4,4.410512345679012,5.046496913580246,4.728504629629629,9.278350515463918,True,N,True
303375,B44,0,119,21,18,97,4,4.4024938271604945,5.035711419753087,4.7191026234567905,9.278350515463918,True,N,True
303376,B44,0,119,21,18,97,4,4.39320987654321,5.029629629629629,4.711419753086419,9.278350515463918,True,N,True
303376,B44 SBS,0,122,24,24,115,0,3.7831358024691357,3.7199089506172838,3.7515223765432095,7.826086956521739,True,N,True
303377,B44,0,119,21,19,97,4,4.376526234567901,5.009771604938271,4.693148919753086,9.278350515463918,True,N,True
303378,B44,0,119,20,18,97,4,4.356435185185186,4.945972222222222,4.651203703703703,9.278350515463918,True,N,True
303379,B44,0,119,20,18,97,4,4.4085679012345675,4.950506172839506,4.679537037037037,9.278350515463918,True,N,True
303380,B44,0,121,21,18,97,4,4.422222222222222,4.961111111111111,4.691666666666666,9.278350515463918,True,N,True
303381,B44,0,121,21,18,97,5,4.410729938271604,4.979444444444444,4.6950871913580245,9.278350515463918,True,N,True
303382,B44,0,121,21,18,97,5,4.394222222222222,5.000555555555556,4.697388888888889,9.278350515463918,True,N,True
303383,B44,0,121,21,19,97,5,4.373925925925926,4.995185185185185,4.684555555555556,9.278350515463918,True,N,True
303384,B44,0,121,21,19,97,5,4.3499691358024695,4.909259259259259,4.629614197530865,9.278350515463918,True,N,True
303385,B44,0,121,21,18,97,5,4.383333333333334,4.9,4.641666666666667,9.278350515463918,True,N,True
303386,B44,0,121,21,18,97,5,4.374351851851852,4.926944444444445,4.650648148148148,9.278350515463918,True,N,True
303387,B44,0,121,21,18,97,5,4.368333333333334,4.944999999999999,4.656666666666666,9.278350515463918,True,N,True
303388,B44,0,121,21,18,97,5,4.362870370370371,4.961388888888889,4.6621296296296295,9.278350515463918,True,N,True
303389,B44,0,121,21,18,97,5,4.3560185185185185,4.981944444444445,4.668981481481482,9.278350515463918,True,N,True
303390,B44,0,121,21,18,97,5,4.35,4.95,4.65,9.278350515463918,True,N,True
303391,B44,0,121,22,18,97,5,4.3352762345679015,4.94537037037037,4.640323302469136,9.278350515463918,True,N,True
303392,B44,0,121,21,18,97,5,4.290708333333333,4.94620987654321,4.618459104938271,9.278350515463918,True,N,True
303393,B44,0,121,21,18,97,5,4.308666666666666,4.949222222222222,4.6289444444444445,9.278350515463918,True,N,True
303394,B44,0,121,21,18,97,5,4.327283950617284,4.957222222222223,4.642253086419753,9.278350515463918,True,N,True
303395,B44,0,121,21,18,97,5,4.339699074074074,4.969097222222222,4.6543981481481485,9.278350515463918,True,N,True
303396,B44,0,121,21,19,97,5,4.344483024691358,4.978094135802469,4.6612885802469135,9.278350515463918,True,N,True
303398,B44,0,121,21,19,98,5,4.340740740740741,4.861111111111112,4.600925925925925,9.183673469387756,True,N,True
303399,B44,0,121,21,18,97,5,4.328950617283951,4.846395061728395,4.5876728395061726,9.278350515463918,True,N,True
303400,B44,0,121,21,18,97,5,4.372853395061728,4.875629629629629,4.624241512345679,9.278350515463918,True,N,True
303401,B44,0,121,21,18,97,5,4.3882361111111114,4.908291666666667,4.648263888888889,9.278350515463918,True,N,True
303402,B44,0,121,21,19,97,5,4.394444444444445,4.933333333333334,4.663888888888889,9.278350515463918,True,N,True
303403,B44,0,121,21,19,97,5,4.379043209876543,4.91,4.644521604938272,9.278350515463918,True,N,True
303404,B44,0,121,21,19,97,5,4.361851851851852,4.881111111111111,4.6214814814814815,9.278350515463918,True,N,True
303405,B44,0,121,21,19,97,5,4.344691358024691,4.842962962962963,4.593827160493827,9.278350515463918,True,N,True
303406,B44,0,121,22,19,97,5,4.333018518518518,4.813703703703704,4.573361111111111,9.278350515463918,True,N,True
303407,B44,0,121,21,18,97,5,4.299345679012346,4.843333333333334,4.571339506172839,9.278350515463918,True,N,True
303408,B44,0,121,21,19,97,5,4.307077160493828,4.864999999999999,4.586038580246913,9.278350515463918,True,N,True
303411,B44,0,121,21,19,97,6,4.324916666666667,4.8016296296296295,4.563273148148148,9.278350515463918,True,N,True
303411,B44 SBS,0,129,24,25,117,0,3.8088024691358027,3.5947716049382716,3.701787037037037,7.6923076923076925,True,N,True
303412,B44,0,121,21,19,97,6,4.324547839506172,4.792611111111111,4.558579475308642,9.278350515463918,True,N,True
303413,B44,0,121,22,19,97,6,4.310871913580247,4.7862839506172845,4.548577932098765,9.278350515463918,True,N,True
303416,B44,0,121,21,19,97,6,4.242816358024691,4.794722222222222,4.518769290123457,9.278350515463918,True,N,True
303417,B44,0,121,21,19,97,6,4.2519984567901234,4.791666666666667,4.521832561728394,9.278350515463918,True,N,True
303417,B44 SBS,0,129,24,26,118,0,3.789905864197531,3.529118827160494,3.6595123456790124,7.627118644067797,True,N,True
303418,B44,0,121,21,19,97,6,4.267271604938272,4.785225308641975,4.526248456790124,9.278350515463918,True,N,True
303419,B44,0,121,21,19,97,6,4.281919753086419,4.779901234567901,4.530910493827161,9.278350515463918,True,N,True
303420,B44,0,121,21,19,97,6,4.28875925925926,4.777699074074074,4.533229166666667,9.278350515463918,True,N,True
303421,B44,0,121,22,19,97,6,4.299412037037038,4.774037037037036,4.536724537037037,9.278350515463918,True,N,True
303422,B44,0,121,22,18,97,6,4.277777777777778,4.772222222222222,4.525,9.278350515463918,True,N,True
303422,B44 SBS,0,129,24,26,117,0,3.783333333333333,3.538888888888889,3.661111111111111,7.6923076923076925,True,N,True
303425,B44,0,15,0,0,0,6,862.6333333333333,322.6333333333333,592.6333333333333,,False,N,True
303425,B44 SBS,0,71,12,13,60,0,7.5633333333333335,7.049074074074074,7.306203703703703,15.0,False,N,True
303427,B44,0,15,0,0,0,6,864.0333333333333,324.03333333333336,594.0333333333333,,False,N,True
303427,B44 SBS,0,71,11,13,60,0,7.5625,7.0225,7.2925,15.0,False,N,True
303434,B44,0,70,10,9,49,4,9.027175925925926,10.423283950617284,9.725229938271605,18.367346938775512,False,N,True
303440,B44,0,119,21,18,97,4,4.444444444444445,5.066666666666666,4.7555555555555555,9.278350515463918,True,N,True
303440,B44 SBS,0,122,24,24,116,0,3.8,3.7666666666666666,3.783333333333333,7.758620689655173,True,N,True
303441,B44 SBS,1,129,24,26,117,0,3.8666666666666667,3.511111111111111,3.688888888888889,7.6923076923076925,True,S,True
303444,B44,1,121,21,19,96,6,4.352716049382717,4.757728395061728,4.5552222222222225,9.375,True,S,True
303445,B44,1,121,21,19,96,6,4.349382716049383,4.752469135802469,4.550925925925926,9.375,True,S,True
303446,B44,1,121,21,19,96,6,4.343944444444444,4.748853395061729,4.546398919753086,9.375,True,S,True
303447,B44,1,121,21,19,97,6,4.337248456790124,4.749108024691358,4.543178240740741,9.278350515463918,True,S,True
303448,B44,1,121,21,18,97,6,4.3314459876543205,4.766018518518519,4.54873225308642,9.278350515463918,True,S,True
303451,B44,1,121,21,19,97,6,4.401617283950617,4.78583487654321,4.593726080246913,9.278350515463918,True,S,True
303456,B44,1,121,21,19,96,7,4.369466049382717,4.756388888888889,4.562927469135802,9.375,True,S,True
303457,B44,1,121,21,18,96,7,4.3548888888888895,4.751666666666667,4.553277777777778,9.375,True,S,True
303458,B44,1,121,20,19,96,7,4.383291666666667,4.7740987654320985,4.578695216049383,9.375,True,S,True
303459,B44,1,121,21,19,96,7,4.442347222222223,4.775185185185185,4.608766203703704,9.375,True,S,True
303459,B44 SBS,1,129,24,26,116,0,3.822763888888889,3.5253148148148146,3.6740393518518517,7.758620689655173,True,S,True
303460,B44,1,123,21,19,96,7,4.427777777777778,4.772222222222222,4.6,9.375,True,S,True
303461,B44,1,123,21,19,96,7,4.40404938271605,4.759586419753087,4.581817901234568,9.375,True,S,True
303463,B44,1,123,21,19,95,7,4.366916666666667,4.690788580246914,4.52885262345679,9.473684210526315,True,S,True
303463,B44 SBS,1,129,24,26,116,0,3.8286790123456793,3.5163456790123457,3.6725123456790123,7.758620689655173,True,S,True
303464,B44,1,123,20,19,95,7,4.40004012345679,4.695337962962963,4.547689043209877,9.473684210526315,True,S,True
303465,B44,1,123,20,19,95,7,4.432092592592593,4.700958333333333,4.566525462962963,9.473684210526315,True,S,True
303466,B44,1,123,20,19,95,7,4.463800925925926,4.708050925925926,4.585925925925926,9.473684210526315,True,S,True
303467,B44,1,123,21,19,95,7,4.471955246913581,4.716347222222223,4.594151234567901,9.473684210526315,True,S,True
303469,B44,1,123,21,19,95,8,4.443402777777778,4.732939814814815,4.588171296296296,9.473684210526315,True,S,True
303469,B44 SBS,1,129,24,26,115,0,3.7815756172839503,3.525675925925926,3.653625771604938,7.826086956521739,True,S,True
303471,B44,1,123,21,20,95,8,4.409138888888889,4.680490740740741,4.544814814814814,9.473684210526315,True,S,True
303473,B44,1,123,20,19,95,8,4.413612654320987,4.6433333333333335,4.528472993827161,9.473684210526315,True,S,True
303474,B44,1,123,20,19,95,8,4.449427469135802,4.667777777777777,4.558602623456791,9.473684210526315,True,S,True
303475,B44,1,123,20,19,95,8,4.480487654320987,4.688888888888888,4.5846882716049375,9.473684210526315,True,S,True
303476,B44,1,123,20,20,95,8,4.515908950617284,4.693518518518518,4.604713734567901,9.473684210526315,True,S,True
303477,B44 SBS,1,129,24,26,114,0,3.7946141975308643,3.529268518518519,3.6619413580246913,7.894736842105263,True,S,True
303477,B8,1,108,27,20,91,5,4.083333333333333,4.872222222222222,4.477777777777778,9.89010989010989,True,W,True
303479,B44,1,123,20,19,95,8,4.5745756172839505,4.629166666666666,4.601871141975309,9.473684210526315,True,S,True
303480,B44,1,123,20,20,95,9,4.585279320987654,4.671111111111111,4.628195216049383,9.473684210526315,True,S,True
303482,B44,1,123,20,20,95,9,4.608109567901235,4.592100308641975,4.600104938271604,9.473684210526315,True,S,True
303483,B44,1,123,20,20,95,9,4.614805555555555,4.568030864197531,4.591418209876543,9.473684210526315,True,S,True
303484,B44,1,123,20,20,95,9,4.619712962962963,4.547720679012346,4.583716820987655,9.473684210526315,True,S,True
303486,B44,1,123,19,20,95,9,4.687538580246914,4.592854938271604,4.640196759259259,9.473684210526315,True,S,True
303488,B44,1,123,19,20,95,9,4.7589243827160495,4.577916666666667,4.668420524691358,9.473684210526315,True,S,True
303488,B44 SBS,1,129,24,26,112,0,3.7973487654320985,3.504087962962963,3.6507183641975307,8.035714285714286,True,S,True
303490,B44,1,123,19,20,95,9,4.862347222222223,4.557333333333333,4.7098402777777775,9.473684210526315,True,S,True
303491,B44,1,123,19,20,95,9,4.909337962962963,4.548899691358025,4.729118827160494,9.473684210526315,True,S,True
303492,B44,1,123,20,20,95,9,4.928555555555556,4.540111111111112,4.734333333333334,9.473684210526315,True,S,True
303492,B44 SBS,1,129,24,26,112,0,3.8253333333333335,3.5106666666666664,3.668,8.035714285714286,True,S,True
303493,B44,1,123,19,20,95,9,4.939061728395061,4.533123456790124,4.736092592592593,9.473684210526315,True,S,True
303494,B44,1,123,19,19,95,9,4.949086419753087,4.537361111111111,4.7432237654320994,9.473684210526315,True,S,True
303495,B44 SBS,1,129,24,26,112,0,3.8833333333333333,3.5055555555555555,3.694444444444444,8.035714285714286,True,S,True
303502,B44,1,78,11,10,50,10,8.511135802469136,9.024712962962962,8.76792438271605,18.0,False,S,True
303511,B44,1,15,0,0,1,6,880.2,340.2,610.2,900.0,False,S,True
303513,B44,1,15,0,0,1,6,881.3,341.3,611.3,900.0,False,S,True
303513,B44 SBS,1,71,12,13,60,0,7.717947530864198,7.0357006172839505,7.376824074074074,15.0,False,S,True
303515,B44,1,15,0,0,1,6,882.4166666666666,342.4166666666667,612.4166666666666,900.0,False,S,True
303517,B45,0,78,13,16,67,3,6.827777777777778,5.661111111111111,6.2444444444444445,13.432835820895523,False,E,True
303526,B45,0,78,13,16,66,3,7.011111111111111,5.611111111111112,6.311111111111112,13.636363636363637,False,E,True
303530,B45,0,78,13,17,66,3,7.063888888888888,5.503009259259259,6.283449074074074,13.636363636363637,False,E,True
303531,B45,0,78,13,16,66,3,7.075166666666666,5.476101851851852,6.2756342592592596,13.636363636363637,False,E,True
303532,B45,0,78,13,16,66,3,7.07961111111111,5.502833333333333,6.291222222222222,13.636363636363637,False,E,True
303533,B45,0,78,13,16,66,3,7.083333333333333,5.533333333333333,6.308333333333334,13.636363636363637,False,E,True
303534,B45,0,78,13,16,66,3,7.083333333333333,5.568358024691358,6.325845679012346,13.636363636363637,False,E,True
303535,B45,0,78,13,16,66,3,7.083333333333333,5.6060385802469135,6.344685956790124,13.636363636363637,False,E,True
303536,B45,0,78,13,17,66,3,7.083333333333333,5.612578703703703,6.347956018518518,13.636363636363637,False,E,True
303537,B45,0,78,13,17,66,3,7.083333333333333,5.5652330246913575,6.324283179012346,13.636363636363637,False,E,True
303539,B45,0,78,12,17,66,4,7.2444444444444445,5.460203703703703,6.352324074074074,13.636363636363637,False,E,True
303540,B45,0,78,13,17,66,4,7.311070987654321,5.425998456790124,6.368534722222222,13.636363636363637,False,E,True
303541,B45,0,78,13,16,65,4,7.316666666666666,5.455555555555555,6.386111111111111,13.846153846153847,False,E,True
303542,B45,0,78,13,16,65,4,7.292222222222223,5.508179012345679,6.400200617283951,13.846153846153847,False,E,True
303544,B45,0,78,13,17,65,4,7.25,5.4944444444444445,6.372222222222222,13.846153846153847,False,E,True
303545,B45,0,78,13,17,65,4,7.233796296296296,5.463351851851852,6.348574074074074,13.846153846153847,False,E,True
303546,B45,0,78,13,17,65,4,7.216296296296296,5.436248456790124,6.32627237654321,13.846153846153847,False,E,True
303547,B45,0,78,13,17,65,4,7.201128086419754,5.415936728395062,6.308532407407408,13.846153846153847,False,E,True
303548,B45,0,78,13,17,65,4,7.180716049382716,5.3943811728395055,6.287548611111111,13.846153846153847,False,E,True
303549,B45,0,78,12,16,65,4,7.254074074074074,5.394830246913581,6.324452160493828,13.846153846153847,False,E,True
303552,B45,0,78,12,17,66,4,7.44258024691358,5.422337962962962,6.432459104938272,13.636363636363637,False,E,True
303552,B65,0,74,12,14,59,2,7.868950617283951,6.755408950617284,7.312179783950617,15.254237288135593,False,E,True
303556,B45,0,78,12,17,65,4,7.6,5.394444444444445,6.497222222222222,13.846153846153847,False,E,True
303556,B47,1,88,15,17,71,5,6.705555555555555,5.516666666666667,6.111111111111112,12.67605633802817,False,S,True
303556,B65,0,74,12,14,59,3,7.866666666666666,6.627777777777778,7.247222222222222,15.254237288135593,False,E,True
303557,B45,1,78,13,14,66,2,6.816666666666666,6.688888888888888,6.752777777777778,13.636363636363637,False,W,True
303558,B45,1,78,14,14,66,2,6.8638055555555555,6.658828703703704,6.76131712962963,13.636363636363637,False,W,True
303560,B45,1,78,14,14,66,2,6.81638425925926,6.552740740740741,6.6845625,13.636363636363637,False,W,True
303561,B45,1,78,14,14,66,2,6.775578703703704,6.559182098765432,6.667380401234568,13.636363636363637,False,W,True
303562,B45,1,78,14,14,66,2,6.7348641975308645,6.568020061728395,6.65144212962963,13.636363636363637,False,W,True
303563,B45,1,78,14,14,66,2,6.6900462962962965,6.578452160493827,6.634249228395062,13.636363636363637,False,W,True
303564,B45,1,78,13,14,67,2,6.65,6.588888888888889,6.6194444444444445,13.432835820895523,False,W,True
303565,B45,1,78,13,14,67,2,6.694444444444445,6.593827160493827,6.644135802469136,13.432835820895523,False,W,True
303566,B45,1,78,13,15,67,2,6.739444444444445,6.530185185185186,6.634814814814815,13.432835820895523,False,W,True
303567,B45,1,78,13,15,66,2,6.783333333333333,6.455555555555555,6.6194444444444445,13.636363636363637,False,W,True
303568,B45,1,78,13,15,66,2,6.83388888888889,6.402912037037037,6.618400462962963,13.636363636363637,False,W,True
303569,B45,1,78,14,15,66,2,6.828609567901235,6.34796450617284,6.588287037037037,13.636363636363637,False,W,True
303570,B45,1,78,14,15,66,2,6.784027777777778,6.300115740740741,6.542071759259259,13.636363636363637,False,W,True
303572,B45,1,78,14,15,66,2,6.682961419753086,6.318046296296297,6.500503858024691,13.636363636363637,False,W,True
303573,B45,1,78,14,15,66,2,6.622024691358025,6.299987654320987,6.461006172839506,13.636363636363637,False,W,True
303574,B45,1,78,13,15,66,2,6.572222222222222,6.288888888888889,6.430555555555555,13.636363636363637,False,W,True
303575,B45,1,78,13,15,66,2,6.635740740740741,6.27886574074074,6.457303240740741,13.636363636363637,False,W,True
303577,B45,1,78,13,15,66,2,6.763510802469137,6.2625,6.513005401234568,13.636363636363637,False,W,True
303578,B45,1,78,14,15,66,2,6.765895061728395,6.256197530864197,6.511046296296296,13.636363636363637,False,W,True
303579,B45,1,78,14,16,66,2,6.737399691358024,6.245412037037037,6.491405864197531,13.636363636363637,False,W,True
303590,B46,0,139,21,19,101,9,4.216666666666667,4.972222222222222,4.594444444444445,8.910891089108912,True,N,True
303591,B46,0,139,21,19,101,9,4.2337037037037035,4.989259259259259,4.611481481481481,8.910891089108912,True,N,True
303592,B46 SBS,0,169,38,36,157,0,2.838888888888889,2.5277777777777777,2.683333333333333,5.732484076433121,True,N,True
303593,B46,0,151,26,21,113,9,3.95,4.839419753086419,4.394709876543209,7.964601769911504,True,N,True
303594,B46,0,151,27,21,113,9,3.939611111111111,4.827637345679012,4.383624228395062,7.964601769911504,True,N,True
303595,B46 SBS,0,169,38,36,157,0,2.7835123456790125,2.5269753086419753,2.655243827160494,5.732484076433121,True,N,True
303596,B46,0,151,27,21,114,9,3.9021296296296293,4.8375308641975305,4.369830246913581,7.894736842105263,True,N,True
303597,B46,0,151,28,21,114,9,3.8756851851851852,4.82187962962963,4.348782407407407,7.894736842105263,True,N,True
303599,B46,0,159,34,23,121,9,3.37212962962963,4.554481481481482,3.963305555555556,7.43801652892562,True,N,True
303601,B46,0,159,33,22,121,9,3.3355555555555556,4.595972222222222,3.9657638888888886,7.43801652892562,True,N,True
303602,B46,0,159,34,22,121,9,3.340847222222222,4.622305555555555,3.981576388888889,7.43801652892562,True,N,True
303603,B46,0,159,34,22,121,9,3.333902777777778,4.651635802469135,3.992769290123457,7.43801652892562,True,N,True
303603,B46 SBS,0,169,39,36,157,0,2.6871234567901237,2.517055555555556,2.6020895061728395,5.732484076433121,True,N,True
303604,B46,0,159,35,23,122,10,3.3196574074074072,4.647271604938271,3.9834645061728393,7.377049180327869,True,N,True
303605,B46,0,159,35,23,122,10,3.2947083333333333,4.608878086419753,3.951793209876543,7.377049180327869,True,N,True
303606,B46,0,159,35,23,122,10,3.2693333333333334,4.5733703703703705,3.9213518518518518,7.377049180327869,True,N,True
303607,B46,0,159,35,22,122,10,3.2419166666666666,4.5750524691358025,3.9084845679012346,7.377049180327869,True,N,True
303608,B46 SBS,0,169,40,36,157,0,2.6728796296296293,2.5098024691358023,2.591341049382716,5.732484076433121,True,N,True
303609,B46,0,159,35,22,121,10,3.163527777777778,4.627777777777778,3.895652777777778,7.43801652892562,True,N,True
303610,B46,0,159,35,22,121,10,3.1697777777777776,4.653333333333333,3.9115555555555557,7.43801652892562,True,N,True
303612,B46 SBS,0,169,41,36,157,0,2.613662037037037,2.525577160493827,2.5696195987654322,5.732484076433121,True,N,True
303613,B46,0,159,36,23,121,9,3.1416342592592597,4.61,3.8758171296296298,7.43801652892562,True,N,True
303614,B46,0,159,36,23,122,9,3.1199135802469136,4.572222222222222,3.846067901234568,7.377049180327869,True,N,True
303624,B46,0,136,22,16,99,10,4.042222222222223,5.602901234567901,4.822561728395062,9.090909090909092,True,N,True
303625,B46 SBS,0,169,42,36,157,0,2.5215092592592594,2.4977314814814813,2.5096203703703703,5.732484076433121,True,N,True
303626,B46,0,136,23,17,98,10,4.040214506172839,5.5577499999999995,4.79898225308642,9.183673469387756,True,N,True
303627,B46 SBS,0,169,42,37,157,0,2.4941851851851853,2.4948641975308643,2.494524691358025,5.732484076433121,True,N,True
303628,B46,0,136,23,16,98,11,4.017206790123457,5.53804012345679,4.777623456790123,9.183673469387756,True,N,True
303629,B46,0,136,23,16,98,11,4.0102870370370365,5.545231481481482,4.777759259259259,9.183673469387756,True,N,True
303630,B46,0,136,23,16,98,11,4.0,5.555555555555555,4.777777777777778,9.183673469387756,True,N,True
303630,B46 SBS,0,169,42,36,157,0,2.438888888888889,2.466666666666667,2.4527777777777775,5.732484076433121,True,N,True
303657,B46,1,136,21,18,97,13,4.502811728395062,5.058868827160494,4.780840277777778,9.278350515463918,True,S,True
303658,B46,1,136,20,18,97,13,4.527777777777778,5.044444444444445,4.786111111111111,9.278350515463918,True,S,True
303660,B46,1,136,20,18,97,14,4.571111111111111,5.061680555555555,4.816395833333333,9.278350515463918,True,S,True
303660,B47,1,88,14,16,71,4,6.666666666666667,5.955555555555555,6.311111111111112,12.67605633802817,False,S,True
303662,B46,1,136,20,19,97,14,4.593703703703704,4.983550925925926,4.788627314814815,9.278350515463918,True,S,True
303662,B47,1,88,14,16,71,4,6.693851851851852,5.907695987654321,6.3007739197530865,12.67605633802817,False,S,True
303663,B46 SBS,1,169,44,36,156,0,2.3944444444444444,2.5277777777777777,2.461111111111111,5.769230769230769,True,S,True
303664,B46,1,136,19,19,96,14,4.645425925925926,4.884444444444444,4.764935185185185,9.375,True,S,True
303665,B46,1,136,19,18,96,14,4.692814814814814,4.899444444444444,4.79612962962963,9.375,True,S,True
303666,B46,1,136,20,18,96,14,4.712351851851852,4.922407407407407,4.817379629629629,9.375,True,S,True
303666,B46 SBS,1,169,43,36,155,0,2.378152777777778,2.5233842592592595,2.4507685185185184,5.806451612903226,True,S,True
303667,B46,1,136,20,19,96,14,4.699172839506173,4.955358024691359,4.827265432098765,9.375,True,S,True
303670,B46,1,136,20,19,96,14,4.668672839506173,4.8711419753086425,4.769907407407407,9.375,True,S,True
303672,B46,1,136,19,19,96,15,4.655555555555555,4.838888888888889,4.747222222222222,9.375,True,S,True
303672,B46 SBS,1,169,44,36,155,0,2.3563641975308642,2.538098765432099,2.4472314814814813,5.806451612903226,True,S,True
303673,B46,1,136,19,19,96,15,4.714265432098766,4.790496913580246,4.752381172839506,9.375,True,S,True
303674,B46,1,136,19,19,96,15,4.773594135802469,4.785910493827161,4.779752314814814,9.375,True,S,True
303676,B46,1,136,20,19,96,15,4.813180555555556,4.795566358024691,4.804373456790123,9.375,True,S,True
303682,B46,1,163,29,31,121,16,3.866388888888889,3.3546666666666667,3.6105277777777776,7.43801652892562,True,S,True
303683,B46,1,163,29,31,121,16,3.8930555555555557,3.336574074074074,3.6148148148148147,7.43801652892562,True,S,True
303683,B46 SBS,1,169,45,36,153,0,2.266155864197531,2.567833333333333,2.416994598765432,5.882352941176471,True,S,True
303685,B46,1,163,30,31,121,16,3.8718518518518517,3.322861111111111,3.597356481481482,7.43801652892562,True,S,True
303686,B46,1,163,29,31,121,16,3.870462962962963,3.3173981481481483,3.593930555555555,7.43801652892562,True,S,True
303687,B46 SBS,1,169,44,35,153,0,2.27900462962963,2.560787037037037,2.4198958333333334,5.882352941176471,True,S,True
303688,B46,1,163,29,32,121,16,3.8813888888888886,3.2722222222222226,3.576805555555555,7.43801652892562,True,S,True
303690,B46,1,163,29,31,121,15,3.892685185185185,3.2105555555555556,3.5516203703703706,7.43801652892562,True,S,True
303691,B46,1,163,29,31,121,15,3.8985185185185185,3.2233333333333336,3.5609259259259263,7.43801652892562,True,S,True
303692,B46 SBS,1,169,45,35,152,0,2.2708533950617285,2.5703055555555556,2.420579475308642,5.921052631578948,True,S,True
303693,B46,1,163,28,30,120,16,3.911111111111111,3.2644444444444445,3.587777777777778,7.5,True,S,True
303695,B46,1,163,29,30,120,16,3.99620987654321,3.303425925925926,3.649817901234568,7.5,True,S,True
303696,B46,1,163,29,30,120,16,3.988888888888889,3.311111111111111,3.65,7.5,True,S,True
303696,B46 SBS,1,169,44,36,152,0,2.2766496913580245,2.5802962962962965,2.4284729938271608,5.921052631578948,True,S,True
303697,B46,1,151,28,23,108,16,4.143888888888889,4.100978395061729,4.1224336419753085,8.333333333333334,True,S,True
303698,B46,1,151,28,23,107,16,4.132962962962963,4.104263888888889,4.1186134259259255,8.411214953271028,True,S,True
303699,B46,1,151,28,23,108,16,4.125925925925926,4.107606481481481,4.116766203703704,8.333333333333334,True,S,True
303699,B46 SBS,1,169,44,36,151,0,2.2894444444444444,2.622067901234568,2.4557561728395063,5.960264900662252,True,S,True
303700,B46,1,151,27,23,108,16,4.111666666666666,4.1174382716049385,4.114552469135803,8.333333333333334,True,S,True
303701,B46,1,151,27,24,108,16,4.142222222222222,4.0922530864197535,4.117237654320988,8.333333333333334,True,S,True
303702,B46,1,151,27,24,108,17,4.177777777777778,4.05,4.113888888888889,8.333333333333334,True,S,True
303702,B46 SBS,1,169,44,35,151,0,2.288888888888889,2.6333333333333333,2.461111111111111,5.960264900662252,True,S,True
303703,B46,1,151,27,24,108,17,4.208888888888889,4.0147407407407405,4.111814814814815,8.333333333333334,True,S,True
303704,B46,1,151,28,24,108,17,4.2444444444444445,3.9833333333333334,4.113888888888889,8.333333333333334,True,S,True
303710,B43,0,93,15,15,74,6,6.755592592592593,5.970770061728396,6.363181327160493,12.162162162162161,False,N,True
303711,B43,0,93,16,16,74,6,6.7653842592592595,5.946763888888889,6.3560740740740735,12.162162162162161,False,N,True
303712,B43,0,93,16,16,73,6,6.735487654320988,5.8650015432098765,6.300244598765432,12.32876712328767,False,N,True
303713,B43,0,93,16,16,73,6,6.69896450617284,5.7783240740740744,6.238644290123457,12.32876712328767,False,N,True
303714,B43,0,93,16,15,73,6,6.669043209876544,5.7943086419753085,6.231675925925926,12.32876712328767,False,N,True
303717,B43,0,93,17,16,73,6,6.562881172839506,5.8493009259259265,6.206091049382716,12.32876712328767,False,N,True
303718,B43,0,93,17,16,73,6,6.467876543209877,5.805041666666667,6.136459104938272,12.32876712328767,False,N,True
303720,B43,0,93,17,16,73,6,6.207265432098765,5.716162037037037,5.961713734567902,12.32876712328767,False,N,True
303722,B43,0,93,18,15,74,6,6.020794753086419,5.694734567901235,5.857764660493827,12.162162162162161,False,N,True
303723,B43,0,93,17,16,74,6,6.0192901234567895,5.70270987654321,5.861000000000001,12.162162162162161,False,N,True
303724,B43,0,93,17,16,74,6,6.026472222222222,5.690652777777777,5.858562500000001,12.162162162162161,False,N,True
303725,B43,0,93,17,16,74,6,6.030287037037037,5.685285493827161,5.8577862654320985,12.162162162162161,False,N,True
303726,B43,0,93,17,16,73,6,6.033333333333333,5.677777777777778,5.855555555555555,12.32876712328767,False,N,True
303727,B43,0,93,17,16,73,6,6.0303456790123455,5.673259259259259,5.851802469135802,12.32876712328767,False,N,True
303728,B43,0,93,17,16,73,6,6.028722222222223,5.669583333333334,5.849152777777777,12.32876712328767,False,N,True
303729,B43,0,93,18,16,73,6,6.015279320987655,5.668402777777778,5.841841049382716,12.32876712328767,False,N,True
303730,B43,0,93,18,15,73,6,5.963623456790123,5.705101851851852,5.834362654320987,12.32876712328767,False,N,True
303731,B43,0,93,18,16,73,6,5.920791666666667,5.738543209876543,5.8296674382716045,12.32876712328767,False,N,True
303732,B43,0,93,18,16,73,6,5.877631172839505,5.725475308641975,5.801553240740741,12.32876712328767,False,N,True
303733,B43,0,93,18,16,73,6,5.810885802469135,5.706597222222222,5.758741512345679,12.32876712328767,False,N,True
303734,B43,0,93,18,16,73,6,5.778263888888889,5.699013888888889,5.738638888888889,12.32876712328767,False,N,True
303735,B43,0,93,18,16,74,6,5.718796296296296,5.6861141975308644,5.702455246913581,12.162162162162161,False,N,True
303736,B43,0,93,19,16,74,6,5.650328703703704,5.6777299382716055,5.664029320987654,12.162162162162161,False,N,True
303737,B43,0,93,19,16,74,6,5.516666666666667,5.666666666666667,5.591666666666667,12.162162162162161,False,N,True
303738,B43,0,93,19,17,74,6,5.349259259259259,5.636371913580247,5.492815586419753,12.162162162162161,False,N,True
303762,B43,1,93,19,16,71,7,5.325032407407408,5.5487268518518515,5.43687962962963,12.67605633802817,False,S,True
303764,B43,1,93,19,16,71,7,5.273421296296296,5.6096712962962965,5.441546296296297,12.67605633802817,False,S,True
303765,B43,1,93,18,17,71,7,5.311111111111112,5.644444444444445,5.477777777777778,12.67605633802817,False,S,True
303766,B43,1,93,18,16,71,7,5.337962962962963,5.582921296296296,5.460442129629629,12.67605633802817,False,S,True
303769,B43,1,93,18,16,70,7,5.404629629629629,5.57361574074074,5.489122685185185,12.857142857142858,False,S,True
303770,B43,1,93,18,16,70,7,5.432407407407408,5.583990740740741,5.508199074074074,12.857142857142858,False,S,True
303771,B43,1,93,18,16,71,7,5.470833333333333,5.611118827160494,5.540976080246913,12.67605633802817,False,S,True
303774,B43,1,93,17,17,71,8,5.58388888888889,5.597185185185185,5.590537037037037,12.67605633802817,False,S,True
303776,B43,1,93,18,16,71,8,5.605555555555555,5.527777777777778,5.566666666666666,12.67605633802817,False,S,True
303777,B43,1,93,18,16,71,8,5.605199074074075,5.539211419753086,5.5722052469135805,12.67605633802817,False,S,True
303778,B43,1,93,18,16,71,8,5.607316358024692,5.562799382716049,5.5850578703703695,12.67605633802817,False,S,True
303779,B43,1,93,18,16,71,8,5.609876543209877,5.594444444444445,5.60216049382716,12.67605633802817,False,S,True
303780,B43,1,93,18,16,71,8,5.613705246913581,5.638983024691358,5.626344135802469,12.67605633802817,False,S,True
303781,B43,1,93,17,16,70,8,5.620631172839507,5.6734382716049385,5.647034722222222,12.857142857142858,False,S,True
303782,B43,1,93,17,17,70,8,5.653427469135803,5.6823858024691365,5.667906635802469,12.857142857142858,False,S,True
303783,B43,1,93,17,17,70,8,5.6985015432098765,5.638706790123456,5.668604166666666,12.857142857142858,False,S,True
303784,B43,1,93,17,17,70,8,5.748223765432099,5.593066358024691,5.670645061728395,12.857142857142858,False,S,True
303785,B43,1,93,17,16,70,8,5.8,5.55,5.675,12.857142857142858,False,S,True
303786,B43,1,93,17,16,70,8,5.825858024691358,5.558259259259259,5.692058641975309,12.857142857142858,False,S,True
303787,B43,1,93,17,16,70,8,5.8910432098765435,5.583327160493827,5.737185185185185,12.857142857142858,False,S,True
303788,B43,1,93,17,16,70,8,5.955779320987655,5.613155864197531,5.784467592592592,12.857142857142858,False,S,True
303790,B43,1,93,16,16,70,8,6.202853395061728,5.702837962962962,5.952845679012346,12.857142857142858,False,S,True
303791,B43,1,93,16,16,69,8,6.361111111111112,5.672222222222222,6.016666666666667,13.043478260869565,False,S,True
303791,B48,1,64,12,10,47,6,7.372222222222222,9.78888888888889,8.580555555555556,19.148936170212767,False,S,True
303796,B48,0,64,12,9,48,6,7.5430216049382715,9.933390432098767,8.738206018518518,18.75,False,N,True
303798,B48,0,64,12,9,48,6,7.692547839506173,9.928112654320987,8.810330246913582,18.75,False,N,True
303799,B48,0,64,12,9,48,6,7.760686728395061,9.928888888888888,8.844787808641975,18.75,False,N,True
303800,B48,0,64,12,9,48,6,7.856597222222222,9.930208333333333,8.893402777777776,18.75,False,N,True
303801,B48,0,64,12,9,48,6,7.959527777777778,9.933950617283951,8.946739197530864,18.75,False,N,True
303802,B48,0,64,13,9,48,6,7.941574074074074,9.939992283950618,8.940783179012346,18.75,False,N,True
303803,B48,0,64,13,9,48,6,7.916666666666667,9.95,8.933333333333334,18.75,False,N,True
303804,B48,0,64,13,9,48,6,7.867197530864198,9.956172839506172,8.911685185185185,18.75,False,N,True
303808,B48,0,64,13,10,48,6,7.65524537037037,9.918356481481482,8.786800925925926,18.75,False,N,True
303809,B48,0,64,13,10,48,7,7.594444444444445,9.8,8.697222222222223,18.75,False,N,True
303810,B48,0,64,13,9,48,7,7.528337962962963,9.656515432098765,8.592426697530865,18.75,False,N,True
303811,B48,0,64,12,9,48,7,7.543865740740741,9.643233024691359,8.593549382716049,18.75,False,N,True
303813,B48,0,64,12,9,48,7,7.772222222222222,9.616666666666667,8.694444444444445,18.75,False,N,True
303813,B62,0,86,18,13,65,9,5.295333333333334,7.225111111111111,6.260222222222223,13.846153846153847,False,N,True
303814,B48,0,64,12,9,48,7,7.855479938271604,9.661172839506174,8.75832638888889,18.75,False,N,True
303815,B48,0,64,12,9,48,7,8.075777777777779,9.786296296296296,8.931037037037038,18.75,False,N,True
303816,B48,0,64,12,9,48,7,8.154086419753087,9.83324074074074,8.993663580246913,18.75,False,N,True
303817,B48,0,64,11,9,48,7,8.280283950617283,9.881887345679013,9.081085648148148,18.75,False,N,True
303818,B48,0,64,12,10,48,7,8.427777777777779,9.927777777777777,9.177777777777777,18.75,False,N,True
303819,B48,0,64,12,10,48,7,8.402873456790124,9.828243827160493,9.115558641975309,18.75,False,N,True
303820,B48,0,64,12,10,48,7,8.37641975308642,9.713456790123455,9.044938271604938,18.75,False,N,True
303821,B48,0,64,12,10,48,7,8.362177469135803,9.640973765432099,9.001575617283951,18.75,False,N,True
303823,B48,0,64,12,10,48,7,8.344444444444445,9.53888888888889,8.941666666666666,18.75,False,N,True
303824,B48,0,64,12,10,48,7,8.346703703703703,9.491444444444445,8.919074074074073,18.75,False,N,True
303825,B48,0,64,12,10,48,7,8.351930555555557,9.413432098765433,8.882681327160494,18.75,False,N,True
303826,B48,0,64,12,9,48,7,8.357256172839506,9.395092592592592,8.87617438271605,18.75,False,N,True
303827,B48,0,64,12,9,48,7,8.362833333333333,9.418847222222222,8.890840277777778,18.75,False,N,True
303828,B48,0,64,12,9,47,7,8.374646604938272,9.45991975308642,8.917283179012346,19.148936170212767,False,N,True
303829,B48,0,64,12,9,47,7,8.387074074074073,9.49737037037037,8.942222222222222,19.148936170212767,False,N,True
303830,B48,0,64,12,9,47,7,8.408191358024691,9.553765432098766,8.980978395061728,19.148936170212767,False,N,True
303831,B48,0,64,11,9,48,6,8.441390432098766,9.604592592592592,9.022991512345678,18.75,False,N,True
303833,B48,0,64,11,9,48,6,8.573223765432099,9.674444444444445,9.123834104938272,18.75,False,N,True
303835,B48,0,64,11,9,48,6,8.659612654320988,9.728518518518518,9.194065586419754,18.75,False,N,True
303837,B48,0,64,11,10,48,6,8.760462962962963,9.748148148148148,9.254305555555556,18.75,False,N,True
303844,B48,1,64,12,9,47,6,7.933129629629629,11.316175925925926,9.624652777777778,19.148936170212767,False,S,True
303845,B48,1,64,12,9,47,6,7.908300925925926,11.171972222222223,9.540136574074074,19.148936170212767,False,S,True
303847,B48,1,64,12,9,47,6,7.883013888888889,11.015800925925927,9.449407407407408,19.148936170212767,False,S,True
303848,B48,1,64,12,9,48,6,7.864799382716049,10.900467592592593,9.38263348765432,18.75,False,S,True
303849,B48,1,64,12,9,48,6,7.8538194444444445,10.82300925925926,9.338414351851851,18.75,False,S,True
303850,B48,1,64,13,9,48,6,7.844444444444445,10.755555555555556,9.3,18.75,False,S,True
303853,B48,1,64,12,8,48,6,7.51962962962963,10.335074074074074,8.927351851851851,18.75,False,S,True
303854,B48,1,64,12,8,47,6,7.544444444444445,10.403103395061727,8.973773919753086,19.148936170212767,False,S,True
303855,B48,1,64,12,8,47,6,7.563703703703704,10.457412037037038,9.01055787037037,19.148936170212767,False,S,True
303856,B48,1,64,12,8,47,6,7.582592592592593,10.510583333333333,9.046587962962963,19.148936170212767,False,S,True
303857,B48,1,64,12,8,47,6,7.6,10.56111111111111,9.080555555555556,19.148936170212767,False,S,True
303858,B48,1,64,12,8,47,6,7.601388888888889,10.633333333333333,9.11736111111111,19.148936170212767,False,S,True
303859,B48,1,64,12,8,47,6,7.606712962962963,10.727222222222222,9.166967592592592,19.148936170212767,False,S,True
303860,B48,1,64,12,9,47,6,7.614385802469135,10.77324074074074,9.193813271604938,19.148936170212767,False,S,True
303861,B48,1,64,12,9,47,6,7.622222222222222,10.738888888888889,9.180555555555555,19.148936170212767,False,S,True
303862,B48,1,64,12,9,47,6,7.652921296296296,10.606472222222221,9.129696759259259,19.148936170212767,False,S,True
303863,B48,1,64,12,9,47,6,7.675632716049383,10.51558024691358,9.09560648148148,19.148936170212767,False,S,True
303864,B48,1,64,13,9,47,6,7.676132716049382,10.43520987654321,9.055671296296298,19.148936170212767,False,S,True
303865,B48,1,64,13,9,48,6,7.586293209876543,10.342472222222222,8.964382716049382,18.75,False,S,True
303866,B48,1,64,13,9,48,6,7.535722222222222,10.301399691358025,8.918560956790124,18.75,False,S,True
303869,B48,1,64,12,9,48,6,7.3805555555555555,10.192862654320987,8.786709104938272,18.75,False,S,True
303870,B48,1,64,12,9,48,6,7.407407407407407,10.175495370370369,8.79145138888889,18.75,False,S,True
303871,B48,1,64,12,10,48,6,7.444444444444445,10.16111111111111,8.802777777777777,18.75,False,S,True
303872,B48,1,64,12,10,48,6,7.453416666666667,10.073145061728395,8.763280864197531,18.75,False,S,True
303874,B48,1,64,12,10,48,6,7.4871388888888895,9.787243827160493,8.637191358024692,18.75,False,S,True
303875,B48,1,64,12,10,48,6,7.508308641975308,9.64699074074074,8.577649691358026,18.75,False,S,True
303876,B48,1,64,12,10,48,6,7.517805555555555,9.591694444444444,8.55475,18.75,False,S,True
303878,B48,1,64,12,9,48,6,7.589407407407407,9.484814814814815,8.53711111111111,18.75,False,S,True
303878,B49,1,97,18,15,80,6,5.09529938271605,5.924805555555555,5.510052469135802,11.25,False,S,True
303880,B48,1,64,12,9,48,6,7.630850308641976,9.54574074074074,8.588295524691357,18.75,False,S,True
303881,B48,1,64,12,9,48,6,7.671952160493827,9.60925925925926,8.640605709876544,18.75,False,S,True
303882,B48,1,64,13,9,48,6,7.646462962962962,9.660462962962962,8.653462962962964,18.75,False,S,True
303883,B48,1,64,13,9,48,6,7.605804012345678,9.702592592592593,8.654198302469135,18.75,False,S,True
303884,B48,1,64,13,9,47,5,7.5702391975308645,9.740185185185187,8.655212191358025,19.148936170212767,False,S,True
303885,B48,1,64,13,9,47,5,7.521973765432098,9.7875,8.65473688271605,19.148936170212767,False,S,True
303886,B48,1,64,13,9,47,5,7.4599367283950615,9.845833333333333,8.652885030864196,19.148936170212767,False,S,True
303887,B48,1,64,13,9,47,5,7.395844135802469,9.90287037037037,8.64935725308642,19.148936170212767,False,S,True
303888,B48,1,64,12,10,47,5,7.340770061728395,9.852685185185186,8.59672762345679,19.148936170212767,False,S,True
303901,B49,0,91,18,16,76,3,5.230316358024692,5.821481481481482,5.525898919753087,11.842105263157896,False,N,True
303902,B49,0,91,18,17,76,4,5.191725308641976,5.798148148148148,5.494936728395062,11.842105263157896,False,N,True
303903,B49,0,91,17,17,76,4,5.1839104938271605,5.742407407407407,5.463158950617284,11.842105263157896,False,N,True
303911,B49,0,91,17,16,75,4,5.3336805555555555,5.780555555555555,5.557118055555555,12.0,False,N,True
303912,B49,0,91,18,16,75,4,5.300148148148148,5.796319444444444,5.548233796296296,12.0,False,N,True
303913,B49,0,91,18,17,75,4,5.247174382716049,5.717824074074074,5.482499228395062,12.0,False,N,True
303914,B49,0,91,17,17,75,4,5.245881172839506,5.628495370370371,5.4371882716049384,12.0,False,N,True
303915,B49,0,91,17,17,75,4,5.28350462962963,5.533217592592592,5.408361111111111,12.0,False,N,True
303916,B49,0,91,17,16,76,4,5.311111111111112,5.538888888888889,5.425,11.842105263157896,False,N,True
303917,B49,0,91,17,16,76,4,5.319814814814815,5.608888888888889,5.464351851851851,11.842105263157896,False,N,True
303918,B49,0,91,17,16,76,4,5.325277777777777,5.652222222222222,5.48875,11.842105263157896,False,N,True
303919,B49,0,91,17,17,76,4,5.332407407407407,5.702222222222222,5.517314814814815,11.842105263157896,False,N,True
303920,B49,0,91,17,17,76,4,5.3399074074074075,5.641666666666667,5.490787037037037,11.842105263157896,False,N,True
303921,B49,0,91,18,17,76,4,5.344444444444445,5.605555555555555,5.475,11.842105263157896,False,N,True
303922,B49,0,91,18,17,76,4,5.252683641975309,5.534527777777778,5.393605709876543,11.842105263157896,False,N,True
303923,B49,0,91,17,17,75,4,5.262862654320988,5.4790478395061735,5.370955246913581,12.0,False,N,True
303926,B49,0,91,17,16,75,4,5.30970987654321,5.519487654320987,5.414598765432099,12.0,False,N,True
303927,B49,0,91,17,17,75,4,5.320771604938272,5.519212962962963,5.419992283950617,12.0,False,N,True
303928,B49,0,91,17,17,75,4,5.328546296296296,5.499722222222222,5.414134259259259,12.0,False,N,True
303929,B49,0,91,17,17,75,4,5.337282407407407,5.473024691358025,5.4051535493827165,12.0,False,N,True
303930,B49,0,91,17,17,75,4,5.342148148148149,5.452222222222222,5.397185185185185,12.0,False,N,True
303931,B49,0,91,17,17,75,4,5.344834876543209,5.436037037037037,5.390435956790124,12.0,False,N,True
303937,B44 SBS,0,129,24,24,118,0,3.7784166666666668,3.6921944444444446,3.7353055555555557,7.627118644067797,True,N,True
303937,B49,0,97,18,17,80,5,5.225117283950618,5.309166666666667,5.267141975308642,11.25,False,N,True
303938,B49,0,97,18,17,80,5,5.214520061728395,5.317314814814815,5.265917438271605,11.25,False,N,True
303939,B49,0,97,19,17,80,5,5.185300925925926,5.323888888888889,5.254594907407408,11.25,False,N,True
303940,B49,0,97,19,17,80,5,5.152533950617284,5.330092592592592,5.241313271604938,11.25,False,N,True
303942,B44 SBS,0,129,24,25,117,0,3.809614197530864,3.6800077160493827,3.7448109567901238,7.6923076923076925,True,N,True
303942,B49,0,97,19,17,79,5,5.072222222222222,5.344444444444445,5.208333333333333,11.39240506329114,False,N,True
303943,B49,0,97,18,17,79,5,5.032864197530865,5.350462962962963,5.191663580246914,11.39240506329114,False,N,True
303944,B49,0,97,18,17,79,5,5.055320987654321,5.355833333333334,5.205577160493827,11.39240506329114,False,N,True
303945,B44 SBS,0,129,24,24,117,0,3.7925601851851853,3.656875,3.7247175925925924,7.6923076923076925,True,N,True
303945,B49,0,97,18,17,79,5,5.073092592592593,5.360462962962964,5.216777777777778,11.39240506329114,False,N,True
303946,B49,0,97,19,17,79,5,5.094444444444445,5.366666666666666,5.230555555555555,11.39240506329114,False,N,True
303947,B49,0,97,19,17,79,5,5.085851851851852,5.372222222222222,5.2290370370370365,11.39240506329114,False,N,True
303948,B49,0,97,19,17,79,5,5.079277777777778,5.372222222222222,5.225750000000001,11.39240506329114,False,N,True
303949,B49,0,97,19,17,79,5,5.065111111111111,5.372222222222222,5.218666666666667,11.39240506329114,False,N,True
303950,B44 SBS,0,129,24,25,118,0,3.816273148148148,3.654566358024691,3.7354197530864197,7.627118644067797,True,N,True
303951,B49,0,97,19,17,79,5,5.011094135802469,5.372222222222222,5.191658179012346,11.39240506329114,False,N,True
303953,B49,0,97,19,17,79,5,4.983279320987654,5.372222222222222,5.177750771604938,11.39240506329114,False,N,True
303954,B49,0,97,18,17,79,5,4.968733024691359,5.372222222222222,5.17047762345679,11.39240506329114,False,N,True
303955,B49,0,97,18,17,79,5,4.986723765432099,5.372222222222222,5.179472993827161,11.39240506329114,False,N,True
303957,B49,0,97,18,17,80,5,5.047847222222222,5.372222222222222,5.210034722222222,11.25,False,N,True
303958,B49,0,97,18,16,80,5,5.071001543209876,5.421296296296296,5.246148919753086,11.25,False,N,True
303959,B49,0,97,18,16,80,5,5.094444444444445,5.483333333333333,5.288888888888889,11.25,False,N,True
303960,B49,0,97,18,17,80,5,5.131481481481482,5.533333333333333,5.332407407407407,11.25,False,N,True
303966,B49,1,97,18,15,80,6,5.074055555555556,5.947546296296296,5.510800925925926,11.25,False,S,True
303966,B65,0,74,12,13,60,2,7.511111111111111,6.861111111111112,7.186111111111112,15.0,False,E,True
303967,B49,1,97,18,15,80,6,5.0557592592592595,5.979833333333334,5.5177962962962965,11.25,False,S,True
303967,B65,0,74,12,13,60,2,7.571737654320987,6.895901234567901,7.233819444444444,15.0,False,E,True
303968,B49,1,97,18,16,80,6,5.044444444444445,5.955555555555555,5.5,11.25,False,S,True
303969,B49,1,97,18,16,79,6,5.03120987654321,5.919012345679012,5.475111111111111,11.39240506329114,False,S,True
303970,B49,1,97,17,16,79,6,5.031597222222222,5.892462962962963,5.462030092592593,11.39240506329114,False,S,True
303971,B49,1,97,17,16,79,6,5.081018518518518,5.869608024691358,5.4753132716049375,11.39240506329114,False,S,True
303972,B49,1,97,18,16,79,6,5.122475308641976,5.851629629629629,5.4870524691358025,11.39240506329114,False,S,True
303973,B48,0,64,11,10,48,6,8.842810185185185,9.684259259259258,9.263534722222223,18.75,False,N,True
303974,B49,1,97,18,16,80,6,5.124304012345679,5.810874999999999,5.46758950617284,11.25,False,S,True
303975,B49,1,97,18,16,80,6,5.120288580246913,5.793608024691357,5.456948302469136,11.25,False,S,True
303976,B49,1,102,22,17,85,6,4.872222222222222,5.722222222222222,5.297222222222222,10.588235294117647,False,S,True
303977,B49,1,97,18,17,80,6,5.096277777777777,5.634652777777777,5.365465277777777,11.25,False,S,True
303978,B49,1,97,18,17,80,6,5.080816358024691,5.548518518518518,5.314667438271605,11.25,False,S,True
303979,B49,1,97,18,16,80,6,5.066020061728395,5.490638888888889,5.278329475308642,11.25,False,S,True
303981,B49,1,97,17,16,80,6,5.040962962962963,5.547106481481482,5.294034722222222,11.25,False,S,True
303982,B49,1,102,21,16,85,6,4.564469135802469,5.567111111111111,5.06579012345679,10.588235294117647,False,S,True
303983,B49,1,97,17,17,80,6,5.111032407407407,5.539638888888889,5.325335648148148,11.25,False,S,True
303984,B49,1,97,17,17,80,6,5.15891975308642,5.501949074074075,5.330434413580247,11.25,False,S,True
303985,B49,1,102,22,16,85,7,4.572222222222222,5.461111111111111,5.016666666666667,10.588235294117647,False,S,True
303986,B49,1,97,18,16,80,7,5.150908950617284,5.475163580246914,5.313036265432099,11.25,False,S,True
303987,B49,1,97,18,16,80,7,5.12933487654321,5.501125,5.315229938271605,11.25,False,S,True
303988,B49,1,97,18,16,80,7,5.108625,5.533708333333333,5.321166666666667,11.25,False,S,True
303989,B49,1,97,18,16,79,7,5.088388888888889,5.57233024691358,5.330359567901235,11.39240506329114,False,S,True
303990,B49,1,97,18,17,79,7,5.0649444444444445,5.554205246913581,5.309574845679012,11.39240506329114,False,S,True
303996,B49,1,91,17,16,74,7,5.258936728395061,5.5717438271604935,5.415340277777777,12.162162162162161,False,S,True
303997,B49,1,91,17,16,74,7,5.314444444444445,5.589788580246914,5.452116512345679,12.162162162162161,False,S,True
303998,B49,1,91,17,16,74,7,5.358962962962963,5.605074074074074,5.482018518518518,12.162162162162161,False,S,True
303999,B49,1,96,21,17,79,7,4.989913580246914,5.606300925925925,5.298107253086419,11.39240506329114,False,S,True
304000,B49,1,91,17,17,74,7,5.479375,5.560609567901235,5.519992283950617,12.162162162162161,False,S,True
304002,B49,1,96,21,16,79,7,5.009513888888889,5.511875,5.260694444444444,11.39240506329114,False,S,True
304004,B49,1,91,17,16,74,7,5.5557793209876545,5.548228395061728,5.552003858024691,12.162162162162161,False,S,True
304005,B49,1,96,21,16,80,7,4.972222222222222,5.566666666666666,5.269444444444445,11.25,False,S,True
304006,B49,1,91,17,16,75,7,5.551944444444445,5.586708333333333,5.569326388888888,12.0,False,S,True
304007,B49,1,96,21,17,80,7,4.952154320987654,5.525864197530864,5.23900925925926,11.25,False,S,True
304008,B49,1,91,16,17,75,7,5.576388888888888,5.473189814814815,5.524789351851852,12.0,False,S,True
304009,B49,1,91,16,17,74,7,5.655555555555555,5.428941358024691,5.542248456790123,12.162162162162161,False,S,True
304011,B49,1,91,16,17,74,7,5.81128086419753,5.3725246913580245,5.5919027777777774,12.162162162162161,False,S,True
304012,B49,1,91,16,16,74,7,5.905777777777778,5.391055555555555,5.648416666666666,12.162162162162161,False,S,True
304013,B49,1,91,16,17,74,7,5.972901234567901,5.436350308641975,5.704625771604938,12.162162162162161,False,S,True
304014,B49,1,91,15,17,74,7,6.072888888888889,5.412222222222223,5.742555555555556,12.162162162162161,False,S,True
304015,B49,1,96,20,17,79,7,5.458966049382716,5.398481481481482,5.428723765432099,11.39240506329114,False,S,True
304019,B4,1,60,12,10,49,1,7.870146604938271,9.673802469135802,8.771974537037037,18.367346938775512,False,W,True
304019,B49,1,91,16,17,74,8,6.181388888888889,5.360388888888889,5.770888888888889,12.162162162162161,False,S,True
304022,B49,1,91,16,16,74,8,6.171944444444445,5.4356481481481485,5.803796296296296,12.162162162162161,False,S,True
304023,B49,1,91,16,17,74,8,6.163611111111111,5.517506172839506,5.840558641975308,12.162162162162161,False,S,True
304024,B49,1,91,15,17,74,8,6.174444444444444,5.495956790123457,5.835200617283951,12.162162162162161,False,S,True
304052,B82,0,104,17,20,80,8,5.573913580246914,4.76491975308642,5.169416666666667,11.25,False,E,True
304053,B82,0,104,16,19,80,8,5.589702160493827,4.758530864197531,5.1741165123456785,11.25,False,E,True
304071,B82,0,104,16,20,79,9,5.946,4.67037037037037,5.308185185185185,11.39240506329114,False,E,True
304072,B82,0,104,16,20,80,9,5.946675925925926,4.662037037037037,5.304356481481482,11.25,False,E,True
304072,B82 SBS,0,106,25,22,94,0,4.102861111111111,4.17979012345679,4.14132561728395,9.574468085106384,True,E,True
304073,B82,0,104,16,20,80,9,5.946666666666667,4.652962962962963,5.299814814814814,11.25,False,E,True
304078,B82,0,104,15,20,79,9,5.967777777777778,4.660898148148148,5.314337962962963,11.39240506329114,False,E,True
304078,B82 SBS,0,106,24,22,93,0,4.292587962962964,4.2940555555555555,4.293321759259259,9.67741935483871,True,E,True
304078,B83,1,105,18,20,90,2,5.05074074074074,4.554407407407408,4.802574074074074,10.0,True,S,True
304083,B82,1,97,13,13,74,6,7.327777777777778,6.894444444444445,7.111111111111112,12.162162162162161,False,W,True
304083,B82 SBS,1,106,21,20,95,0,4.855555555555555,4.472222222222222,4.663888888888889,9.473684210526315,True,W,True
304083,B83,0,9,6,0,9,0,5.65,,5.65,100.0,False,N,True
304084,B82,1,97,13,14,74,6,7.358347222222222,6.873115740740741,7.115731481481481,12.162162162162161,False,W,True
304084,B83,0,108,25,14,90,3,3.882324074074074,6.852412037037038,5.367368055555556,10.0,True,N,True
304085,B82,1,97,13,14,74,6,7.371151234567901,6.80370524691358,7.08742824074074,12.162162162162161,False,W,True
304085,B82 SBS,1,106,21,21,95,0,4.876098765432099,4.436081790123456,4.6560902777777775,9.473684210526315,True,W,True
304085,B83,0,108,26,14,90,3,3.843716049382716,6.771532407407407,5.307624228395062,10.0,True,N,True
304086,B83,0,108,25,13,89,3,3.788993827160494,6.728453703703704,5.258723765432099,10.112359550561798,False,N,True
304087,B82,1,97,13,14,73,6,7.402672839506172,6.642766975308643,7.022719907407407,12.32876712328767,False,W,True
304090,B82,1,97,13,13,73,6,7.439006172839506,6.718341049382716,7.078673611111111,12.32876712328767,False,W,True
304091,B60,0,92,18,16,76,5,5.260015432098766,5.889351851851852,5.574683641975309,11.842105263157896,False,N,True
304091,B82,1,97,13,13,73,6,7.447192901234568,6.746242283950617,7.096717592592593,12.32876712328767,False,W,True
304092,B60,0,92,18,16,76,5,5.256154320987654,5.864283950617284,5.560219135802469,11.842105263157896,False,N,True
304092,B82,1,97,12,13,73,6,7.505635802469135,6.7798641975308644,7.14275,12.32876712328767,False,W,True
304092,B82 SBS,1,106,22,21,96,0,4.652768518518518,4.381308641975309,4.517038580246914,9.375,True,W,True
304113,B82,1,104,16,14,81,5,6.029506172839506,6.4863888888888885,6.257947530864198,11.11111111111111,False,W,True
304114,B82,1,104,16,13,81,5,5.958672839506173,6.575,6.266836419753087,11.11111111111111,False,W,True
304115,B82,1,104,16,14,81,5,5.884259259259259,6.576851851851852,6.230555555555555,11.11111111111111,False,W,True
304115,B82 SBS,1,106,23,21,97,0,4.476950617283951,4.319467592592592,4.398209104938272,9.278350515463918,True,W,True
304196,B52,1,126,28,22,107,5,3.4460123456790126,4.204398148148148,3.8252052469135807,8.411214953271028,True,W,True
304197,B52,1,126,28,22,107,5,3.425993827160494,4.190470679012345,3.80823225308642,8.411214953271028,True,W,True
304198,B52,1,126,28,22,107,5,3.403837962962963,4.190092592592593,3.796965277777778,8.411214953271028,True,W,True
304199,B52,1,126,28,22,107,5,3.416734567901235,4.191774691358025,3.80425462962963,8.411214953271028,True,W,True
304200,B52,1,126,28,22,107,5,3.420586419753086,4.1969660493827154,3.808776234567901,8.411214953271028,True,W,True
304201,B52,1,126,28,22,107,5,3.418527777777778,4.202265432098765,3.8103966049382714,8.411214953271028,True,W,True
304203,B52,1,126,28,22,108,5,3.39983487654321,4.1642422839506175,3.7820385802469136,8.333333333333334,True,W,True
304204,B52,1,126,29,22,108,6,3.3705015432098766,4.1629706790123455,3.766736111111111,8.333333333333334,True,W,True
304205,B52,1,126,28,22,108,6,3.361800925925926,4.169222222222222,3.765511574074074,8.333333333333334,True,W,True
304206,B52,1,126,28,22,108,6,3.370300925925926,4.180878086419753,3.7755895061728397,8.333333333333334,True,W,True
304207,B52,1,126,28,22,107,6,3.3749506172839507,4.194395061728395,3.7846728395061726,8.411214953271028,True,W,True
304209,B52,1,126,29,22,107,6,3.357314814814815,4.173396604938271,3.7653557098765433,8.411214953271028,True,W,True
304210,B52,1,126,28,22,107,6,3.338729938271605,4.173645061728395,3.7561875000000002,8.411214953271028,True,W,True
304211,B52,1,126,28,22,108,6,3.358155864197531,4.180154320987654,3.7691550925925923,8.333333333333334,True,W,True
304212,B52,1,126,28,22,108,6,3.3777777777777778,4.194444444444445,3.786111111111111,8.333333333333334,True,W,True
304213,B52,1,126,28,23,108,6,3.386804012345679,4.213654320987654,3.8002291666666665,8.333333333333334,True,W,True
304214,B52,1,126,29,22,108,6,3.383368827160494,4.197668209876543,3.7905185185185184,8.333333333333334,True,W,True
304390,B54,0,97,18,18,80,6,4.973148148148149,4.833117283950617,4.903132716049383,11.25,False,E,True
304391,B54,0,97,18,19,80,6,5.030555555555555,4.824945987654321,4.927750771604938,11.25,False,E,True
304394,B54,0,97,19,19,79,6,5.155092592592593,4.7727160493827165,4.9639043209876546,11.39240506329114,False,E,True
304396,B54,0,97,19,19,79,6,5.108333333333333,4.76670524691358,4.937519290123457,11.39240506329114,False,E,True
304399,B54,0,97,18,19,79,6,5.033333333333333,4.733333333333333,4.883333333333334,11.39240506329114,False,E,True
304400,B54,0,97,18,19,79,6,5.0912037037037035,4.724466049382716,4.90783487654321,11.39240506329114,False,E,True
304402,B54,0,97,18,19,79,6,5.201851851851852,4.744612654320988,4.97323225308642,11.39240506329114,False,E,True
304404,B54,0,97,18,20,79,6,5.301851851851851,4.632729938271606,4.967290895061728,11.39240506329114,False,E,True
304405,B54,0,97,17,19,78,6,5.394444444444445,4.638888888888888,5.016666666666667,11.538461538461538,False,E,True
304406,B54,0,97,17,19,78,7,5.525,4.673703703703704,5.099351851851852,11.538461538461538,False,E,True
304407,B54,0,97,17,19,78,7,5.615277777777778,4.697777777777778,5.156527777777778,11.538461538461538,False,E,True
304408,B54,0,97,17,19,78,7,5.688888888888888,4.717407407407407,5.203148148148148,11.538461538461538,False,E,True
304409,B54,0,97,18,20,78,7,5.718518518518518,4.732606481481482,5.2255625,11.538461538461538,False,E,True
304410,B54,0,97,18,20,78,7,5.693981481481482,4.699101851851852,5.196541666666667,11.538461538461538,False,E,True
304411,B54,0,97,18,20,78,7,5.662037037037037,4.659604938271604,5.160820987654321,11.538461538461538,False,E,True
304412,B54,0,97,18,20,78,7,5.628703703703704,4.621504629629629,5.1251041666666675,11.538461538461538,False,E,True
304413,B54,0,97,17,20,78,7,5.633333333333334,4.586333333333333,5.109833333333333,11.538461538461538,False,E,True
304418,B52,1,126,28,22,107,5,3.4593827160493826,4.203913580246914,3.831648148148148,8.411214953271028,True,W,True
304419,B54,1,97,19,17,80,6,5.116149691358024,5.358251543209876,5.237200617283951,11.25,False,W,True
304420,B54,1,97,19,17,80,6,5.1103101851851855,5.329279320987654,5.219794753086419,11.25,False,W,True
304422,B54,1,97,19,17,80,6,5.10333950617284,5.312529320987654,5.207934413580247,11.25,False,W,True
304423,B54,1,97,19,17,80,6,5.099777777777778,5.31588425925926,5.207831018518519,11.25,False,W,True
304424,B54,1,97,20,17,81,6,5.038094135802469,5.333513888888889,5.185804012345679,11.11111111111111,False,W,True
304426,B54,1,97,19,18,81,6,5.001635802469136,5.257032407407407,5.1293341049382715,11.11111111111111,False,W,True
304427,B54,1,97,19,18,81,6,5.022314814814815,5.232195987654321,5.127255401234567,11.11111111111111,False,W,True
304429,B54,1,97,19,18,80,6,5.086055555555556,5.128240740740741,5.1071481481481475,11.25,False,W,True
304431,B54,1,97,19,17,80,6,5.110509259259259,5.208981481481482,5.159745370370371,11.25,False,W,True
304432,B54,1,97,20,18,80,6,5.068033950617283,5.201388888888888,5.134711419753087,11.25,False,W,True
304434,B54,1,97,20,18,80,5,4.911111111111111,5.144444444444445,5.027777777777778,11.25,False,W,True
304435,B54,1,97,20,18,80,5,4.843345679012345,5.114467592592592,4.97890663580247,11.25,False,W,True
304436,B54,1,97,19,18,80,5,4.845555555555555,5.097981481481481,4.971768518518519,11.25,False,W,True
304437,B54,1,97,19,18,80,5,4.892222222222222,5.084981481481481,4.988601851851852,11.25,False,W,True
304440,B54,1,97,19,18,80,5,5.052314814814816,5.011529320987654,5.031922067901235,11.25,False,W,True
304441,B54,1,97,20,18,80,5,5.039033950617283,5.011302469135802,5.025168209876543,11.25,False,W,True
304442,B54,1,97,20,18,80,5,5.005523148148148,5.0182824074074075,5.011902777777777,11.25,False,W,True
304524,B83,1,105,18,20,90,2,5.061111111111112,4.477777777777778,4.769444444444445,10.0,True,S,True
304645,B69,1,50,12,12,48,0,8.328265432098766,7.520493827160494,7.924379629629629,18.75,False,S,True
304646,B57,0,65,12,13,54,3,7.897810185185185,7.149132716049382,7.523471450617284,16.666666666666668,False,E,True
304646,B69,1,50,12,12,48,0,8.328408950617284,7.524069444444445,7.926239197530864,18.75,False,S,True
304647,B57,0,65,12,13,54,3,7.850228395061729,7.107134259259259,7.478681327160493,16.666666666666668,False,E,True
304647,B69,1,50,12,12,48,0,8.329166666666667,7.529166666666667,7.929166666666666,18.75,False,S,True
304649,B57,0,65,11,13,54,3,7.768978395061728,7.01895524691358,7.393966820987655,16.666666666666668,False,E,True
304649,B69,1,50,13,12,48,0,8.271483024691358,7.547140432098765,7.909311728395062,18.75,False,S,True
304654,B57,0,65,11,13,54,3,8.006111111111112,7.004296296296297,7.505203703703703,16.666666666666668,False,E,True
304655,B57,0,65,11,13,54,3,8.037222222222223,6.9554984567901235,7.496360339506173,16.666666666666668,False,E,True
304657,B57,0,65,12,13,54,3,8.11111111111111,6.888888888888888,7.5,16.666666666666668,False,E,True
304658,B57,0,65,12,13,54,3,8.070802469135803,6.9056496913580245,7.488226080246914,16.666666666666668,False,E,True
304660,B57,0,65,12,13,54,4,7.988888888888889,6.944444444444445,7.466666666666667,16.666666666666668,False,E,True
304662,B57,0,65,11,14,54,4,7.917129629629629,6.943333333333333,7.430231481481481,16.666666666666668,False,E,True
304663,B43,0,93,18,16,73,6,5.3751851851851855,5.558716049382715,5.466950617283951,12.32876712328767,False,N,True
304663,B57,0,65,11,14,54,4,7.967592592592593,6.811262345679013,7.389427469135802,16.666666666666668,False,E,True
304664,B43,0,93,18,16,73,7,5.405555555555555,5.561111111111112,5.483333333333333,12.32876712328767,False,N,True
304664,B57,0,65,11,13,54,4,8.0,6.733333333333333,7.366666666666666,16.666666666666668,False,E,True
304665,B57,0,65,11,13,54,4,8.03379012345679,6.740154320987655,7.386972222222222,16.666666666666668,False,E,True
304666,B57,0,65,11,13,54,4,8.07695061728395,6.754310185185186,7.4156304012345675,16.666666666666668,False,E,True
304668,B57,0,65,11,13,54,4,8.116179012345679,6.773949074074074,7.445064043209877,16.666666666666668,False,E,True
304669,B57,0,65,11,13,54,4,8.15529012345679,6.799604938271605,7.477447530864198,16.666666666666668,False,E,True
304670,B57,0,65,11,13,54,4,8.18661111111111,6.825203703703704,7.505907407407407,16.666666666666668,False,E,True
304672,B57,0,65,11,13,54,4,8.25320061728395,6.896226851851852,7.574713734567902,16.666666666666668,False,E,True
304696,B57,1,65,12,9,52,1,7.976759259259259,10.855222222222222,9.41599074074074,17.307692307692307,False,W,True
304698,B57,1,65,12,9,52,1,7.930447530864198,10.804296296296295,9.367371913580248,17.307692307692307,False,W,True
304699,B57,1,65,12,9,52,1,7.905526234567901,10.777390432098766,9.341458333333332,17.307692307692307,False,W,True
304701,B57,1,65,12,9,52,1,7.884152777777778,10.755432098765432,9.319792438271605,17.307692307692307,False,W,True
304703,B57,1,65,13,9,52,1,7.818970679012346,10.734371913580247,9.276671296296296,17.307692307692307,False,W,True
304705,B57,1,65,13,9,52,1,7.705555555555555,10.716666666666667,9.21111111111111,17.307692307692307,False,W,True
304709,B57,1,65,12,10,52,1,7.550987654320988,10.452847222222223,9.001917438271606,17.307692307692307,False,W,True
304710,B57,1,65,12,10,52,1,7.616666666666666,10.238888888888889,8.927777777777777,17.307692307692307,False,W,True
304711,B57,1,65,13,10,52,1,7.71604938271605,9.94163734567901,8.82884336419753,17.307692307692307,False,W,True
304712,B57,1,65,13,10,52,1,7.677777777777778,9.827777777777778,8.752777777777776,17.307692307692307,False,W,True
304713,B57,1,65,13,10,52,1,7.642728395061728,9.788765432098765,8.715746913580245,17.307692307692307,False,W,True
304716,B57,1,65,13,11,53,1,7.303350308641976,9.11065586419753,8.207003086419753,16.9811320754717,False,W,True
304716,B69,0,54,13,12,52,0,7.861111111111112,7.572222222222222,7.716666666666667,17.307692307692307,False,N,True
304717,B57,1,65,12,10,53,1,7.379878086419753,9.085737654320987,8.23280787037037,16.9811320754717,False,W,True
304717,B69,0,54,13,12,52,0,7.793353395061729,7.592808641975309,7.6930810185185186,17.307692307692307,False,N,True
304721,B69,0,54,13,12,52,0,7.597362654320988,7.4383333333333335,7.517847993827161,17.307692307692307,False,N,True
304722,B67,0,16,0,2,7,3,,7.166666666666667,7.166666666666667,128.57142857142858,False,N,True
304722,B69,0,54,12,12,52,0,7.614751543209876,7.464722222222222,7.53973688271605,17.307692307692307,False,N,True
304940,B62,1,86,19,13,65,7,5.520518518518518,6.706111111111111,6.113314814814815,13.846153846153847,False,S,True
304942,B47,1,88,14,16,71,4,6.655555555555555,5.7555555555555555,6.205555555555555,12.67605633802817,False,S,True
304943,B32,0,30,7,6,29,0,13.428165422885572,15.0,14.217004337050806,31.03448275862069,False,N,True
304947,B60,0,92,18,16,76,5,5.272222222222222,5.922222222222222,5.597222222222222,11.842105263157896,False,N,True
304955,B60,0,92,19,17,76,5,5.113487654320988,5.722891975308642,5.418189814814815,11.842105263157896,False,N,True
304956,B60,0,92,19,17,75,5,5.067223765432099,5.652299382716049,5.359761574074074,12.0,False,N,True
304957,B60,0,92,19,17,75,5,4.9868904320987655,5.541214506172839,5.264052469135803,12.0,False,N,True
304958,B60,0,92,18,16,75,5,4.997432098765432,5.4998456790123464,5.248638888888889,12.0,False,N,True
304959,B60,0,92,19,16,75,5,5.058063271604938,5.54375,5.300906635802469,12.0,False,N,True
304960,B60,0,92,19,16,75,5,5.055555555555555,5.566666666666666,5.311111111111112,12.0,False,N,True
304962,B60,0,92,19,17,75,5,5.008242283950618,5.556547839506172,5.282395061728395,12.0,False,N,True
304973,B60,0,92,19,17,76,5,5.0590015432098765,5.224444444444444,5.141722993827161,11.842105263157896,False,N,True
304974,B60,0,92,19,17,76,5,5.0634907407407415,5.239259259259259,5.151375,11.842105263157896,False,N,True
304975,B60,0,92,19,17,76,5,5.076299382716049,5.274814814814815,5.175557098765433,11.842105263157896,False,N,True
304976,B60,0,92,19,17,75,5,5.092864197530864,5.308518518518519,5.200691358024691,12.0,False,N,True
304977,B60,0,92,19,17,75,5,5.109010802469135,5.335555555555556,5.222283179012346,12.0,False,N,True
304978,B60,0,92,19,18,75,5,5.127777777777778,5.305555555555555,5.216666666666667,12.0,False,N,True
304983,B60,0,92,18,18,75,5,5.295779320987654,5.125106481481481,5.210442901234568,12.0,False,N,True
304984,B60,0,92,18,18,75,5,5.331395061728395,5.112055555555556,5.221725308641975,12.0,False,N,True
304986,B60,0,92,18,17,75,5,5.4234228395061725,5.134094135802469,5.27875848765432,12.0,False,N,True
304987,B60,0,92,18,17,75,5,5.521381172839506,5.181481481481482,5.351431327160494,12.0,False,N,True
304988,B60,0,92,18,18,75,5,5.608907407407407,5.191092592592593,5.4,12.0,False,N,True
304990,B60,0,92,19,18,75,6,5.833333333333333,5.161111111111111,5.497222222222222,12.0,False,N,True
304991,B60,0,92,19,18,75,6,5.7895,5.1455,5.4675,12.0,False,N,True
304992,B60,0,92,19,18,75,6,5.743216049382716,5.13024537037037,5.436730709876543,12.0,False,N,True
304993,B60,0,92,19,18,75,6,5.695342592592593,5.116854938271604,5.406098765432099,12.0,False,N,True
304994,B60,0,92,19,18,75,6,5.665516975308642,5.1098842592592595,5.387700617283951,12.0,False,N,True
304995,B60,0,92,18,18,75,6,5.673871913580246,5.102617283950617,5.388244598765431,12.0,False,N,True
304996,B60,0,92,18,18,75,6,5.710691358024691,5.09658487654321,5.4036381172839505,12.0,False,N,True
304997,B60,0,92,18,19,75,6,5.739975308641975,5.046325617283951,5.393150462962963,12.0,False,N,True
304998,B60,0,92,18,19,74,6,5.769567901234568,4.9918348765432095,5.380701388888889,12.162162162162161,False,N,True
304999,B60,0,92,18,19,74,6,5.805555555555555,4.933333333333334,5.3694444444444445,12.162162162162161,False,N,True
305000,B60,0,92,18,19,74,6,5.825351851851852,4.909259259259259,5.367305555555556,12.162162162162161,False,N,True
305001,B60,0,92,18,18,75,6,5.857395061728395,4.87962962962963,5.3685123456790125,12.0,False,N,True
305002,B60,0,92,18,18,75,6,5.905555555555555,4.9,5.402777777777778,12.0,False,N,True
305003,B60,0,92,18,18,75,6,5.930061728395062,4.90962962962963,5.4198456790123455,12.0,False,N,True
305004,B60,0,92,18,18,75,6,5.951462962962963,4.918148148148148,5.434805555555555,12.0,False,N,True
305006,B60,0,92,18,18,75,6,6.0552777777777775,4.961453703703703,5.508365740740741,12.0,False,N,True
305009,B60,0,92,18,19,75,6,6.2025,4.9350200617283955,5.568760030864198,12.0,False,N,True
305010,B60,0,92,18,19,75,6,6.19787037037037,4.903802469135802,5.550836419753086,12.0,False,N,True
305011,B60,0,92,18,19,75,6,6.19324074074074,4.876518518518519,5.534879629629629,12.0,False,N,True
305012,B60,0,92,18,19,75,6,6.188518518518519,4.852217592592592,5.520368055555555,12.0,False,N,True
305013,B60,0,92,18,19,75,6,6.183240740740741,4.830145061728396,5.506692901234568,12.0,False,N,True
305014,B60,0,92,18,19,75,6,6.178518518518518,4.814637345679013,5.496577932098765,12.0,False,N,True
305015,B60,0,92,18,18,75,6,6.171666666666667,4.805888888888889,5.488777777777778,12.0,False,N,True
305021,B60,1,88,13,16,70,5,7.0499074074074075,5.9877314814814815,6.5188194444444445,12.857142857142858,False,S,True
305022,B60,1,88,13,16,70,5,7.045925925925926,5.939921296296296,6.492923611111111,12.857142857142858,False,S,True
305023,B60,1,88,14,15,70,5,7.023944444444444,5.910222222222222,6.467083333333333,12.857142857142858,False,S,True
305024,B60,1,88,14,15,70,5,6.937231481481481,5.9408209876543205,6.439026234567901,12.857142857142858,False,S,True
305025,B60,1,88,14,16,70,5,6.835666666666667,5.93521450617284,6.385440586419753,12.857142857142858,False,S,True
305026,B60,1,88,13,16,70,5,6.837041666666667,5.901802469135802,6.369422067901235,12.857142857142858,False,S,True
305027,B60,1,88,13,16,70,5,6.8562314814814815,5.873208333333333,6.364719907407407,12.857142857142858,False,S,True
305028,B60,1,88,13,16,70,5,6.87419598765432,5.850663580246914,6.362429783950617,12.857142857142858,False,S,True
305029,B60,1,88,13,16,70,5,6.904027777777778,5.822337962962963,6.36318287037037,12.857142857142858,False,S,True
305030,B60,1,88,13,16,71,5,6.922222222222222,5.811111111111112,6.366666666666666,12.67605633802817,False,S,True
305031,B60,1,88,13,16,71,5,6.928066358024691,5.811111111111112,6.369588734567901,12.67605633802817,False,S,True
305033,B60,1,88,13,17,71,5,6.934993827160494,5.798148148148148,6.366570987654321,12.67605633802817,False,S,True
305034,B60,1,88,14,17,71,5,6.927476851851852,5.75462962962963,6.341053240740741,12.67605633802817,False,S,True
305035,B60,1,88,14,17,71,5,6.906890432098765,5.720370370370371,6.313630401234567,12.67605633802817,False,S,True
305036,B60,1,88,14,17,71,5,6.894444444444445,5.7,6.297222222222222,12.67605633802817,False,S,True
305037,B60,1,88,14,17,71,5,6.849666666666667,5.621646604938272,6.235656635802469,12.67605633802817,False,S,True
305038,B60,1,88,14,17,71,5,6.80687962962963,5.553617283950617,6.180248456790124,12.67605633802817,False,S,True
305039,B60,1,88,14,16,71,5,6.768265432098766,5.524591049382717,6.146428240740741,12.67605633802817,False,S,True
305040,B60,1,88,14,16,71,5,6.728896604938272,5.55899074074074,6.143943672839507,12.67605633802817,False,S,True
305041,B60,1,88,14,17,70,5,6.694444444444445,5.594444444444445,6.144444444444445,12.857142857142858,False,S,True
305042,B60,1,88,14,17,70,5,6.656592592592593,5.566300925925926,6.11144675925926,12.857142857142858,False,S,True
305043,B60,1,88,14,17,70,5,6.607135802469135,5.536466049382716,6.071800925925926,12.857142857142858,False,S,True
305044,B60,1,88,13,17,70,5,6.617391975308641,5.522361111111111,6.069876543209876,12.857142857142858,False,S,True
305047,B60,1,88,14,17,70,5,6.661989197530864,5.499604938271605,6.080797067901234,12.857142857142858,False,S,True
305048,B60,1,88,14,18,70,5,6.639347222222223,5.4590000000000005,6.049173611111112,12.857142857142858,False,S,True
305049,B60,1,88,14,18,70,5,6.611689814814815,5.40162037037037,6.006655092592593,12.857142857142858,False,S,True
305050,B60,1,88,14,17,70,5,6.586692901234568,5.413703703703703,6.000198302469135,12.857142857142858,False,S,True
305052,B60,1,88,14,17,70,6,6.558984567901234,5.433703703703704,5.996344135802469,12.857142857142858,False,S,True
305053,B60,1,88,14,17,70,6,6.5503487654320995,5.441666666666666,5.996007716049382,12.857142857142858,False,S,True
305054,B60,1,88,14,17,70,6,6.536833333333333,5.46,5.9984166666666665,12.857142857142858,False,S,True
305055,B60,1,88,14,17,70,6,6.531091049382716,5.474259259259259,6.002675154320987,12.857142857142858,False,S,True
305057,B60,1,88,15,18,71,6,6.466666666666667,5.4,5.933333333333334,12.67605633802817,False,S,True
305058,B60,1,88,15,18,71,6,6.381501543209876,5.322695987654321,5.852098765432099,12.67605633802817,False,S,True
305059,B60,1,88,15,18,71,6,6.295447530864197,5.250817901234568,5.773132716049383,12.67605633802817,False,S,True
305060,B60,1,88,14,19,71,6,6.280641975308642,5.151947530864197,5.716294753086419,12.67605633802817,False,S,True
305061,B60,1,88,14,18,71,6,6.3256296296296295,5.062024691358024,5.693827160493827,12.67605633802817,False,S,True
305062,B60,1,88,14,18,71,6,6.358162037037037,5.060993827160494,5.709577932098766,12.67605633802817,False,S,True
305064,B12,1,149,30,22,122,7,3.182314814814815,4.138166666666667,3.6602407407407407,7.377049180327869,True,W,True
305064,B60,1,88,15,18,70,6,6.382791666666666,5.06933024691358,5.726060956790123,12.857142857142858,False,S,True
305065,B60,1,88,15,19,70,6,6.294444444444445,5.105555555555555,5.7,12.857142857142858,False,S,True
305066,B60,1,88,15,19,70,6,6.235802469135803,5.019907407407407,5.627854938271605,12.857142857142858,False,S,True
305067,B60,1,88,15,19,70,6,6.1981774691358025,4.965875,5.582026234567902,12.857142857142858,False,S,True
305068,B60,1,88,15,19,70,6,6.161481481481482,4.914712962962963,5.5380972222222224,12.857142857142858,False,S,True
305069,B60,1,88,15,19,70,6,6.12574074074074,4.865100308641975,5.495420524691358,12.857142857142858,False,S,True
305070,B60,1,88,15,18,70,6,6.091888888888889,4.834413580246914,5.463151234567901,12.857142857142858,False,S,True
305071,B60,1,88,14,18,70,6,6.111308641975309,4.876597222222222,5.4939529320987655,12.857142857142858,False,S,True
305072,B60,1,88,14,18,70,6,6.154367283950617,4.910916666666666,5.532641975308642,12.857142857142858,False,S,True
305075,B60,1,88,14,19,70,7,6.319555555555556,4.900222222222222,5.6098888888888885,12.857142857142858,False,S,True
305076,B60,1,88,14,19,70,7,6.390453703703703,4.881950617283951,5.636202160493827,12.857142857142858,False,S,True
305077,B60,1,88,15,19,70,7,6.437310185185185,4.860408950617284,5.648859567901235,12.857142857142858,False,S,True
305078,B60,1,88,15,19,70,7,6.411969135802469,4.841135802469136,5.626552469135802,12.857142857142858,False,S,True
305087,B60,1,88,15,18,69,7,6.260601851851852,4.898047839506173,5.579324845679012,13.043478260869565,False,S,True
305088,B60,1,88,15,19,69,7,6.228922839506173,4.927837962962963,5.578380401234568,13.043478260869565,False,S,True
305089,B60,1,88,15,19,69,7,6.202370370370371,4.915555555555556,5.558962962962963,13.043478260869565,False,S,True
305090,B60,1,88,14,19,69,7,6.228478395061728,4.899930555555556,5.564204475308642,13.043478260869565,False,S,True
305092,B60,1,88,14,19,69,7,6.305361111111111,4.87224537037037,5.588803240740741,13.043478260869565,False,S,True
305095,B61,0,94,17,18,77,6,5.580797839506173,5.367452160493827,5.474125,11.688311688311689,False,N,True
305096,B61,0,94,17,18,77,6,5.573427469135803,5.302688271604938,5.43805787037037,11.688311688311689,False,N,True
305097,B61,0,94,17,18,77,6,5.569925925925926,5.2675833333333335,5.41875462962963,11.688311688311689,False,N,True
305098,B61,0,94,17,17,77,6,5.563444444444444,5.266358024691358,5.4149012345679015,11.688311688311689,False,N,True
305099,B61,0,94,17,17,76,6,5.558356481481481,5.2732422839506174,5.415799382716049,11.842105263157896,False,N,True
305100,B61,0,94,17,17,76,6,5.552177469135803,5.283180555555556,5.417679012345679,11.842105263157896,False,N,True
305103,B61,0,94,16,17,76,6,5.608844135802469,5.328557098765432,5.468700617283951,11.842105263157896,False,N,True
305108,B61,0,94,17,18,76,6,5.766666666666667,5.238888888888889,5.502777777777778,11.842105263157896,False,N,True
305110,B61,0,94,17,18,76,6,5.734024691358025,5.160189814814815,5.447107253086419,11.842105263157896,False,N,True
305110,B63,1,89,11,18,72,5,8.09346450617284,4.830288580246914,6.461876543209877,12.5,False,S,True
305111,B61,0,94,17,18,76,6,5.709229938271605,5.115476851851852,5.412353395061729,11.842105263157896,False,N,True
305111,B63,1,89,11,18,72,5,8.116078703703703,4.8768009259259255,6.496439814814815,12.5,False,S,True
305112,B61,0,94,17,18,76,6,5.683924382716049,5.08266512345679,5.383294753086419,11.842105263157896,False,N,True
305112,B63,1,89,11,19,72,5,8.13333950617284,4.8585061728395065,6.495922839506173,12.5,False,S,True
305125,B69,0,54,13,12,52,0,8.062657407407407,7.599047839506173,7.83085262345679,17.307692307692307,False,N,True
305126,B69,0,54,13,12,52,0,7.96358487654321,7.581151234567901,7.772368055555556,17.307692307692307,False,N,True
305139,B62,0,86,18,12,64,9,5.271546296296296,7.154845679012345,6.213195987654321,14.0625,False,N,True
305140,B62,0,86,18,12,64,9,5.247157407407408,7.201182098765432,6.22416975308642,14.0625,False,N,True
305141,B62,0,86,17,12,64,9,5.271277777777778,7.267432098765432,6.269354938271605,14.0625,False,N,True
305155,B43,0,93,19,17,72,7,5.255783950617284,5.59820987654321,5.426996913580246,12.5,False,N,True
305155,B62,0,86,16,12,64,9,5.7585,7.4373148148148145,6.5979074074074076,14.0625,False,N,True
305156,B43,0,93,19,17,73,7,5.242200617283951,5.5399012345679015,5.391050925925926,12.32876712328767,False,N,True
305156,B62,0,86,16,12,64,9,5.793439814814815,7.444907407407408,6.619173611111111,14.0625,False,N,True
305157,B43,0,93,19,17,73,7,5.233169753086419,5.505685185185185,5.369427469135802,12.32876712328767,False,N,True
305157,B62,0,86,16,12,64,9,5.814296296296296,7.449537037037037,6.631916666666667,14.0625,False,N,True
305159,B43,0,93,19,17,73,7,5.21416512345679,5.442868827160494,5.328516975308642,12.32876712328767,False,N,True
305159,B62,0,86,16,12,64,9,5.854388888888889,7.458796296296296,6.656592592592593,14.0625,False,N,True
305162,B32,0,30,7,6,29,0,13.973909594220512,14.93212962962963,14.474479217052014,31.03448275862069,False,N,True
305162,B62,0,86,15,12,63,9,5.95,7.483333333333333,6.716666666666667,14.285714285714286,False,N,True
305166,B62,1,86,18,14,65,6,5.9208240740740745,6.595,6.257912037037037,13.846153846153847,False,S,True
305167,B43,1,93,19,17,73,6,4.9591820987654325,5.560586419753087,5.25988425925926,12.32876712328767,False,S,True
305167,B62,1,86,18,14,65,6,5.877777777777778,6.588888888888889,6.233333333333333,13.846153846153847,False,S,True
305170,B43,1,93,19,17,73,6,4.923945987654321,5.461055555555556,5.192500771604938,12.32876712328767,False,S,True
305170,B62,1,86,18,14,65,6,5.739387345679012,6.566421296296296,6.152904320987655,13.846153846153847,False,S,True
305171,B43,1,93,18,16,72,7,4.910310185185185,5.422662037037037,5.166486111111111,12.5,False,S,True
305171,B62,1,86,19,13,66,6,5.620998456790123,6.574074074074074,6.097536265432098,13.636363636363637,False,S,True
305172,B43,1,93,18,16,72,7,4.958470679012346,5.44199074074074,5.200230709876544,12.5,False,S,True
305172,B62,1,86,19,14,66,6,5.552180555555555,6.638333333333334,6.095256944444444,13.636363636363637,False,S,True
305173,B43,1,93,19,16,72,7,5.031007716049383,5.474398148148149,5.2527029320987655,12.5,False,S,True
305173,B62,1,86,18,14,66,6,5.518716049382716,6.630277777777778,6.074496913580247,13.636363636363637,False,S,True
305174,B43,1,93,19,16,72,7,5.033333333333333,5.511111111111111,5.272222222222222,12.5,False,S,True
305174,B62,1,86,18,14,66,7,5.544444444444445,6.622222222222222,6.083333333333333,13.636363636363637,False,S,True
305175,B43,1,93,19,16,72,7,5.021790123456791,5.539513888888889,5.28065200617284,12.5,False,S,True
305175,B48,1,64,13,9,48,6,7.759722222222222,10.641660493827162,9.200691358024692,18.75,False,S,True
305175,B62,1,86,18,14,66,7,5.55233950617284,6.613935185185185,6.083137345679012,13.636363636363637,False,S,True
305177,B62,1,86,18,14,66,7,5.567492283950617,6.599570987654321,6.083531635802469,13.636363636363637,False,S,True
305179,B62,1,86,18,14,66,7,5.577149691358025,6.591199074074074,6.084174382716049,13.636363636363637,False,S,True
305181,B62,1,86,18,14,65,7,5.58904475308642,6.582476851851852,6.085760802469136,13.846153846153847,False,S,True
305182,B62,1,86,19,14,65,7,5.58624537037037,6.578134259259259,6.082189814814814,13.846153846153847,False,S,True
305183,B62,1,86,19,13,65,7,5.548104938271605,6.650092592592592,6.099098765432099,13.846153846153847,False,S,True
305185,B62,1,86,19,13,65,7,5.487708333333333,6.771296296296296,6.129502314814815,13.846153846153847,False,S,True
305186,B62,1,86,19,14,65,7,5.461111111111111,6.822222222222222,6.141666666666667,13.846153846153847,False,S,True
305191,B62,1,86,19,14,65,7,5.109621913580247,6.671851851851852,5.89073688271605,13.846153846153847,False,S,True
305191,B67,1,50,12,13,48,0,9.522337962962963,6.614259259259259,8.06829861111111,18.75,False,S,True
305192,B62,1,86,18,13,65,7,5.060347222222222,6.665925925925927,5.863136574074074,13.846153846153847,False,S,True
305211,B57,1,65,13,11,52,1,7.280185185185186,8.965805555555557,8.12299537037037,17.307692307692307,False,W,True
305211,B67,1,63,12,14,51,4,8.416913580246915,6.616265432098766,7.516589506172839,17.647058823529413,False,S,True
305215,B57,1,65,12,11,53,1,7.292470679012346,8.750833333333333,8.02165200617284,16.9811320754717,False,W,True
305216,B61,1,99,18,18,80,6,5.095996913580247,5.030555555555555,5.063276234567902,11.25,False,S,True
305216,B63,0,86,14,18,69,6,7.174652777777778,5.08508024691358,6.1298665123456795,13.043478260869565,False,N,True
305217,B61,1,99,18,18,80,6,5.107314814814814,5.022037037037037,5.0646759259259255,11.25,False,S,True
305217,B63,0,86,14,18,69,6,7.2157175925925925,5.073379629629629,6.1445486111111105,13.043478260869565,False,N,True
305224,B61,1,99,19,18,81,6,5.108327160493827,5.036018518518518,5.072172839506172,11.11111111111111,False,S,True
305226,B61,1,99,19,18,81,6,5.062753086419753,5.029814814814815,5.046283950617283,11.11111111111111,False,S,True
305228,B61,1,99,18,18,80,7,5.014212962962962,5.019537037037037,5.016875,11.25,False,S,True
305229,B61,1,99,18,18,80,7,5.041070987654321,5.0125,5.026785493827161,11.25,False,S,True
305230,B61,1,99,18,18,80,7,5.058533950617284,5.007499999999999,5.033016975308642,11.25,False,S,True
305231,B61,1,99,18,18,80,7,5.075641975308642,5.002314814814815,5.038978395061728,11.25,False,S,True
305232,B61,1,99,18,18,80,7,5.09120987654321,5.0,5.045604938271605,11.25,False,S,True
305233,B61,1,99,18,18,80,7,5.102708333333334,5.0,5.051354166666667,11.25,False,S,True
305234,B61,1,99,18,18,80,7,5.112847222222222,5.0,5.056423611111112,11.25,False,S,True
305263,B43,0,93,19,17,73,7,5.294444444444445,5.522222222222222,5.408333333333333,12.32876712328767,False,N,True
305264,B43,0,93,19,17,73,7,5.266547839506173,5.484055555555556,5.375301697530864,12.32876712328767,False,N,True
305265,B43,0,93,19,17,73,7,5.23737037037037,5.445703703703703,5.341537037037037,12.32876712328767,False,N,True
305271,B43,0,93,19,16,73,7,5.080307098765432,5.529611111111111,5.304959104938272,12.32876712328767,False,N,True
305272,B43,0,93,18,16,72,7,5.110069444444445,5.54375,5.326909722222222,12.5,False,N,True
305284,B43,0,93,19,16,73,7,5.168162037037037,5.474703703703704,5.32143287037037,12.32876712328767,False,N,True
305286,B43,0,93,19,16,73,7,5.122222222222222,5.555555555555555,5.338888888888889,12.32876712328767,False,N,True
305287,B43,1,93,19,16,73,6,4.983333333333333,5.522222222222222,5.252777777777778,12.32876712328767,False,S,True
305299,B43,1,93,19,17,72,7,4.996824074074074,5.593805555555556,5.295314814814815,12.5,False,S,True
305300,B43,1,93,19,17,72,7,4.984668209876544,5.548046296296296,5.26635725308642,12.5,False,S,True
305301,B43,1,93,19,17,72,7,4.977222222222222,5.518063271604938,5.247642746913581,12.5,False,S,True
305304,B43,1,93,19,16,72,7,4.957777777777777,5.476483024691358,5.217130401234568,12.5,False,S,True
305305,B43,1,93,19,16,72,7,4.953537037037037,5.500814814814815,5.227175925925925,12.5,False,S,True
305306,B43,1,93,18,16,72,7,4.95,5.527777777777778,5.238888888888889,12.5,False,S,True
305308,B43,1,93,18,16,71,7,5.051759259259259,5.577208333333333,5.3144837962962965,12.67605633802817,False,S,True
305310,B43,1,93,18,16,71,7,5.1340972222222225,5.6203765432098765,5.3772368827160495,12.67605633802817,False,S,True
305311,B43,1,93,18,17,71,7,5.2188086419753095,5.5733703703703705,5.39608950617284,12.67605633802817,False,S,True
305312,B43,1,93,18,17,71,7,5.305555555555555,5.516666666666667,5.411111111111111,12.67605633802817,False,S,True
305334,B63,0,86,15,14,70,6,6.75532561728395,6.911481481481482,6.833403549382717,12.857142857142858,False,N,True
305335,B63,0,86,15,14,70,6,6.701358024691358,6.897407407407408,6.799382716049383,12.857142857142858,False,N,True
305338,B63,0,86,15,14,70,6,6.56633487654321,6.855740740740741,6.711037808641976,12.857142857142858,False,N,True
305341,B63,0,86,15,15,70,6,6.594444444444445,6.816666666666666,6.705555555555555,12.857142857142858,False,N,True
305344,B63,0,86,15,15,70,6,6.601881172839507,6.599777777777778,6.600829475308642,12.857142857142858,False,N,True
305346,B63,0,86,16,15,71,6,6.558791666666666,6.423154320987654,6.49097299382716,12.67605633802817,False,N,True
305348,B63,0,86,16,15,71,5,6.422222222222222,6.25,6.336111111111111,12.67605633802817,False,N,True
305349,B63,0,86,15,15,71,5,6.368972222222222,6.24349074074074,6.306231481481481,12.67605633802817,False,N,True
305350,B63,0,86,15,15,71,5,6.401106481481481,6.239543209876543,6.320324845679012,12.67605633802817,False,N,True
305353,B63,0,86,16,15,70,5,6.404166666666667,6.233333333333333,6.31875,12.857142857142858,False,N,True
305357,B63,0,86,16,16,70,5,6.281499999999999,6.102712962962963,6.192106481481482,12.857142857142858,False,N,True
305358,B63,0,86,16,16,70,5,6.2444444444444445,6.033333333333333,6.138888888888888,12.857142857142858,False,N,True
305361,B63,0,86,15,16,70,5,6.293472222222222,5.829125,6.061298611111111,12.857142857142858,False,N,True
305362,B63,0,86,15,17,70,5,6.387203703703704,5.7066790123456785,6.046941358024692,12.857142857142858,False,N,True
305363,B63,0,86,16,16,70,5,6.372222222222222,5.672222222222222,6.022222222222222,12.857142857142858,False,N,True
305364,B63,0,86,16,16,70,5,6.344083333333333,5.66949074074074,6.0067870370370375,12.857142857142858,False,N,True
305365,B63,0,86,16,16,70,5,6.310023148148148,5.670425925925926,5.990224537037037,12.857142857142858,False,N,True
305367,B63,0,86,16,16,70,5,6.255657407407408,5.675163580246914,5.965410493827161,12.857142857142858,False,N,True
305369,B63,0,86,16,16,70,5,6.197800925925926,5.684783950617284,5.941292438271605,12.857142857142858,False,N,True
305370,B63,0,86,16,17,69,5,6.1688070987654315,5.684777777777778,5.926792438271605,13.043478260869565,False,N,True
305373,B63,0,86,15,17,70,5,6.15595524691358,5.569046296296296,5.862500771604939,12.857142857142858,False,N,True
305377,B63,0,86,15,17,70,6,6.336111111111111,5.430543209876544,5.883327160493827,12.857142857142858,False,N,True
305380,B63,0,86,15,17,70,6,6.485163580246914,5.406287037037036,5.945725308641975,12.857142857142858,False,N,True
305392,B63,0,86,15,17,69,6,7.052918209876543,5.168435185185185,6.110676697530864,13.043478260869565,False,N,True
305393,B63,0,86,15,17,69,6,7.023057098765432,5.19966975308642,6.111363425925926,13.043478260869565,False,N,True
305394,B63,0,86,15,18,69,6,6.989313271604939,5.167858024691358,6.078585648148148,13.043478260869565,False,N,True
305395,B63,0,86,14,18,69,6,7.008756172839506,5.140375000000001,6.074565586419753,13.043478260869565,False,N,True
305396,B61,1,99,18,18,80,6,5.062848765432099,5.053888888888889,5.058368827160494,11.25,False,S,True
305396,B63,0,86,14,18,69,6,7.058802469135802,5.122569444444445,6.090685956790123,13.043478260869565,False,N,True
305397,B61,1,99,18,18,80,6,5.077604938271605,5.044074074074074,5.060839506172839,11.25,False,S,True
305397,B63,0,86,14,18,69,6,7.1080000000000005,5.106333333333334,6.107166666666667,13.043478260869565,False,N,True
305407,B63,1,89,11,19,72,6,8.160956790123457,4.826302469135802,6.49362962962963,12.5,False,S,True
305407,B65,0,74,13,13,60,2,7.155555555555555,6.9,7.027777777777778,15.0,False,E,True
305408,B63,1,89,11,19,72,6,8.174912037037037,4.811516975308643,6.493214506172839,12.5,False,S,True
305408,B65,0,74,13,13,60,2,7.134166666666667,6.902558641975308,7.018362654320987,15.0,False,E,True
305409,B63,1,89,11,19,72,6,8.187726851851853,4.800625,6.494175925925926,12.5,False,S,True
305409,B65,0,74,13,13,60,2,7.111944444444444,6.910762345679013,7.011353395061729,15.0,False,E,True
305410,B63,1,89,11,20,72,6,8.197993827160493,4.787191358024691,6.492592592592592,12.5,False,S,True
305410,B65,0,74,13,13,60,2,7.090833333333333,6.922685185185185,7.006759259259259,15.0,False,E,True
305411,B63,1,89,11,20,72,6,8.204185185185185,4.734175925925926,6.469180555555555,12.5,False,S,True
305411,B65,0,74,13,13,60,2,7.074444444444444,6.935717592592593,7.005081018518519,15.0,False,E,True
305412,B37,0,51,9,10,42,1,10.0882237654321,9.598197530864196,9.84321064814815,21.428571428571427,False,N,True
305412,B63,1,89,11,20,72,6,8.211111111111112,4.661111111111111,6.436111111111112,12.5,False,S,True
305413,B63,1,89,10,19,72,6,8.219927469135802,4.6624135802469135,6.441170524691358,12.5,False,S,True
305423,B63,1,89,11,20,72,6,8.527777777777779,4.561111111111112,6.544444444444445,12.5,False,S,True
305426,B63,1,89,11,20,72,6,8.4430262345679,4.534200617283951,6.488613425925926,12.5,False,S,True
305427,B63,1,89,11,20,72,6,8.413541666666667,4.527777777777778,6.470659722222222,12.5,False,S,True
305428,B63,1,89,10,20,72,6,8.386703703703704,4.520611111111111,6.453657407407407,12.5,False,S,True
305431,B63,1,89,10,20,72,6,8.522708333333334,4.558108024691358,6.540408179012346,12.5,False,S,True
305432,B63,1,89,10,20,72,6,8.576257716049383,4.546762345679013,6.561510030864198,12.5,False,S,True
305434,B63,1,89,10,20,72,6,8.67784413580247,4.531574074074074,6.604709104938271,12.5,False,S,True
305438,B63,1,89,10,21,71,6,8.894444444444444,4.477777777777778,6.686111111111112,12.67605633802817,False,S,True
305439,B63,1,89,10,20,71,6,8.996125000000001,4.46066975308642,6.72839737654321,12.67605633802817,False,S,True
305442,B63,1,89,11,20,71,6,8.93595987654321,4.510007716049383,6.722983796296296,12.67605633802817,False,S,True
305443,B63,1,89,10,20,71,6,8.883333333333333,4.522222222222222,6.702777777777778,12.67605633802817,False,S,True
305445,B63,1,89,10,21,71,6,8.925291666666668,4.526472222222222,6.725881944444444,12.67605633802817,False,S,True
305446,B63,1,89,10,21,71,7,8.96425,4.434935185185185,6.699592592592593,12.67605633802817,False,S,True
305447,B63,1,89,10,20,71,7,8.986547839506171,4.439777777777778,6.713162808641976,12.67605633802817,False,S,True
305449,B63,1,89,10,21,71,7,9.033777777777777,4.460192901234568,6.746985339506172,12.67605633802817,False,S,True
305451,B63,1,89,10,21,71,7,9.076148148148148,4.3990632716049385,6.737605709876544,12.67605633802817,False,S,True
305452,B63,1,89,10,21,71,7,9.092472222222222,4.377197530864198,6.73483487654321,12.67605633802817,False,S,True
305453,B63,1,89,10,20,71,7,9.11111111111111,4.394444444444445,6.752777777777778,12.67605633802817,False,S,True
305455,B63,1,89,9,21,71,7,9.20283950617284,4.47,6.836419753086419,12.67605633802817,False,S,True
305458,B63,1,89,10,21,71,7,9.403310185185184,4.387407407407408,6.895358796296296,12.67605633802817,False,S,True
305460,B1,0,118,21,18,91,7,4.496862654320988,4.89729938271605,4.697081018518518,9.89010989010989,True,W,True
305460,B63,1,89,10,21,71,7,9.433333333333334,4.388888888888888,6.911111111111111,12.67605633802817,False,S,True
305477,B64,0,68,13,12,57,2,7.384574074074075,7.597222222222222,7.4908981481481485,15.789473684210526,False,N,True
305479,B64,0,68,13,12,57,2,7.374851851851853,7.570555555555556,7.472703703703703,15.789473684210526,False,N,True
305480,B64,0,68,13,12,57,2,7.368617283950617,7.553333333333333,7.4609753086419754,15.789473684210526,False,N,True
305481,B64,0,68,13,11,57,2,7.362061728395061,7.58,7.471030864197531,15.789473684210526,False,N,True
305483,B64,0,68,14,11,56,2,7.288066358024691,7.689492283950617,7.488779320987654,16.071428571428573,False,N,True
305484,B64,0,68,14,12,56,3,7.207975308641975,7.725222222222222,7.466598765432098,16.071428571428573,False,N,True
305487,B64,0,68,14,12,56,3,7.041569444444445,7.668981481481482,7.355275462962963,16.071428571428573,False,N,True
305490,B64,0,68,14,12,56,3,6.873819444444445,7.622708333333334,7.248263888888888,16.071428571428573,False,N,True
305493,B64,0,68,13,12,56,3,6.916666666666667,7.583333333333333,7.25,16.071428571428573,False,N,True
305496,B64,0,68,14,12,56,3,6.962685185185185,7.548552469135802,7.255618827160494,16.071428571428573,False,N,True
305500,B64,0,68,14,13,57,3,6.92458487654321,7.438006172839506,7.181295524691358,15.789473684210526,False,N,True
305500,X28,0,36,17,2,33,0,7.625844135802469,25.303086218158064,12.900421728491304,27.272727272727273,False,N,True
305500,X38,0,15,12,0,15,0,4.889668065418549,,4.889668065418549,60.0,False,N,True
305503,B1,0,118,21,18,92,7,4.382783950617283,4.971692901234568,4.677238425925926,9.782608695652174,True,W,True
305503,X28,0,36,18,2,33,0,7.355302469135803,25.046019822091477,12.766326563403817,27.272727272727273,False,N,True
305503,X38,0,15,12,0,15,0,4.833697455035505,,4.833697455035505,60.0,False,N,True
305504,B1,0,118,20,19,92,7,4.373390432098765,4.984351851851852,4.678871141975309,9.782608695652174,True,W,True
305505,B1,0,118,20,19,91,7,4.4216342592592595,4.912299382716049,4.666966820987654,9.89010989010989,True,W,True
305505,X28,0,36,18,2,33,0,7.122222222222222,24.944444444444446,12.653256704980842,27.272727272727273,False,N,True
305505,X38,0,15,12,0,15,0,4.8545454545454545,,4.8545454545454545,60.0,False,N,True
305511,B1,1,113,24,20,94,7,3.814177469135802,4.658333333333333,4.236255401234568,9.574468085106384,True,E,True
305512,B1,1,113,24,20,94,7,3.8311296296296296,4.636574074074074,4.233851851851852,9.574468085106384,True,E,True
305512,X28,1,36,0,17,31,1,,6.327180555555556,6.327180555555556,29.032258064516128,False,S,True
305512,X38,1,14,0,11,14,0,,8.006100842302294,8.006100842302294,64.28571428571429,False,S,True
305513,B1,1,113,24,20,94,7,3.8524845679012345,4.60787037037037,4.2301774691358025,9.574468085106384,True,E,True
305513,X28,1,36,0,17,31,1,,6.307046296296296,6.307046296296296,29.032258064516128,False,S,True
305513,X38,1,14,0,11,14,0,,8.014544707815068,8.014544707815068,64.28571428571429,False,S,True
305514,B1,1,113,24,19,93,7,3.8814043209876545,4.579166666666667,4.23028549382716,9.67741935483871,True,E,True
305515,B1,1,113,24,19,94,7,3.8989444444444445,4.607407407407408,4.253175925925926,9.574468085106384,True,E,True
305515,X28,1,36,0,17,31,1,,6.254234567901235,6.254234567901235,29.032258064516128,False,S,True
305515,X38,1,14,0,11,14,0,,8.02797421948912,8.02797421948912,64.28571428571429,False,S,True
305519,B64,1,68,12,12,55,3,8.024268518518518,7.371370370370371,7.697819444444445,16.363636363636363,False,S,True
305522,B64,1,68,12,12,55,4,8.019135802469135,7.401851851851851,7.7104938271604935,16.363636363636363,False,S,True
305525,B64,1,68,13,12,55,4,7.927777777777778,7.444444444444445,7.686111111111112,16.363636363636363,False,S,True
305528,B64,1,68,12,12,55,4,7.728734567901234,7.495308641975309,7.612021604938272,16.363636363636363,False,S,True
305531,B64,1,68,12,12,54,4,7.761547839506173,7.417195987654321,7.589371913580247,16.666666666666668,False,S,True
305532,B64,1,68,12,12,55,4,7.77924537037037,7.418597222222222,7.598921296296297,16.363636363636363,False,S,True
305537,B64,1,68,12,12,55,4,7.853711419753086,7.441481481481481,7.647596450617284,16.363636363636363,False,S,True
305538,B64,1,68,12,12,55,4,7.866421296296296,7.448148148148149,7.657284722222221,16.363636363636363,False,S,True
305539,B64,1,68,12,12,55,4,7.879083333333333,7.45462962962963,7.666856481481482,16.363636363636363,False,S,True
305544,B64,1,68,12,12,55,4,8.044444444444444,7.322222222222222,7.683333333333334,16.363636363636363,False,S,True
305544,B82,1,104,18,16,81,6,5.394444444444445,5.794444444444445,5.594444444444445,11.11111111111111,False,W,True
305554,B57,0,65,12,13,54,3,7.5352145061728395,7.1219274691358025,7.328570987654321,16.666666666666668,False,E,True
305561,B65,0,74,13,14,60,2,7.0055555555555555,6.855555555555555,6.930555555555555,15.0,False,E,True
305582,B45,0,78,12,17,66,4,7.490740740740741,5.412546296296297,6.451643518518519,13.636363636363637,False,E,True
305582,B65,0,74,12,14,59,3,7.869219135802469,6.714145061728394,7.291682098765432,15.254237288135593,False,E,True
305597,B65,1,76,13,13,62,2,7.054021604938272,7.041010802469136,7.047516203703704,14.516129032258064,False,W,True
305598,B65,1,76,13,13,62,2,7.059603395061728,7.02055401234568,7.040078703703704,14.516129032258064,False,W,True
305600,B65,1,76,13,13,62,2,7.066666666666666,6.988888888888889,7.027777777777778,14.516129032258064,False,W,True
305606,B65,1,76,13,13,61,3,6.998611111111112,6.964930555555555,6.981770833333333,14.754098360655737,False,W,True
305608,B65,1,76,13,13,61,3,7.033333333333333,6.938888888888888,6.986111111111112,14.754098360655737,False,W,True
305610,B65,1,76,13,13,61,3,7.033140432098765,6.939689814814814,6.986415123456791,14.754098360655737,False,W,True
305612,B65,1,76,13,13,61,3,7.025362654320988,6.9592577160493825,6.992310185185185,14.754098360655737,False,W,True
305613,B65,1,76,12,13,62,3,7.076328703703704,6.974496913580247,7.025412808641975,14.516129032258064,False,W,True
305616,B57,1,65,12,11,53,1,7.4007654320987655,8.654449074074074,8.027607253086419,16.9811320754717,False,W,True
305617,B57,1,65,12,11,53,1,7.439890432098766,8.625266975308643,8.032578703703704,16.9811320754717,False,W,True
305624,B67,0,71,14,13,57,2,9.113901234567901,8.652061728395061,8.882981481481481,15.789473684210526,False,N,True
305624,B69,0,54,11,11,52,0,10.280470679012346,9.16388888888889,9.722179783950617,17.307692307692307,False,N,True
305626,B67,0,69,11,13,55,2,9.16693827160494,8.267158950617283,8.717048611111112,16.363636363636363,False,N,True
305626,B69,0,54,12,11,52,0,10.151899691358024,9.117222222222221,9.634560956790123,17.307692307692307,False,N,True
305627,B67,0,69,11,12,55,2,9.179739197530864,8.191962962962963,8.685851080246914,16.363636363636363,False,N,True
305627,B69,0,54,12,11,52,0,10.062300925925927,9.0975,9.579900462962962,17.307692307692307,False,N,True
305628,B67,0,69,11,12,55,2,9.18758024691358,8.222391975308643,8.704986111111111,16.363636363636363,False,N,True
305628,B69,0,54,12,11,52,0,10.000260802469136,9.084166666666667,9.5422137345679,17.307692307692307,False,N,True
305629,B67,0,69,11,12,56,2,9.197000000000001,8.255666666666666,8.726333333333335,16.071428571428573,False,N,True
305629,B69,0,54,12,12,52,0,9.937388888888888,9.062777777777777,9.500083333333333,17.307692307692307,False,N,True
305630,B67,0,69,11,12,55,2,9.205555555555556,8.294444444444444,8.75,16.363636363636363,False,N,True
305630,B69,0,54,12,12,52,0,9.866666666666667,8.977777777777778,9.422222222222222,17.307692307692307,False,N,True
305632,B67,0,69,12,13,55,2,9.205067901234568,8.362277777777779,8.783672839506174,16.363636363636363,False,N,True
305632,B69,0,54,12,12,52,0,9.61416049382716,8.583635802469136,9.098898148148148,17.307692307692307,False,N,True
305633,B67,0,69,12,13,55,3,9.17212962962963,8.30575,8.738939814814815,16.363636363636363,False,N,True
305633,B69,0,54,12,12,52,0,9.47937037037037,8.399222222222223,8.939296296296297,17.307692307692307,False,N,True
305634,B67,0,69,12,13,55,3,9.122222222222224,8.261111111111111,8.691666666666666,16.363636363636363,False,N,True
305634,B69,0,54,12,12,52,0,9.305555555555555,8.183333333333334,8.744444444444444,17.307692307692307,False,N,True
305635,B67,0,69,12,13,55,3,9.098837962962962,8.24611111111111,8.672474537037036,16.363636363636363,False,N,True
305635,B69,0,54,12,12,52,0,9.225526234567901,8.122469135802469,8.673997685185185,17.307692307692307,False,N,True
305636,B67,0,69,12,13,55,3,9.040893518518518,8.212222222222222,8.62655787037037,16.363636363636363,False,N,True
305636,B69,0,54,13,12,52,0,9.02383024691358,7.989510802469136,8.506670524691357,17.307692307692307,False,N,True
305670,B67,1,63,12,14,52,4,7.856490740740741,6.610402777777778,7.23344675925926,17.307692307692307,False,S,True
305670,B69,1,50,14,12,48,0,7.575974731483206,7.7610061728395054,7.668756770978425,18.75,False,S,True
305671,B69,1,50,14,12,48,0,7.506468836716241,7.733907407407407,7.6207648938315256,18.75,False,S,True
305672,B67,1,63,12,14,52,4,7.872470679012346,6.617878086419753,7.245174382716049,17.307692307692307,False,S,True
305672,B69,1,50,13,12,47,0,7.400625196355639,7.721185185185186,7.562327572785303,19.148936170212767,False,S,True
305673,B67,1,63,12,14,52,4,7.877777777777778,6.627777777777778,7.252777777777778,17.307692307692307,False,S,True
305673,B69,1,50,13,12,47,0,7.420454545454546,7.716666666666667,7.570224719101123,19.148936170212767,False,S,True
305674,B67,1,63,12,14,52,4,7.904373456790124,6.661148148148148,7.282760802469136,17.307692307692307,False,S,True
305674,B69,1,50,13,12,47,0,7.488166698528006,7.707351851851852,7.599501458000188,19.148936170212767,False,S,True
305675,B67,1,63,12,14,52,4,7.923416666666666,6.687743827160493,7.30558024691358,17.307692307692307,False,S,True
305675,B69,1,50,13,12,47,0,7.531386157701947,7.712095679012346,7.623558767041341,19.148936170212767,False,S,True
305676,B67,1,63,12,14,52,4,7.938425925925926,6.6596111111111105,7.299018518518519,17.307692307692307,False,S,True
305676,B69,1,50,13,12,47,0,7.558560134784863,7.727481481481481,7.645071446636318,19.148936170212767,False,S,True
305677,B67,1,63,12,14,52,4,7.95,6.644444444444445,7.297222222222222,17.307692307692307,False,S,True
305677,B69,1,50,13,12,47,0,7.570588235294118,7.7555555555555555,7.6657142857142855,19.148936170212767,False,S,True
305678,B67,1,63,12,14,52,4,7.962583333333333,6.645194444444444,7.303888888888889,17.307692307692307,False,S,True
305678,B69,1,50,13,12,47,0,7.558735157121302,7.767972222222222,7.666537862163279,19.148936170212767,False,S,True
305679,B67,1,63,12,14,52,4,7.974458333333333,6.646888888888889,7.3106736111111115,17.307692307692307,False,S,True
305679,B69,1,50,13,12,47,0,7.544971023082749,7.781333333333333,7.666976134716181,19.148936170212767,False,S,True
305680,B67,1,63,11,14,52,4,8.017470679012346,6.649266975308643,7.333368827160494,17.307692307692307,False,S,True
305680,B69,1,50,13,11,47,0,7.527325466084887,7.813896604938271,7.6755235267828645,19.148936170212767,False,S,True
305681,B67,1,63,11,15,52,4,8.133038580246913,6.625160493827161,7.379099537037037,17.307692307692307,False,S,True
305681,B69,1,50,13,11,47,0,7.503477964863339,7.892938271604938,7.70533866039577,19.148936170212767,False,S,True
305682,B67,1,63,12,15,52,4,8.18875925925926,6.582222222222223,7.385490740740741,17.307692307692307,False,S,True
305682,B69,1,50,13,11,47,0,7.473559650176914,7.980555555555555,7.736984829532698,19.148936170212767,False,S,True
305687,B68,0,111,15,21,91,7,5.850833333333333,4.288763888888889,5.0697986111111115,9.89010989010989,True,N,True
305688,B68,0,111,15,21,91,7,5.879166666666666,4.287763888888889,5.083465277777778,9.89010989010989,True,N,True
305694,B68,0,111,15,21,90,7,5.841851851851852,4.247087962962963,5.044469907407407,10.0,True,N,True
305695,B68,0,111,15,21,90,7,5.862222222222223,4.247404320987654,5.054813271604939,10.0,True,N,True
305698,B68,0,111,15,22,90,7,5.9585185185185185,4.254675925925926,5.106597222222222,10.0,True,N,True
305699,B68,0,111,15,22,90,7,5.985555555555555,4.215487654320987,5.100521604938272,10.0,True,N,True
305700,B68,0,111,15,21,90,7,6.018518518518518,4.174537037037037,5.096527777777778,10.0,True,N,True
305701,B68,0,111,14,21,90,7,6.0425,4.192172839506173,5.117336419753086,10.0,True,N,True
305702,B68,0,111,15,21,90,7,6.111111111111112,4.211111111111111,5.161111111111111,10.0,True,N,True
305703,B68,0,111,15,21,90,7,6.102777777777778,4.250279320987654,5.176528549382716,10.0,True,N,True
305704,B68,0,111,15,22,90,7,6.095185185185185,4.2223395061728395,5.158762345679012,10.0,True,N,True
305705,B68,0,111,15,22,89,7,6.088055555555556,4.188487654320988,5.1382716049382715,10.112359550561798,False,N,True
305706,B68,0,111,15,21,89,7,6.083333333333333,4.166666666666667,5.125,10.112359550561798,False,N,True
305707,B68,0,111,15,21,90,7,6.080543209876543,4.2035941358024695,5.142068672839506,10.0,True,N,True
305708,B68,0,111,15,22,90,7,6.07420524691358,4.215075617283951,5.1446404320987655,10.0,True,N,True
305709,B68,0,111,14,22,90,7,6.101703703703704,4.187753086419753,5.144728395061729,10.0,True,N,True
305710,B68,0,111,14,22,90,7,6.147302469135803,4.172124999999999,5.159713734567902,10.0,True,N,True
305711,B68,0,111,14,22,90,7,6.230938271604939,4.144666666666667,5.187802469135803,10.0,True,N,True
305712,B68,0,111,14,21,90,7,6.292103395061728,4.157728395061729,5.224915895061728,10.0,True,N,True
305713,B68,0,111,14,22,90,8,6.35,4.2,5.275,10.0,True,N,True
305715,B68,0,111,14,22,90,8,6.498703703703703,4.153515432098765,5.326109567901235,10.0,True,N,True
305716,B68,0,111,13,22,90,8,6.594050925925926,4.137260802469136,5.365655864197531,10.0,True,N,True
305718,B68,0,111,13,22,89,8,6.834518518518519,4.119489197530864,5.477003858024691,10.112359550561798,False,N,True
305719,B68,0,111,14,22,89,7,6.921927469135803,4.108691358024691,5.515309413580247,10.112359550561798,False,N,True
305720,B68,0,111,14,22,89,7,6.921111111111111,4.10320987654321,5.512160493827161,10.112359550561798,False,N,True
305721,B68,0,111,14,22,89,7,6.923736111111111,4.0997206790123455,5.511728395061728,10.112359550561798,False,N,True
305723,B68,0,111,14,22,89,7,6.925260802469136,4.102154320987655,5.5137075617283955,10.112359550561798,False,N,True
305724,B68,0,111,14,22,89,7,6.927777777777778,4.105555555555556,5.516666666666667,10.112359550561798,False,N,True
305725,B68,0,111,14,22,89,7,6.908262345679012,4.109842592592593,5.509052469135802,10.112359550561798,False,N,True
305727,B68,0,111,14,23,89,7,6.870648148148148,4.028833333333333,5.44974074074074,10.112359550561798,False,N,True
305728,B68,0,111,13,22,89,7,6.903625,4.02691512345679,5.465270061728395,10.112359550561798,False,N,True
305729,B68,0,111,13,22,89,7,6.9454320987654325,4.034932098765433,5.490182098765432,10.112359550561798,False,N,True
305730,B68,0,111,13,22,88,7,7.012307098765432,4.049111111111111,5.530709104938271,10.227272727272727,False,N,True
305731,B68,0,111,13,22,88,7,7.069521604938272,4.062268518518518,5.565895061728395,10.227272727272727,False,N,True
305733,B68,1,111,19,18,92,7,4.877777777777778,4.944444444444445,4.911111111111111,9.782608695652174,True,S,True
305734,B68,1,111,19,18,92,7,4.8628024691358025,4.963145061728396,4.912973765432099,9.782608695652174,True,S,True
305735,B68,1,111,19,19,92,7,4.847043209876543,4.960876543209877,4.90395987654321,9.782608695652174,True,S,True
305736,B68,1,111,19,19,92,7,4.828686728395061,4.924246913580247,4.8764668209876545,9.782608695652174,True,S,True
305738,B68,1,111,19,19,92,7,4.812432098765432,4.898358024691358,4.855395061728395,9.782608695652174,True,S,True
305739,B68,1,111,19,19,92,7,4.804561728395061,4.886631172839506,4.8455964506172835,9.782608695652174,True,S,True
305740,B68,1,111,18,19,91,7,4.848635802469135,4.8695509259259255,4.859093364197531,9.89010989010989,True,S,True
305741,B68,1,111,18,19,91,7,4.880672839506173,4.863455246913579,4.8720640432098765,9.89010989010989,True,S,True
305742,B68,1,111,18,20,91,7,4.916666666666667,4.816666666666666,4.866666666666666,9.89010989010989,True,S,True
305743,B68,1,111,18,20,91,7,4.974149691358025,4.735356481481481,4.854753086419753,9.89010989010989,True,S,True
305744,B68,1,111,19,20,91,7,4.975969135802469,4.663015432098765,4.819492283950618,9.89010989010989,True,S,True
305745,B68,1,111,19,19,92,7,4.945179012345679,4.6760570987654315,4.8106180555555556,9.782608695652174,True,S,True
305746,B68,1,111,18,19,92,7,4.965791666666666,4.707541666666667,4.836666666666667,9.782608695652174,True,S,True
305749,B68,1,111,18,20,92,7,5.016685185185185,4.655464506172839,4.836074845679012,9.782608695652174,True,S,True
305750,B68,1,111,18,20,92,7,5.042429012345679,4.626691358024691,4.834560185185185,9.782608695652174,True,S,True
305752,B68,1,111,18,21,92,7,5.077777777777778,4.594444444444445,4.836111111111111,9.782608695652174,True,S,True
305753,B68,1,111,18,21,92,7,5.085154320987654,4.516958333333333,4.801056327160494,9.782608695652174,True,S,True
305754,B68,1,111,18,21,92,7,5.089925925925926,4.444816358024692,4.767371141975309,9.782608695652174,True,S,True
305755,B68,1,111,18,20,92,6,5.0930941358024695,4.428746913580246,4.760920524691358,9.782608695652174,True,S,True
305756,B68,1,111,18,20,92,6,5.0949891975308645,4.449648148148148,4.772318672839506,9.782608695652174,True,S,True
305757,B68,1,111,18,20,93,6,5.094765432098765,4.47825462962963,4.786510030864197,9.67741935483871,True,S,True
305758,B68,1,111,17,21,93,6,5.162254629629629,4.4835061728395065,4.822880401234568,9.67741935483871,True,S,True
305760,B68,1,111,17,21,92,6,5.286290123456791,4.412617283950618,4.849453703703704,9.782608695652174,True,S,True
305761,B68,1,111,18,21,92,6,5.304234567901235,4.381580246913581,4.842907407407408,9.782608695652174,True,S,True
305763,B68,1,111,17,20,92,6,5.2444444444444445,4.327777777777778,4.786111111111111,9.782608695652174,True,S,True
305764,B68,1,111,17,20,92,6,5.275410493827161,4.384438271604938,4.829924382716049,9.782608695652174,True,S,True
305765,B68,1,111,17,21,92,6,5.302811728395062,4.384552469135802,4.843682098765432,9.782608695652174,True,S,True
305766,B68,1,111,17,21,92,6,5.325925925925926,4.367694444444444,4.846810185185186,9.782608695652174,True,S,True
305767,B68,1,111,17,21,92,6,5.348625,4.353512345679012,4.851068672839506,9.782608695652174,True,S,True
305768,B68,1,111,17,21,92,6,5.368888888888889,4.340432098765432,4.8546604938271605,9.782608695652174,True,S,True
305770,B68,1,111,17,21,93,6,5.411277777777778,4.31554012345679,4.863408950617284,9.67741935483871,True,S,True
305771,B68,1,111,16,21,93,7,5.466546296296297,4.316577160493827,4.891561728395062,9.67741935483871,True,S,True
305775,B1,1,120,27,20,98,7,4.101104938271605,4.544907407407408,4.323006172839507,9.183673469387756,True,E,True
305775,B68,0,111,16,21,91,7,5.929777777777778,4.286388888888889,5.108083333333334,9.89010989010989,True,N,True
305792,B61,0,94,17,16,77,6,5.363185185185185,5.834944444444445,5.599064814814814,11.688311688311689,False,N,True
305793,B61,0,94,17,16,76,6,5.3798765432098765,5.817932098765431,5.598904320987654,11.842105263157896,False,N,True
305794,B61,0,94,17,16,76,6,5.392895061728395,5.807364197530864,5.60012962962963,11.842105263157896,False,N,True
305803,B69,0,54,12,12,53,0,8.554552469135803,7.723754629629629,8.139153549382716,16.9811320754717,False,N,True
305804,B69,0,54,12,12,53,0,8.538175925925925,7.724972222222222,8.131574074074074,16.9811320754717,False,N,True
305805,B69,0,54,12,12,52,0,8.523038580246913,7.731629629629629,8.127334104938273,17.307692307692307,False,N,True
305806,B69,0,54,12,12,52,0,8.510638888888888,7.740447530864198,8.125543209876543,17.307692307692307,False,N,True
305807,B69,0,54,13,12,52,0,8.488888888888889,7.8,8.144444444444444,17.307692307692307,False,N,True
305808,B69,0,54,13,12,52,0,8.38582561728395,7.737425925925925,8.06162577160494,17.307692307692307,False,N,True
305809,B69,0,54,13,12,52,0,8.316396604938271,7.698581790123456,8.007489197530864,17.307692307692307,False,N,True
305810,B69,0,54,13,12,52,0,8.244671296296296,7.663371913580247,7.954021604938272,17.307692307692307,False,N,True
305811,B69,0,54,13,12,52,0,8.131723765432099,7.621098765432098,7.876411265432099,17.307692307692307,False,N,True
305831,B69,1,50,12,12,48,0,8.25628086419753,7.58095987654321,7.918620370370371,18.75,False,S,True
305833,B69,1,50,13,12,48,0,8.218632716049383,7.642429012345679,7.930530864197531,18.75,False,S,True
305834,B69,1,50,13,11,48,0,8.177481481481482,7.700814814814815,7.939148148148148,18.75,False,S,True
305835,B69,1,50,13,11,48,0,8.130098765432098,7.838270061728395,7.984184413580247,18.75,False,S,True
305836,B69,1,50,13,11,48,0,8.105848765432098,7.907626543209877,8.006737654320988,18.75,False,S,True
305837,B69,1,50,13,12,48,0,8.05,7.972222222222222,8.011111111111111,18.75,False,S,True
305838,B69,1,50,13,12,48,0,7.980797839506172,7.884793209876544,7.932795524691358,18.75,False,S,True
305839,B69,1,50,13,12,48,0,7.91170987654321,7.812839506172839,7.862274691358024,18.75,False,S,True
305841,B69,1,50,13,12,48,0,7.858029320987654,7.7712515432098765,7.8146404320987655,18.75,False,S,True
305842,B69,1,50,13,12,48,0,7.800862654320988,7.742850308641976,7.771856481481481,18.75,False,S,True
305852,B61,1,99,18,18,80,6,5.02,4.87120987654321,4.945604938271605,11.25,False,S,True
305853,B61,1,99,18,18,80,6,5.053888888888889,4.896375000000001,4.975131944444445,11.25,False,S,True
305855,B61,1,99,18,18,80,6,5.1066666666666665,4.946296296296296,5.026481481481482,11.25,False,S,True
305858,B61,1,99,18,19,80,6,5.175,4.929685185185185,5.052342592592593,11.25,False,S,True
305873,B70,0,75,17,13,62,4,5.389814814814815,6.681774691358025,6.03579475308642,14.516129032258064,False,N,True
305873,B8,1,78,14,13,62,5,6.916234567901234,7.56179012345679,7.239012345679012,14.516129032258064,False,W,True
305883,B70,0,75,17,14,61,4,5.241055555555556,6.559777777777778,5.900416666666667,14.754098360655737,False,N,True
305885,B70,0,75,17,13,61,5,5.266666666666667,6.594444444444445,5.930555555555555,14.754098360655737,False,N,True
305886,B70,0,75,17,13,61,5,5.291703703703703,6.646296296296296,5.968999999999999,14.754098360655737,False,N,True
305887,B70,0,75,17,13,61,5,5.321489197530864,6.698148148148149,6.009818672839506,14.754098360655737,False,N,True
305888,B70,0,75,18,13,62,5,5.3,6.772222222222222,6.036111111111111,14.516129032258064,False,N,True
305889,B70,0,75,18,14,62,5,5.247993827160494,6.800308641975309,6.024151234567901,14.516129032258064,False,N,True
305891,B70,0,75,17,14,62,5,5.189037037037037,6.730236111111111,5.959636574074073,14.516129032258064,False,N,True
305892,B70,0,75,17,14,62,5,5.219095679012345,6.688942901234568,5.9540192901234565,14.516129032258064,False,N,True
305895,B70,0,75,17,14,62,5,5.28700462962963,6.59375,5.940377314814815,14.516129032258064,False,N,True
305897,B70,0,75,17,13,62,5,5.320638888888889,6.641527777777778,5.981083333333333,14.516129032258064,False,N,True
305900,B70,0,75,17,13,62,5,5.374737654320987,6.784337962962963,6.079537808641975,14.516129032258064,False,N,True
305906,B70,0,75,17,13,63,5,5.376361111111111,6.723611111111111,6.049986111111111,14.285714285714286,False,N,True
305907,B70,0,75,17,13,63,5,5.383444444444445,6.752777777777778,6.068111111111111,14.285714285714286,False,N,True
305922,B70,1,75,15,14,60,3,6.638888888888888,6.822222222222222,6.730555555555555,15.0,False,S,True
305925,B70,1,75,15,13,60,3,6.532716049382716,6.637638888888889,6.585177469135802,15.0,False,S,True
305927,B70,1,75,15,14,60,3,6.533757716049383,6.664012345679012,6.5988850308641975,15.0,False,S,True
305929,B70,1,75,15,14,60,3,6.532716049382716,6.637777777777777,6.585246913580247,15.0,False,S,True
305932,B70,1,75,16,14,61,3,6.522222222222222,6.602777777777778,6.5625,14.754098360655737,False,S,True
305933,B70,1,75,16,14,61,3,6.4578395061728395,6.596986111111111,6.527412808641975,14.754098360655737,False,S,True
305934,B70,1,75,16,14,61,3,6.411111111111111,6.594444444444445,6.502777777777778,14.754098360655737,False,S,True
305935,B70,1,75,16,14,61,3,6.305555555555555,6.590103395061728,6.447829475308642,14.754098360655737,False,S,True
305936,B70,1,75,16,15,61,3,6.246296296296296,6.542666666666666,6.394481481481481,14.754098360655737,False,S,True
305937,B64,0,68,14,12,56,3,6.525371913580247,7.278814814814814,6.902093364197531,16.071428571428573,False,N,True
305937,B70,1,75,16,15,60,3,6.188888888888888,6.455555555555555,6.322222222222222,15.0,False,S,True
305939,B70,1,75,16,15,60,3,6.1231481481481485,6.378688271604939,6.250918209876543,15.0,False,S,True
305940,B70,1,75,16,15,60,3,6.082407407407407,6.332368827160494,6.2073881172839505,15.0,False,S,True
305951,B70,1,75,16,14,61,4,5.987222222222223,6.279166666666667,6.133194444444444,14.754098360655737,False,S,True
305951,B8,0,80,13,13,62,6,7.474759259259259,6.985648148148148,7.230203703703704,14.516129032258064,False,E,True
305952,B70,1,75,16,15,61,4,5.980925925925926,6.326666666666667,6.153796296296296,14.754098360655737,False,S,True
305952,B8,0,80,13,13,62,6,7.459189814814815,6.990925925925926,7.22505787037037,14.516129032258064,False,E,True
305988,B74,1,118,24,27,105,0,4.2731867283950615,3.264921296296296,3.769054012345679,8.571428571428571,True,E,True
305989,B74,1,118,24,27,105,0,4.23008024691358,3.285777777777778,3.757929012345679,8.571428571428571,True,E,True
305990,B74,1,118,24,28,105,0,4.1548287037037035,3.2925,3.723664351851852,8.571428571428571,True,E,True
305991,B74,1,118,23,28,105,0,4.130537037037037,3.276141975308642,3.7033395061728394,8.571428571428571,True,E,True
305992,B74,1,118,23,28,104,0,4.14638425925926,3.2618750000000003,3.7041296296296293,8.653846153846153,True,E,True
305993,B74,1,118,23,28,104,0,4.160677469135803,3.249984567901235,3.705331018518519,8.653846153846153,True,E,True
305994,B74,1,118,24,28,104,0,4.151097222222222,3.238472222222222,3.6947847222222223,8.653846153846153,True,E,True
306003,B74,1,118,24,28,104,0,3.9277777777777776,3.2277777777777774,3.5777777777777775,8.653846153846153,True,E,True
306004,B74,1,118,24,28,104,0,3.9483425925925926,3.229623456790123,3.588983024691358,8.653846153846153,True,E,True
306005,B74,1,118,25,28,104,0,3.950064814814815,3.235425925925926,3.5927453703703707,8.653846153846153,True,E,True
306006,B74,1,118,25,28,104,0,3.9427592592592595,3.244828703703704,3.5937939814814817,8.653846153846153,True,E,True
306018,B61,0,94,17,16,76,6,5.406395061728395,5.798300925925926,5.602347993827161,11.842105263157896,False,N,True
306021,B61,0,94,17,16,76,6,5.466666666666667,5.783333333333333,5.625,11.842105263157896,False,N,True
306022,B61,0,94,17,17,76,6,5.486975308641975,5.7599074074074075,5.623441358024691,11.842105263157896,False,N,True
306023,B61,0,94,17,17,76,6,5.515891975308643,5.661705246913581,5.588798611111112,11.842105263157896,False,N,True
306034,B57,0,65,12,12,54,3,7.542510802469136,7.115277777777778,7.328894290123457,16.666666666666668,False,E,True
306034,B65,1,76,12,13,62,3,7.166666666666667,6.911111111111111,7.038888888888889,14.516129032258064,False,W,True
306053,B57,1,65,12,11,53,1,7.249203703703704,8.790788580246915,8.019996141975309,16.9811320754717,False,W,True
306055,B57,1,65,12,11,53,1,7.350487654320988,8.697668209876543,8.024077932098766,16.9811320754717,False,W,True
306060,B57,1,65,12,12,53,2,7.540061728395061,8.335123456790123,7.937592592592592,16.9811320754717,False,W,True
306061,B57,1,65,12,12,53,2,7.5732839506172835,8.224137345679013,7.898710648148149,16.9811320754717,False,W,True
306062,B57,1,65,13,12,53,2,7.60504012345679,8.098628086419753,7.851834104938272,16.9811320754717,False,W,True
306063,B57,1,65,13,11,53,2,7.533615740740741,8.100501543209877,7.817058641975309,16.9811320754717,False,W,True
306064,B57,1,65,13,11,53,2,7.488888888888889,8.127777777777778,7.808333333333334,16.9811320754717,False,W,True
306064,B61,0,94,17,16,76,6,5.537796296296296,5.605570987654321,5.571683641975309,11.842105263157896,False,N,True
306069,B61,1,99,18,19,80,6,4.877777777777778,4.866666666666666,4.872222222222222,11.25,False,S,True
306070,B61,1,99,18,19,80,6,4.913333333333333,4.82583950617284,4.8695864197530865,11.25,False,S,True
306072,B61,1,99,18,18,80,6,4.983888888888889,4.848962962962963,4.9164259259259255,11.25,False,S,True
306075,B61,1,99,18,18,80,6,5.077777777777778,4.916666666666667,4.997222222222222,11.25,False,S,True
306086,B61,1,99,19,18,80,7,5.032074074074074,4.991618827160494,5.011846450617284,11.25,False,S,True
306087,B57,0,65,12,12,54,3,7.5,7.6266790123456785,7.56333950617284,16.666666666666668,False,E,True
306087,B61,1,99,19,18,80,7,4.966543209876543,4.991822530864198,4.97918287037037,11.25,False,S,True
306088,B57,0,65,12,12,54,3,7.5,7.59945061728395,7.5497253086419756,16.666666666666668,False,E,True
306088,B61,1,99,18,18,80,7,4.964945987654321,4.99458950617284,4.979767746913581,11.25,False,S,True
306089,B57,0,65,12,12,54,3,7.5,7.577375,7.5386875,16.666666666666668,False,E,True
306089,B61,1,99,18,19,80,6,4.982686728395062,4.995237654320988,4.988962191358024,11.25,False,S,True
306108,B57,1,65,12,11,53,2,7.425277777777778,8.1516512345679,7.78846450617284,16.9811320754717,False,W,True
306108,B61,0,94,17,17,76,6,5.543259259259259,5.610052469135803,5.576655864197531,11.842105263157896,False,N,True
306109,B57,1,65,12,11,53,2,7.440833333333333,8.171861111111111,7.8063472222222225,16.9811320754717,False,W,True
306109,B61,0,94,17,17,76,6,5.54533024691358,5.576047839506173,5.560689043209877,11.842105263157896,False,N,True
306110,B57,1,65,12,11,53,2,7.454166666666667,8.19008487654321,7.822125771604939,16.9811320754717,False,W,True
306110,B61,0,94,17,17,76,6,5.545998456790124,5.5491820987654314,5.547590277777777,11.842105263157896,False,N,True
306111,B57,1,65,12,11,53,2,7.464444444444444,8.20403086419753,7.8342376543209875,16.9811320754717,False,W,True
306111,B61,0,94,17,17,76,6,5.545606481481482,5.530282407407408,5.537944444444444,11.842105263157896,False,N,True
306112,B57,1,65,12,11,53,2,7.476111111111111,8.223,7.849555555555556,16.9811320754717,False,W,True
306112,B61,0,94,17,17,76,6,5.544949074074074,5.509598765432099,5.527273919753086,11.842105263157896,False,N,True
306113,B57,1,65,12,11,53,2,7.485277777777778,8.237047839506172,7.861162808641976,16.9811320754717,False,W,True
306113,B61,0,94,17,17,77,6,5.543379629629629,5.494983024691359,5.519181327160494,11.688311688311689,False,N,True
306114,B57,1,65,12,11,53,2,7.497222222222222,8.256712962962963,7.876967592592592,16.9811320754717,False,W,True
306114,B61,0,94,17,17,77,6,5.541185185185185,5.476577160493828,5.508881172839506,11.688311688311689,False,N,True
306115,B57,1,65,12,11,53,2,7.506111111111111,8.271271604938272,7.888691358024691,16.9811320754717,False,W,True
306115,B61,0,94,17,17,77,7,5.538870370370371,5.464473765432099,5.501672067901235,11.688311688311689,False,N,True
306116,B61,0,94,17,17,77,6,5.586742283950617,5.422074074074074,5.504408179012346,11.688311688311689,False,N,True
306144,B3,0,127,22,22,103,6,4.285,4.157376543209876,4.221188271604938,8.737864077669903,True,E,True
306144,B47,0,99,19,17,79,5,4.983333333333333,5.233333333333333,5.108333333333333,11.39240506329114,False,N,True
306153,B47,0,99,20,18,79,5,4.722271604938271,5.126148148148148,4.92420987654321,11.39240506329114,False,N,True
306154,B47,0,99,19,18,79,5,4.72212962962963,5.088592592592592,4.905361111111111,11.39240506329114,False,N,True
306155,B47,0,99,19,17,79,5,4.736129629629629,5.072234567901234,4.904182098765432,11.39240506329114,False,N,True
306156,B47,0,99,19,17,79,5,4.753677469135803,5.111111111111112,4.932394290123456,11.39240506329114,False,N,True
306158,B47,0,99,20,17,79,5,4.722222222222222,5.211111111111111,4.966666666666667,11.39240506329114,False,N,True
306158,B6,1,264,50,44,211,12,2.364253086419753,2.6445972222222225,2.504425154320988,4.265402843601896,True,W,True
306159,B47,0,99,20,17,79,5,4.706944444444445,5.242222222222223,4.974583333333333,11.39240506329114,False,N,True
306160,B47,0,99,20,18,79,5,4.690570987654321,5.230092592592593,4.960331790123457,11.39240506329114,False,N,True
306161,B47,0,99,20,18,80,5,4.676828703703704,5.207870370370371,4.942349537037036,11.25,False,N,True
306162,B47,0,99,20,18,80,5,4.6548796296296295,5.169444444444445,4.912162037037037,11.25,False,N,True
306165,B47,0,99,21,17,79,5,4.555950617283951,5.145370370370371,4.850660493827161,11.39240506329114,False,N,True
306167,B47,0,99,20,17,79,5,4.532368827160494,5.196759259259259,4.864564043209877,11.39240506329114,False,N,True
306168,B47,0,99,20,17,79,5,4.538888888888889,5.222222222222222,4.8805555555555555,11.39240506329114,False,N,True
306172,B47,0,99,21,18,79,5,4.5449367283950615,5.239612654320988,4.892274691358025,11.39240506329114,False,N,True
306173,B47,0,99,21,18,79,5,4.520574074074074,5.202845679012346,4.86170987654321,11.39240506329114,False,N,True
306174,B47,0,99,21,18,79,5,4.4951033950617285,5.1664567901234575,4.830780092592592,11.39240506329114,False,N,True
306175,B47,0,99,21,17,80,6,4.467597222222222,5.157319444444444,4.812458333333334,11.25,False,N,True
306176,B47,0,99,21,17,80,6,4.452807098765432,5.167513888888889,4.81016049382716,11.25,False,N,True
306177,B47,0,99,21,17,80,6,4.417592592592593,5.1957098765432095,4.806651234567901,11.25,False,N,True
306180,B47,1,99,16,18,79,5,6.133333333333334,5.5,5.816666666666666,11.39240506329114,False,S,True
306181,B47,1,99,17,18,79,5,6.125395061728395,5.381646604938271,5.753520833333334,11.39240506329114,False,S,True
306182,B47,1,99,17,18,79,5,6.0781527777777775,5.274291666666667,5.676222222222222,11.39240506329114,False,S,True
306183,B47,1,99,17,18,79,5,6.049791666666667,5.220249999999999,5.635020833333333,11.39240506329114,False,S,True
306184,B47,1,99,17,17,79,5,6.009251543209876,5.186489197530864,5.59787037037037,11.39240506329114,False,S,True
306189,B47,1,99,18,18,79,5,5.827777777777778,5.216666666666667,5.522222222222222,11.39240506329114,False,S,True
306190,B47,1,99,18,18,79,5,5.759242283950617,5.192098765432099,5.475670524691358,11.39240506329114,False,S,True
306191,B47,1,99,17,18,79,5,5.764111111111111,5.173649691358024,5.468880401234568,11.39240506329114,False,S,True
306192,B47,1,99,17,18,79,5,5.770347222222223,5.1624135802469135,5.466380401234568,11.39240506329114,False,S,True
306193,B47,1,99,17,18,79,5,5.77975462962963,5.147606481481481,5.463680555555555,11.39240506329114,False,S,True
306195,B47,1,99,17,18,79,5,5.806629629629629,5.115925925925926,5.461277777777778,11.39240506329114,False,S,True
306198,B47,1,99,18,18,80,5,5.761111111111111,4.95,5.355555555555555,11.25,False,S,True
306199,B47,1,99,18,18,80,5,5.714043209876544,4.959879629629629,5.336961419753086,11.25,False,S,True
306200,B47,1,99,18,18,80,5,5.677424382716049,4.972489197530864,5.324956790123457,11.25,False,S,True
306201,B47,1,99,18,18,80,5,5.6431249999999995,4.987638888888889,5.315381944444444,11.25,False,S,True
306202,B47,1,99,18,18,80,5,5.612814814814815,5.004944444444445,5.3088796296296294,11.25,False,S,True
306203,B47,1,99,19,18,80,5,5.57896450617284,5.027916666666667,5.303440586419753,11.25,False,S,True
306204,B47,1,99,19,18,80,5,5.532074074074074,5.044006172839506,5.28804012345679,11.25,False,S,True
306205,B47,1,99,19,18,80,5,5.49007561728395,5.0644783950617285,5.27727700617284,11.25,False,S,True
306206,B47,1,99,18,18,79,5,5.433333333333334,5.055555555555555,5.2444444444444445,11.39240506329114,False,S,True
306209,B3,1,133,29,21,110,7,3.3958487654320986,4.204444444444444,3.8001466049382717,8.181818181818182,True,W,True
306209,B47,1,99,19,18,80,5,5.5,5.055555555555555,5.277777777777778,11.25,False,S,True
306215,B83,0,108,25,13,89,4,3.785503086419753,6.764490740740741,5.274996913580248,10.112359550561798,False,N,True
306216,B83,0,108,25,13,89,4,3.7852716049382718,6.783530864197531,5.284401234567901,10.112359550561798,False,N,True
306217,B83,0,108,26,13,89,4,3.77679012345679,6.809666666666667,5.293228395061728,10.112359550561798,False,N,True
306218,B83,0,108,26,13,89,4,3.749600308641975,6.836458333333334,5.293029320987655,10.112359550561798,False,N,True
306219,B83,0,108,26,13,89,4,3.7258395061728393,6.861530864197531,5.293685185185185,10.112359550561798,False,N,True
306220,B83,0,108,26,14,89,4,3.6992098765432098,6.819265432098765,5.259237654320987,10.112359550561798,False,N,True
306221,B83,0,108,26,14,90,4,3.668691358024691,6.769166666666666,5.218929012345679,10.0,True,N,True
306222,B83,0,108,26,14,90,4,3.6447453703703707,6.73161574074074,5.188180555555556,10.0,True,N,True
306255,B83,1,105,18,21,90,2,4.890740740740741,4.499296296296296,4.695018518518519,10.0,True,S,True
306257,B83,1,105,18,20,90,2,4.931851851851851,4.487271604938272,4.7095617283950615,10.0,True,S,True
306258,B83,1,105,18,20,90,2,4.951481481481482,4.494546296296296,4.723013888888889,10.0,True,S,True
306259,B83,1,105,18,20,90,2,4.964074074074074,4.499464506172839,4.731769290123457,10.0,True,S,True
306260,B83,1,105,18,20,90,2,4.983333333333333,4.508723765432099,4.746028549382716,10.0,True,S,True
306261,B83,1,105,18,20,90,2,5.00074074074074,4.518978395061728,4.759859567901234,10.0,True,S,True
306262,B83,1,105,18,20,90,2,5.028888888888889,4.537902777777777,4.7833958333333335,10.0,True,S,True
306264,B67,1,63,12,14,52,4,8.672555555555556,6.597722222222222,7.635138888888889,17.307692307692307,False,S,True
306268,B4,1,60,13,11,49,2,7.43308024691358,8.608188271604938,8.020634259259259,18.367346938775512,False,W,True
306271,B36,0,137,28,26,112,8,3.7151203703703706,3.5681805555555557,3.641650462962963,8.035714285714286,True,E,True
306271,B74,1,118,24,28,105,0,4.109018518518519,3.23679012345679,3.672904320987654,8.571428571428571,True,E,True
306273,B41,0,118,21,20,102,4,5.528333333333333,5.0348395061728395,5.281586419753086,8.823529411764707,True,N,True
306273,B9,1,95,21,18,86,1,4.184444444444444,4.961921296296296,4.5731828703703705,10.465116279069768,False,W,True
306280,B36,1,128,31,22,109,6,3.1793194444444444,4.026111111111111,3.6027152777777776,8.256880733944953,True,W,True
306286,B16,1,59,10,13,50,1,9.446961419753086,7.256839506172839,8.351900462962963,18.0,False,W,True
306288,B4,0,54,10,11,43,4,9.583987654320987,8.618385802469136,9.101186728395062,20.930232558139537,False,E,True
306291,B13,1,74,12,15,61,2,8.454259259259258,5.874074074074074,7.1641666666666675,14.754098360655737,False,S,True
306292,B13,1,74,11,16,62,2,8.262163580246913,5.830101851851852,7.0461327160493825,14.516129032258064,False,S,True
306304,B17,1,155,18,37,123,7,5.193510802469135,2.489049382716049,3.8412800925925925,7.317073170731708,True,S,True
306304,B46 SBS,1,169,44,36,154,0,2.3171666666666666,2.5427469135802467,2.4299567901234567,5.8441558441558445,True,S,True
306318,B41,1,123,18,24,101,6,7.676851851851851,5.2249135802469135,6.4508827160493825,8.910891089108912,True,S,True
306322,B43,0,93,16,15,73,6,6.627777777777778,5.85,6.238888888888889,12.32876712328767,False,N,True
306324,B41,0,130,18,21,98,9,5.180597222222222,4.367333333333334,4.773965277777778,9.183673469387756,True,N,True
306325,B41,0,239,42,45,206,9,2.9,2.8333333333333335,2.8666666666666667,4.368932038834951,True,N,True
306328,B61,1,99,19,18,80,6,5.194444444444445,5.094444444444445,5.144444444444445,11.25,False,S,True
306328,B65,0,74,12,13,60,2,7.055555555555555,6.922222222222222,6.988888888888889,15.0,False,E,True
306332,B47,1,99,17,18,79,5,5.796203703703704,5.126203703703704,5.461203703703704,11.39240506329114,False,S,True
306333,B47,0,99,21,17,79,5,4.5336234567901235,5.156481481481482,4.845052469135803,11.39240506329114,False,N,True
306337,B67,1,63,12,14,52,4,8.805555555555555,6.588888888888889,7.697222222222222,17.307692307692307,False,S,True
306337,B69,1,50,12,12,48,0,8.327777777777778,7.516666666666667,7.922222222222222,18.75,False,S,True
306340,B11,1,99,18,20,85,3,4.902288580246914,4.557521604938271,4.729905092592593,10.588235294117647,False,W,True
306340,B6,1,264,50,44,209,13,2.408651234567901,2.6505015432098764,2.529576388888889,4.30622009569378,True,W,True
306341,B6,1,237,45,35,176,16,2.6842314814814814,3.4119259259259263,3.0480787037037036,5.113636363636363,True,W,True
306343,B15,1,148,22,21,109,11,4.052353395061728,4.149333333333334,4.100843364197531,8.256880733944953,True,W,True
306343,B45,0,78,12,17,66,4,7.406898148148148,5.429814814814815,6.4183564814814815,13.636363636363637,False,E,True
306343,B65,1,76,13,13,61,2,7.162166666666667,7.069,7.115583333333333,14.754098360655737,False,W,True
306344,B8,1,108,25,19,89,5,4.394969135802469,5.170180555555556,4.7825748456790125,10.112359550561798,False,W,True
306345,B8,0,112,20,25,91,9,4.893086419753087,3.8089320987654323,4.351009259259259,9.89010989010989,True,E,True
306347,B6,0,260,42,48,209,7,2.7647546296296297,2.4024938271604936,2.5836242283950615,4.30622009569378,True,E,True
306348,B12,1,149,29,23,122,8,3.1753333333333336,4.009666666666667,3.5925000000000002,7.377049180327869,True,W,True
306348,B47,1,88,14,17,71,5,6.6359259259259264,5.490282407407407,6.063104166666666,12.67605633802817,False,S,True
306349,B12,1,149,29,24,122,7,3.237077160493827,3.7454706790123455,3.491273919753086,7.377049180327869,True,W,True
306359,B13,0,74,14,17,62,4,7.011111111111111,5.427777777777778,6.219444444444445,14.516129032258064,False,N,True
306366,B47,0,99,20,18,79,5,4.81020524691358,5.174297839506172,4.992251543209877,11.39240506329114,False,N,True
306370,B1,0,123,20,18,95,7,4.485229938271605,5.0,4.742614969135802,9.473684210526315,True,W,True
306371,B36,0,137,28,26,112,8,3.706395061728395,3.550274691358025,3.6283348765432097,8.035714285714286,True,E,True
306371,B74,1,118,24,28,105,0,4.099567901234568,3.2365015432098767,3.6680347222222225,8.571428571428571,True,E,True
306373,B36,0,137,28,26,112,8,3.698827160493827,3.536408950617284,3.6176180555555555,8.035714285714286,True,E,True
306373,B74,1,118,25,28,105,0,4.088111111111111,3.2367222222222223,3.6624166666666667,8.571428571428571,True,E,True
306374,B20,1,74,14,9,58,2,7.11495987654321,9.878845679012347,8.496902777777779,15.517241379310345,False,S,True
306381,B6,0,119,17,18,83,7,5.464574074074075,4.9972361111111105,5.230905092592593,10.843373493975903,False,E,True
306382,B6,0,165,25,29,125,8,3.666010802469136,3.0697145061728395,3.3678626543209877,7.2,True,E,True
306382,B60,1,88,15,19,70,7,6.352037037037037,4.80487037037037,5.578453703703704,12.857142857142858,False,S,True
306382,B82,0,104,16,20,79,8,5.939180555555556,4.693888888888889,5.3165347222222215,11.39240506329114,False,E,True
306395,B38,0,191,34,37,166,7,3.3,2.7722222222222226,3.036111111111111,5.421686746987952,True,E,True
306405,B42,1,152,24,31,114,12,4.0,2.966666666666667,3.4833333333333334,7.894736842105263,True,S,True
306419,B64,1,68,12,13,55,4,8.016214506172838,7.372222222222222,7.69421836419753,16.363636363636363,False,S,True
306419,B68,1,111,16,21,92,7,5.623824074074075,4.306555555555556,4.965189814814815,9.782608695652174,True,S,True
306420,B6,0,119,17,18,83,8,5.479361111111111,4.9976111111111114,5.238486111111111,10.843373493975903,False,E,True
306421,B67,0,71,14,13,57,2,8.84879475308642,8.42934413580247,8.639069444444443,15.789473684210526,False,N,True
306421,B69,0,54,11,11,52,0,10.226158950617284,9.137222222222222,9.681690586419753,17.307692307692307,False,N,True
306437,B25,0,107,15,21,91,6,5.952413580246914,4.188888888888889,5.070651234567902,9.89010989010989,True,E,True
306438,B12,1,149,29,24,122,7,3.1722222222222225,3.9166666666666665,3.5444444444444443,7.377049180327869,True,W,True
306446,B11,1,99,18,20,86,3,5.118118827160495,4.442615740740741,4.780367283950617,10.465116279069768,False,W,True
306452,B82,1,97,13,13,74,6,7.346719135802469,6.907847222222222,7.127283179012346,12.162162162162161,False,W,True
306452,B83,0,108,25,14,90,3,3.9129259259259257,6.922222222222222,5.417574074074074,10.0,True,N,True
306454,B35,1,107,14,17,77,10,6.399728395061729,5.347358024691358,5.873543209876543,11.688311688311689,False,W,True
306454,B8,1,108,25,18,89,5,4.543709876543209,5.320981481481481,4.932345679012346,10.112359550561798,False,W,True
306457,B1,1,113,24,20,92,7,3.9833333333333334,4.611111111111112,4.297222222222222,9.782608695652174,True,E,True
306461,B32,1,29,6,6,28,0,15.878834123874338,14.953245370370372,15.39115930009432,32.142857142857146,False,S,True
306465,B38,0,191,35,36,166,7,3.123291666666667,3.0348055555555558,3.0790486111111113,5.421686746987952,True,E,True
306466,B38,1,191,43,37,169,6,2.4747484567901235,3.676222222222222,3.075485339506173,5.325443786982248,True,W,True
306468,B11,0,99,19,20,85,2,5.033333333333333,4.477777777777778,4.7555555555555555,10.588235294117647,False,E,True
306470,B8,0,102,18,17,82,6,5.415277777777778,5.6375,5.526388888888889,10.975609756097562,False,E,True
306474,B43,0,93,19,17,73,7,5.346875,5.605902777777778,5.476388888888889,12.32876712328767,False,N,True
306476,B43,0,93,19,16,73,7,5.193668209876543,5.456888888888889,5.325278549382716,12.32876712328767,False,N,True
306479,B46,1,163,29,31,121,15,3.8505555555555557,3.3671111111111114,3.6088333333333336,7.43801652892562,True,S,True
306480,B48,1,64,12,9,47,6,8.0,11.666666666666666,9.833333333333334,19.148936170212767,False,S,True
306487,B24,1,43,8,6,34,1,12.933510802469135,14.953942901234567,13.943726851851853,26.470588235294116,False,S,True
306495,B65,1,76,13,13,62,2,7.064382716049383,7.001253086419753,7.0328179012345675,14.516129032258064,False,W,True
306496,B49,1,97,18,16,80,6,5.046723765432099,5.520537037037037,5.283630401234569,11.25,False,S,True
306500,B49,1,97,18,16,79,6,5.124177469135803,5.820603395061728,5.4723904320987655,11.39240506329114,False,S,True
306502,B47,0,99,20,18,80,5,4.642407407407407,5.145833333333333,4.894120370370371,11.25,False,N,True
306515,B74,1,118,25,29,104,0,3.9343873456790126,3.221148148148148,3.57776774691358,8.653846153846153,True,E,True
306519,B16,0,58,11,10,48,3,9.008680555555555,8.627358024691357,8.818019290123457,18.75,False,E,True
306520,B16,0,58,11,11,48,3,8.95,8.609876543209877,8.779938271604939,18.75,False,E,True
306521,B16,0,58,11,11,48,3,8.889132716049382,8.570108024691358,8.729620370370371,18.75,False,E,True
306522,B16,0,58,11,11,48,3,8.824074074074074,8.534294753086419,8.679184413580249,18.75,False,E,True
306523,B16,0,58,11,11,48,4,8.75711111111111,8.504507716049382,8.630809413580247,18.75,False,E,True
306524,B16,0,58,11,11,48,4,8.711095679012345,8.488186728395062,8.599641203703703,18.75,False,E,True
306524,B35,0,121,21,24,96,7,4.653333333333333,3.8301280864197533,4.241730709876544,9.375,True,E,True
306526,B16,0,58,11,11,48,4,8.634587962962962,8.466137345679012,8.550362654320988,18.75,False,E,True
306530,B52,1,126,28,22,107,6,3.3789706790123457,4.176339506172839,3.777655092592593,8.411214953271028,True,W,True
306532,B35,0,121,20,24,96,7,4.635108024691358,3.8772654320987656,4.256186728395062,9.375,True,E,True
306533,B52,1,126,28,22,107,5,3.4412962962962963,4.2610524691358025,3.851174382716049,8.411214953271028,True,W,True
306537,B16,0,58,10,11,48,3,8.627777777777776,8.777777777777777,8.702777777777778,18.75,False,E,True
306538,B16,0,58,10,11,48,3,8.691666666666666,8.749629629629629,8.720648148148149,18.75,False,E,True
306540,B16,0,58,10,11,48,3,8.918055555555556,8.648888888888887,8.783472222222223,18.75,False,E,True
306541,B16,0,58,10,11,48,3,9.034722222222223,8.597037037037037,8.81587962962963,18.75,False,E,True
306542,B16,0,58,11,11,48,3,9.127777777777776,8.555555555555555,8.841666666666667,18.75,False,E,True
306543,B16,0,58,11,11,48,3,9.1045,8.522944444444445,8.813722222222223,18.75,False,E,True
306544,B16,0,58,11,10,48,3,9.064351851851852,8.541007716049384,8.802679783950618,18.75,False,E,True
306549,B67,0,71,13,12,56,2,10.230850308641976,9.445691358024693,9.838270833333333,16.071428571428573,False,N,True
306549,B69,0,54,10,10,51,0,10.568881172839506,9.272222222222222,9.920551697530865,17.647058823529413,False,N,True
306550,B67,0,71,13,12,57,2,10.066666666666666,9.322222222222223,9.694444444444445,15.789473684210526,False,N,True
306550,B69,0,54,10,11,51,0,10.6,9.366666666666667,9.983333333333333,17.647058823529413,False,N,True
306551,B67,0,71,13,12,57,2,9.972314814814814,9.264660493827162,9.618487654320989,15.789473684210526,False,N,True
306551,B69,0,54,10,11,51,0,10.587870370370371,9.334475308641975,9.961172839506172,17.647058823529413,False,N,True
306553,B67,0,71,13,12,57,2,9.7765,9.149993827160495,9.463246913580246,15.789473684210526,False,N,True
306553,B69,0,54,11,11,51,0,10.48862962962963,9.272123456790125,9.880376543209877,17.647058823529413,False,N,True
306554,B67,0,71,13,12,57,2,9.685121913580247,9.098472222222222,9.391797067901233,15.789473684210526,False,N,True
306554,B69,0,54,11,11,51,0,10.44021450617284,9.245972222222223,9.84309336419753,17.647058823529413,False,N,True
306555,B67,0,71,13,12,57,2,9.605612654320987,9.055432098765433,9.33052237654321,15.789473684210526,False,N,True
306555,B69,0,54,11,11,51,0,10.398760802469136,9.223765432098766,9.81126311728395,17.647058823529413,False,N,True
306556,B67,0,71,14,13,57,2,9.533333333333333,9.016666666666667,9.275,15.789473684210526,False,N,True
306556,B69,0,54,11,11,52,0,10.36111111111111,9.205555555555556,9.783333333333333,17.307692307692307,False,N,True
306558,B67,1,63,12,14,51,4,8.246166666666666,6.446975308641976,7.346570987654321,17.647058823529413,False,S,True
306558,B69,1,50,13,12,47,0,7.254272271447215,8.477805555555555,7.898676810039338,19.148936170212767,False,S,True
306559,B67,1,63,12,14,51,4,8.244740740740742,6.474986111111111,7.3598634259259255,17.647058823529413,False,S,True
306559,B69,1,50,13,12,47,0,7.202939550949913,8.418597222222223,7.844949470252648,19.148936170212767,False,S,True
306560,B67,1,63,12,14,51,4,8.24469135802469,6.51437037037037,7.379530864197531,17.647058823529413,False,S,True
306560,B69,1,50,13,12,47,0,7.136533110740122,8.356641975308643,7.782980115122972,19.148936170212767,False,S,True
306562,B67,1,63,12,14,51,4,8.247717592592592,6.562302469135802,7.405010030864198,17.647058823529413,False,S,True
306562,B69,1,50,13,12,47,0,7.061743379571249,8.301746913580248,7.720930137166109,19.148936170212767,False,S,True
306563,B67,1,63,12,14,51,5,8.250438271604938,6.6173271604938275,7.433882716049383,17.647058823529413,False,S,True
306563,B69,1,50,12,12,47,0,7.07114733276884,8.256876543209877,7.703598709337547,19.148936170212767,False,S,True
306564,B67,1,63,12,15,51,5,8.261111111111111,6.7,7.480555555555555,17.647058823529413,False,S,True
306564,B69,1,50,12,11,47,0,7.121794871794872,8.272222222222222,7.738095238095238,19.148936170212767,False,S,True
306565,B67,1,63,12,15,51,5,8.255185185185185,6.658518518518519,7.456851851851852,17.647058823529413,False,S,True
306565,B69,1,50,12,11,47,0,7.153384968445209,8.313703703703704,7.776963906581741,19.148936170212767,False,S,True
306566,B67,0,71,13,12,56,2,10.444444444444445,9.627777777777776,10.03611111111111,16.071428571428573,False,N,True
306566,B69,0,54,10,10,51,0,10.516666666666667,9.144444444444444,9.830555555555556,17.647058823529413,False,N,True
306567,B36,0,133,29,26,112,6,3.489611111111111,3.454216049382716,3.4719135802469134,8.035714285714286,True,E,True
306570,B43,1,93,19,17,72,7,4.966402777777778,5.469212962962962,5.21780787037037,12.5,False,S,True
306571,B67,0,71,14,13,57,2,9.314018518518518,8.824333333333334,9.069175925925926,15.789473684210526,False,N,True
306571,B69,0,54,11,11,52,0,10.319631172839506,9.18388888888889,9.751760030864197,17.307692307692307,False,N,True
306573,B67,1,63,12,15,51,4,8.255555555555555,6.466666666666667,7.361111111111112,17.647058823529413,False,S,True
306573,B69,1,50,13,11,47,0,7.359756097560975,8.244444444444445,7.822674418604651,19.148936170212767,False,S,True
306579,B11,0,93,15,17,79,1,5.999753086419753,5.4782160493827154,5.738984567901235,11.39240506329114,False,E,True
306580,B11,0,93,15,17,79,1,6.019674382716049,5.457623456790123,5.7386489197530866,11.39240506329114,False,E,True
306581,B11,0,99,19,17,85,1,5.222222222222222,5.438888888888888,5.330555555555555,10.588235294117647,False,E,True
306582,B11,1,99,16,21,85,3,5.95888425925926,4.445657407407407,5.202270833333333,10.588235294117647,False,W,True
306583,B11,1,99,16,21,85,4,6.011111111111111,4.427777777777778,5.219444444444445,10.588235294117647,False,W,True
306584,B11,1,99,16,21,85,4,6.040941358024692,4.421481481481481,5.231211419753086,10.588235294117647,False,W,True
306585,B11,1,99,16,21,85,4,6.098833333333333,4.4090740740740735,5.253953703703703,10.588235294117647,False,W,True
306586,B11,1,99,16,20,85,4,6.122145061728395,4.41611111111111,5.269128086419753,10.588235294117647,False,W,True
306587,B11,1,99,16,20,85,4,6.1526296296296294,4.46,5.306314814814814,10.588235294117647,False,W,True
306589,B17,1,55,7,18,45,0,76.74481481481482,5.169907407407408,40.95736111111111,20.0,False,S,True
306589,B82,1,104,15,14,81,5,6.035271604938272,6.584617283950617,6.309944444444445,11.11111111111111,False,W,True
306590,B42,1,152,24,31,115,12,4.208283950617284,2.9421481481481484,3.5752160493827163,7.826086956521739,True,S,True
306591,B16,0,58,10,11,48,3,8.81111111111111,8.696296296296298,8.753703703703703,18.75,False,E,True
306594,B36,0,133,29,26,112,6,3.4366172839506173,3.4804691358024695,3.4585432098765434,8.035714285714286,True,E,True
306594,B68,1,111,17,21,92,7,5.504324074074074,4.308944444444445,4.90663425925926,9.782608695652174,True,S,True
306600,B43,0,93,19,16,73,7,5.43229475308642,5.562248456790124,5.4972716049382715,12.32876712328767,False,N,True
306603,B14,0,85,12,18,68,6,7.16474537037037,5.023875,6.094310185185185,13.235294117647058,False,E,True
306604,B14,0,85,12,18,68,6,7.208310185185185,5.026402777777777,6.117356481481481,13.235294117647058,False,E,True
306619,B63,0,86,14,13,70,6,6.811111111111112,6.827777777777778,6.819444444444445,12.857142857142858,False,N,True
306620,B17,0,43,13,8,38,0,7.509024691358024,10.523055555555555,9.016040123456792,23.68421052631579,False,N,True
306622,B43,0,93,19,16,73,7,5.11349537037037,5.508101851851851,5.310798611111111,12.32876712328767,False,N,True
306623,B43,0,93,18,16,72,7,5.183256172839506,5.570782407407408,5.377019290123457,12.5,False,N,True
306624,B44,0,121,21,19,97,5,4.346634259259259,4.917222222222223,4.6319282407407405,9.278350515463918,True,N,True
306633,B61,1,99,19,19,80,6,4.920765432098765,4.935234567901235,4.928,11.25,False,S,True
306634,B61,1,99,18,18,80,6,4.941111111111111,4.828908950617285,4.885010030864198,11.25,False,S,True
306636,B35,0,121,21,23,97,7,4.65925,3.9028302469135805,4.2810401234567905,9.278350515463918,True,E,True
306639,B64,0,68,14,12,56,3,6.533705246913581,7.28929012345679,6.911497685185185,16.071428571428573,False,N,True
306655,B36,0,137,28,26,113,8,3.5832592592592594,3.5293734567901236,3.556316358024691,7.964601769911504,True,E,True
306656,B36,0,137,29,26,113,8,3.587962962962963,3.518171296296296,3.5530671296296297,7.964601769911504,True,E,True
306656,X28,0,7,4,0,7,0,12.268043121456282,,12.268043121456282,128.57142857142858,False,N,True
306656,X38,0,7,4,0,7,0,10.799641731155058,,10.799641731155058,128.57142857142858,False,N,True
306658,B36,0,137,29,26,113,9,3.545166666666667,3.479388888888889,3.512277777777778,7.964601769911504,True,E,True
306659,B38,1,115,22,18,93,5,4.256111111111111,4.962098765432099,4.609104938271605,9.67741935483871,True,W,True
306665,B45,0,78,13,17,66,3,7.050655864197531,5.566087962962963,6.308371913580247,13.636363636363637,False,E,True
306676,B43,0,93,19,16,73,7,5.408858024691358,5.570240740740741,5.489549382716049,12.32876712328767,False,N,True
306677,B43,0,93,19,16,73,7,5.380912037037037,5.58420524691358,5.4825586419753085,12.32876712328767,False,N,True
306677,B60,0,92,18,18,75,6,6.090277777777778,4.983543209876543,5.536910493827161,12.0,False,N,True
306680,B63,1,89,10,20,71,7,9.289577160493828,4.389317901234568,6.839447530864197,12.67605633802817,False,S,True
306696,B43,1,93,19,16,71,7,5.368604938271605,5.499827160493827,5.434216049382716,12.67605633802817,False,S,True
306701,B4,1,60,11,9,48,1,8.584027777777777,10.25433487654321,9.419181327160494,18.75,False,W,True
306701,B44,0,57,10,9,49,0,8.978611111111112,10.59037037037037,9.784490740740742,18.367346938775512,False,N,True
306702,B4,1,60,11,9,48,1,8.580206790123457,10.24143364197531,9.410820216049382,18.75,False,W,True
306702,B44,0,57,10,9,49,0,8.99,10.56,9.775,18.367346938775512,False,N,True
306707,B14,0,85,13,18,67,6,7.043981481481482,5.034104938271605,6.039043209876543,13.432835820895523,False,E,True
306708,B14,0,85,13,18,67,6,7.013425925925926,5.025175925925926,6.0193009259259265,13.432835820895523,False,E,True
306709,B14,0,85,12,18,67,6,7.066666666666666,5.022222222222222,6.044444444444445,13.432835820895523,False,E,True
306710,B14,0,85,12,18,67,6,7.115262345679012,5.022126543209876,6.068694444444445,13.432835820895523,False,E,True
306711,B35,0,121,21,23,96,7,4.603814814814815,3.8671234567901234,4.235469135802469,9.375,True,E,True
306713,B60,0,92,18,18,75,6,6.022222222222222,4.944444444444445,5.483333333333333,12.0,False,N,True
306716,B41,1,234,33,48,197,11,3.508683641975309,2.43520987654321,2.9719467592592594,4.568527918781726,True,S,True
306722,B60,0,92,19,17,75,5,4.993063271604938,5.533893518518519,5.263478395061728,12.0,False,N,True
306723,B60,0,92,19,17,75,5,4.9840077160493825,5.519319444444445,5.251663580246913,12.0,False,N,True
306724,B60,0,92,19,17,75,5,4.970058641975309,5.493899691358025,5.231979166666666,12.0,False,N,True
306725,B60,0,92,19,17,75,5,4.962666666666666,5.4783888888888885,5.220527777777778,12.0,False,N,True
306726,B60,0,92,19,17,75,5,4.958,5.464870370370371,5.211435185185185,12.0,False,N,True
306727,B60,0,92,19,17,75,5,4.956381172839506,5.456277777777777,5.2063294753086415,12.0,False,N,True
306728,B12,0,149,28,26,123,8,3.5364907407407404,3.462625,3.4995578703703702,7.317073170731708,True,E,True
306728,B60,0,92,19,18,75,5,4.956069444444444,5.442763888888889,5.199416666666666,12.0,False,N,True
306730,B49,1,96,21,16,79,7,4.752691358024691,5.55058487654321,5.151638117283951,11.39240506329114,False,S,True
306731,B48,0,64,12,9,48,7,7.90920524691358,9.69029938271605,8.799752314814814,18.75,False,N,True
306733,B31,0,69,15,12,54,3,7.407512345679012,7.5,7.453756172839506,16.666666666666668,False,W,True
306734,B14,1,81,13,17,65,6,6.538888888888889,5.688888888888888,6.113888888888889,13.846153846153847,False,W,True
306755,B62,0,86,18,12,65,8,5.13253549382716,7.150393518518518,6.14146450617284,13.846153846153847,False,N,True
306757,B62,0,86,18,12,65,9,5.133371913580247,7.222371913580247,6.177871913580247,13.846153846153847,False,N,True
306759,B62,0,86,17,12,65,9,5.182,7.294793209876543,6.238396604938272,13.846153846153847,False,N,True
306760,B62,0,86,17,13,65,9,5.236932098765433,7.321932098765432,6.279432098765431,13.846153846153847,False,N,True
306762,B48,0,64,12,9,48,7,7.672703703703704,9.624802469135803,8.648753086419754,18.75,False,N,True
306762,B62,0,86,18,13,65,9,5.290202160493828,7.264111111111111,6.277156635802469,13.846153846153847,False,N,True
306763,B62,0,86,18,13,65,9,5.29683950617284,7.186479938271605,6.241659722222222,13.846153846153847,False,N,True
306765,B62,0,86,18,12,64,9,5.288888888888889,7.122222222222222,6.205555555555555,14.0625,False,N,True
306777,B62,1,86,19,14,65,7,5.14471450617284,6.881425925925926,6.013070216049383,13.846153846153847,False,S,True
306778,B62,1,86,19,14,64,7,5.113296296296296,6.824074074074074,5.968685185185185,14.0625,False,S,True
306779,B62,1,86,19,14,64,7,5.074209876543209,6.771578703703704,5.922894290123456,14.0625,False,S,True
306782,B9,0,101,21,18,87,3,4.441063271604938,5.0837561728395055,4.7624097222222215,10.344827586206897,False,E,True
306783,B63,1,89,10,21,71,7,9.39542438271605,4.36429938271605,6.879861882716049,12.67605633802817,False,S,True
306784,B64,1,68,12,12,55,4,7.8920462962962965,7.460925925925926,7.676486111111111,16.363636363636363,False,S,True
306787,B31,0,69,16,12,53,3,7.177777777777778,7.5,7.338888888888889,16.9811320754717,False,W,True
306796,B62,1,86,19,13,65,7,5.1,6.983333333333333,6.041666666666667,13.846153846153847,False,S,True
306796,B67,0,53,13,12,49,0,7.769,6.765339634732458,7.30293483112632,18.367346938775512,False,N,True
306798,B57,1,65,13,11,52,1,7.233333333333333,8.922222222222222,8.077777777777778,17.307692307692307,False,W,True
306798,B62,1,86,18,13,65,7,4.833333333333333,7.0055555555555555,5.919444444444445,13.846153846153847,False,S,True
306801,B62,0,86,18,13,65,8,5.110123456790123,7.096324074074074,6.103223765432099,13.846153846153847,False,N,True
306805,B60,0,92,17,19,75,6,6.1809259259259255,4.968483024691357,5.574704475308642,12.0,False,N,True
306806,B62,0,86,16,12,64,9,5.580847222222222,7.270833333333333,6.425840277777778,14.0625,False,N,True
306808,B62,0,86,17,12,65,8,5.681475308641976,7.333796296296296,6.507635802469136,13.846153846153847,False,N,True
306810,B62,0,86,17,12,64,9,5.700797839506174,7.397222222222222,6.549010030864197,14.0625,False,N,True
306813,B62,0,86,18,12,65,8,5.129873456790123,7.082222222222223,6.106047839506173,13.846153846153847,False,N,True
306814,B62,1,86,19,13,64,6,5.028708333333333,6.796296296296296,5.912502314814815,14.0625,False,S,True
306819,B9,0,101,21,17,87,3,4.473265432098766,5.134083333333334,4.80367438271605,10.344827586206897,False,E,True
306822,B64,1,68,12,12,55,3,8.030941358024691,7.357916666666667,7.694429012345679,16.363636363636363,False,S,True
306822,X28,1,36,0,16,31,1,,6.227651234567901,6.227651234567901,29.032258064516128,False,S,True
306822,X38,1,14,0,11,14,0,,8.035373071864164,8.035373071864164,64.28571428571429,False,S,True
306827,B9,1,101,22,18,87,4,4.449094135802469,4.982283950617284,4.715689043209877,10.344827586206897,False,W,True
306828,B9,1,101,21,19,87,4,4.347185185185185,4.8715925925925925,4.609388888888889,10.344827586206897,False,W,True
306829,B9,1,101,20,18,87,4,4.614307098765432,4.842864197530864,4.728585648148148,10.344827586206897,False,W,True
306830,B9,0,101,21,18,88,3,4.459526234567901,5.189861111111111,4.824693672839506,10.227272727272727,False,E,True
306834,B62,1,86,18,13,65,7,5.064708333333333,6.953240740740741,6.008974537037036,13.846153846153847,False,S,True
306838,B35,0,206,36,41,170,8,3.144314814814815,2.8515879629629626,2.9979513888888887,5.294117647058823,True,E,True
306838,B8,0,112,20,25,90,9,4.841427469135803,3.893333333333333,4.367380401234568,10.0,True,E,True
306843,B8,1,108,24,18,88,5,4.607018518518518,5.367649691358024,4.987334104938271,10.227272727272727,False,W,True
306845,B8,1,108,25,18,89,5,4.410796296296296,5.277277777777778,4.844037037037038,10.112359550561798,False,W,True
306846,B8,1,108,24,18,89,5,4.393612654320988,5.266307098765433,4.82995987654321,10.112359550561798,False,W,True
306847,B20,0,94,18,18,80,4,5.243717592592592,4.863266975308642,5.053492283950617,11.25,False,N,True
306847,B6,1,165,27,28,126,9,3.430817901234568,3.2835555555555556,3.357186728395062,7.142857142857143,True,W,True
306847,B84,1,32,6,6,30,0,15.0,15.0,15.0,30.0,False,E,True
306848,B20,0,94,18,18,80,4,5.2603333333333335,4.887745370370371,5.074039351851852,11.25,False,N,True
306850,B6,0,165,26,29,125,8,3.6387469135802473,3.1095987654320987,3.3741728395061727,7.2,True,E,True
306851,B6,0,165,26,29,126,8,3.6260324074074073,3.111049382716049,3.368540895061728,7.142857142857143,True,E,True
306852,B6,0,165,26,29,125,8,3.606242283950617,3.112908950617284,3.3595756172839506,7.2,True,E,True
306853,B6,0,165,25,29,125,8,3.594260802469136,3.118358024691358,3.356309413580247,7.2,True,E,True
306854,B6,0,165,25,29,125,8,3.611111111111111,3.1222222222222222,3.3666666666666667,7.2,True,E,True
306854,B84,0,32,6,6,30,0,14.766666666666667,14.877777777777776,14.822222222222223,30.0,False,N,True
306855,B20,1,94,18,20,79,3,5.877777777777778,4.872222222222222,5.375,11.39240506329114,False,S,True
306855,B6,0,165,25,28,125,8,3.6598395061728395,3.1516666666666664,3.405753086419753,7.2,True,E,True
306855,B84,0,32,6,6,30,0,14.745175925925926,14.841935185185184,14.793555555555555,30.0,False,N,True
306857,B6,0,165,26,29,126,8,3.6777777777777776,3.15,3.413888888888889,7.142857142857143,True,E,True
306857,B84,0,32,6,6,30,0,14.733333333333333,14.81111111111111,14.772222222222222,30.0,False,N,True
306858,B6,1,165,27,27,126,10,3.3864814814814816,3.2566975308641974,3.3215895061728395,7.142857142857143,True,W,True
306859,B6,1,165,27,28,126,10,3.3908101851851855,3.30583487654321,3.3483225308641975,7.142857142857143,True,W,True
306860,B31,0,69,16,12,53,3,7.102668209876543,7.491563271604938,7.2971157407407405,16.9811320754717,False,W,True
306861,B31,0,69,16,12,53,3,6.9094444444444445,7.476399691358025,7.192922067901234,16.9811320754717,False,W,True
306862,B31,1,65,11,15,50,3,9.050421296296296,6.166203703703704,7.608312499999999,18.0,False,E,True
306863,B31,1,65,11,15,50,3,8.973421296296296,6.174537037037037,7.573979166666667,18.0,False,E,True
306869,B8,0,112,19,25,91,9,4.947444444444445,3.869074074074074,4.408259259259259,9.89010989010989,True,E,True
306870,B17,0,123,27,18,101,6,3.4722222222222223,5.0,4.236111111111111,8.910891089108912,True,N,True
306870,B8,0,112,20,25,91,9,4.90308024691358,3.8805555555555555,4.391817901234568,9.89010989010989,True,E,True
306874,B35,1,116,18,21,87,11,6.369222222222222,4.4481975308641974,5.4087098765432104,10.344827586206897,False,W,True
306880,B64,1,68,11,12,56,3,8.533333333333333,7.5,8.016666666666667,16.071428571428573,False,S,True
306881,B20,1,94,17,19,79,3,5.971384259259259,4.837112654320988,5.404248456790124,11.39240506329114,False,S,True
306881,B6,0,165,25,29,125,8,3.625098765432099,3.125,3.3750493827160493,7.2,True,E,True
306881,B84,0,32,6,6,30,0,14.758617283950619,14.865469135802469,14.812043209876544,30.0,False,N,True
306885,B31,0,69,16,12,53,3,7.0009953703703705,7.481916666666667,7.241456018518519,16.9811320754717,False,W,True
306887,B61,0,94,18,16,76,6,5.435094135802469,5.857009259259259,5.646051697530864,11.842105263157896,False,N,True
306890,B61,1,99,18,19,80,6,5.139444444444445,4.971916666666667,5.055680555555555,11.25,False,S,True
306894,B45,1,78,14,15,66,2,6.8401049382716055,6.58387962962963,6.711992283950617,13.636363636363637,False,W,True
306898,B4,0,54,10,12,43,4,9.620212962962963,7.863347222222222,8.741780092592592,20.930232558139537,False,E,True
306898,B44,1,78,11,10,50,10,8.50808024691358,9.021808641975309,8.764944444444444,18.0,False,S,True
306898,B44 SBS,1,71,12,13,56,0,7.628611111111111,7.142777777777778,7.385694444444444,16.071428571428573,False,S,True
306899,B4,0,54,10,12,43,4,9.643296296296295,7.846981481481481,8.74513888888889,20.930232558139537,False,E,True
306899,B44,1,78,11,10,50,10,8.505858024691358,9.019976851851851,8.762917438271606,18.0,False,S,True
306901,B41,1,234,34,48,199,10,3.4698379629629628,2.5374074074074073,3.003622685185185,4.522613065326633,True,S,True
306901,B45,0,78,13,16,67,3,6.972685185185185,5.65049537037037,6.311590277777778,13.432835820895523,False,E,True
306901,B67,1,63,13,14,51,4,8.194608024691357,6.622648148148148,7.408628086419753,17.647058823529413,False,S,True
306906,B44 SBS,1,129,24,26,113,0,3.8277777777777775,3.5444444444444443,3.686111111111111,7.964601769911504,True,S,True
306907,B2,0,61,10,12,47,2,9.58637962962963,7.438558641975308,8.512469135802469,19.148936170212767,False,E,True
306908,B17,0,123,27,18,102,6,3.4952854938271605,5.034259259259259,4.26477237654321,8.823529411764707,True,N,True
306915,B82,1,104,17,15,81,5,5.602875,6.1292731481481475,5.866074074074074,11.11111111111111,False,W,True
306916,B6,1,165,28,27,125,10,3.3450617283950614,3.3402469135802466,3.3426543209876542,7.2,True,W,True
306921,B84,1,32,6,6,30,0,15.0,15.0,15.0,30.0,False,E,True
306922,B36,0,137,28,26,112,8,3.5563333333333333,3.5546712962962963,3.555502314814815,8.035714285714286,True,E,True
306922,X28,0,7,4,0,7,0,12.351031855425378,,12.351031855425378,128.57142857142858,False,N,True
306922,X38,0,7,4,0,7,0,10.763552002940095,,10.763552002940095,128.57142857142858,False,N,True
306927,B54,0,97,18,18,80,6,4.95,4.816666666666666,4.883333333333334,11.25,False,E,True
306928,B54,0,97,19,19,80,6,4.894444444444445,4.7868055555555555,4.840625,11.25,False,E,True
306930,B54,0,97,19,19,80,6,4.894444444444445,4.84458950617284,4.869516975308642,11.25,False,E,True
306931,B54,0,97,19,19,80,6,4.894444444444445,4.879087962962964,4.886766203703703,11.25,False,E,True
306932,B54,0,97,19,19,80,6,4.894444444444445,4.916847222222222,4.905645833333334,11.25,False,E,True
306934,B54,1,97,20,19,81,5,4.934601851851852,5.038296296296296,4.986449074074074,11.11111111111111,False,W,True
306935,B54,1,97,19,19,81,5,4.9212592592592594,4.972918209876543,4.947088734567901,11.11111111111111,False,W,True
306936,B54,1,97,19,19,80,5,4.953481481481481,4.939955246913581,4.946718364197531,11.25,False,W,True
306937,B54,1,97,19,19,80,5,4.976444444444444,4.919152777777778,4.947798611111111,11.25,False,W,True
306940,B63,1,89,10,21,71,7,9.319026234567902,4.348845679012346,6.833935956790124,12.67605633802817,False,S,True
306942,B9,1,101,21,19,87,4,4.472222222222222,4.9,4.686111111111112,10.344827586206897,False,W,True
306943,B11,1,99,17,20,85,3,5.664677469135802,4.437413580246913,5.051045524691358,10.588235294117647,False,W,True
306944,B60,0,92,19,16,76,5,5.227513888888889,5.812660493827161,5.520087191358025,11.842105263157896,False,N,True
306945,B63,1,89,10,21,71,7,9.351962962962963,4.351561728395061,6.8517623456790115,12.67605633802817,False,S,True
306945,B8,0,80,12,13,62,6,7.224922839506173,7.098611111111111,7.161766975308642,14.516129032258064,False,E,True
306948,B62,1,86,18,13,65,7,5.133333333333334,6.733333333333333,5.933333333333334,13.846153846153847,False,S,True
306949,B82,0,104,16,20,80,9,5.941851851851852,4.6281481481481475,5.285,11.25,False,E,True
306950,B82,1,97,13,13,73,6,7.4285601851851855,6.687583333333333,7.05807175925926,12.32876712328767,False,W,True
306950,B82 SBS,1,106,22,20,96,0,4.752884259259259,4.38912962962963,4.571006944444445,9.375,True,W,True
306952,B62,0,86,18,13,65,8,5.094444444444445,7.133333333333334,6.113888888888889,13.846153846153847,False,N,True
306953,B62,0,86,18,13,65,8,5.122913580246914,7.061191358024691,6.092052469135803,13.846153846153847,False,N,True
306954,B62,1,86,19,13,65,7,5.166104938271605,6.931589506172839,6.048847222222222,13.846153846153847,False,S,True
306958,B48,0,64,12,9,48,6,7.251027777777778,9.96904475308642,8.610036265432099,18.75,False,N,True
306959,B70,1,75,16,14,61,4,5.9991666666666665,6.155833333333334,6.0775,14.754098360655737,False,S,True
306959,B8,0,80,12,13,62,6,7.396111111111111,6.975740740740741,7.185925925925926,14.516129032258064,False,E,True
306960,B57,0,65,11,12,54,3,7.827777777777778,7.233333333333333,7.530555555555555,16.666666666666668,False,E,True
306960,B62,0,86,18,13,65,8,5.028666666666667,7.0,6.014333333333334,13.846153846153847,False,N,True
306960,B67,0,69,12,14,55,3,7.7373209876543205,6.916398148148148,7.326859567901235,16.363636363636363,False,N,True
306961,B67,0,69,13,14,55,3,7.845700617283951,6.654685185185185,7.250192901234568,16.363636363636363,False,N,True
306962,B67,0,69,13,14,56,3,7.833575617283951,6.659481481481481,7.246528549382716,16.071428571428573,False,N,True
306965,B11,0,99,19,19,85,2,5.033333333333333,4.905555555555555,4.969444444444445,10.588235294117647,False,E,True
306967,B60,0,92,19,17,75,5,5.02695061728395,5.583154320987655,5.305052469135802,12.0,False,N,True
306974,B43,0,93,16,15,73,6,6.642246913580247,5.828195987654321,6.235221450617284,12.32876712328767,False,N,True
306979,B64,0,68,13,12,57,2,7.409365740740741,7.663888888888889,7.536627314814814,15.789473684210526,False,N,True
306980,B64,0,68,13,12,57,2,7.40157561728395,7.642777777777778,7.522176697530864,15.789473684210526,False,N,True
306982,B64,1,68,12,12,55,4,7.913632716049382,7.4709259259259255,7.692279320987654,16.363636363636363,False,S,True
306983,B64,1,68,12,12,55,4,7.951925925925925,7.4874074074074075,7.719666666666667,16.363636363636363,False,S,True
306986,B4,0,54,10,12,43,4,9.449265432098766,7.981351851851852,8.715308641975309,20.930232558139537,False,E,True
307000,B47,1,88,14,16,71,5,6.707862654320988,5.55438425925926,6.131123456790124,12.67605633802817,False,S,True
307004,B14,0,85,12,17,68,6,7.161111111111111,5.222222222222222,6.191666666666666,13.235294117647058,False,E,True
307004,B17,1,155,18,37,124,7,5.238888888888889,2.466666666666667,3.8527777777777774,7.258064516129032,True,S,True
307005,B82,0,104,16,20,80,9,5.944500000000001,4.636481481481481,5.290490740740741,11.25,False,E,True
307005,B82 SBS,0,106,24,21,94,0,4.151634259259259,4.2123641975308646,4.181999228395061,9.574468085106384,True,E,True
307011,B17,0,123,27,18,101,7,3.4500385802469133,4.882083333333333,4.1660609567901234,8.910891089108912,True,N,True
307018,B17,1,55,7,18,45,0,80.75028240740741,5.122881172839507,42.936581790123455,20.0,False,S,True
307020,B44 SBS,0,67,12,12,62,0,7.614814814814816,7.507333333333333,7.561074074074074,14.516129032258064,False,N,True
307021,B31,1,65,10,15,50,3,9.0,6.183333333333334,7.591666666666667,18.0,False,E,True
307026,B46,1,163,29,31,121,15,3.805555555555556,3.311111111111111,3.558333333333333,7.43801652892562,True,S,True
307026,B46 SBS,1,169,44,36,154,0,2.3235956790123455,2.550191358024691,2.4368935185185183,5.8441558441558445,True,S,True
307027,B17,1,155,18,37,123,7,5.211166666666667,2.497538580246913,3.85435262345679,7.317073170731708,True,S,True
307027,B46,1,163,29,30,121,15,3.8244444444444445,3.3250123456790126,3.574728395061728,7.43801652892562,True,S,True
307033,B4,1,60,12,9,48,1,8.2879012345679,10.195905864197531,9.241903549382716,18.75,False,W,True
307039,B62,0,86,18,13,66,8,5.069811728395062,7.1475,6.108655864197531,13.636363636363637,False,N,True
307039,B67,1,50,12,14,48,0,9.007895061728394,6.706413580246914,7.857154320987655,18.75,False,S,True
307040,B4,0,54,10,12,43,4,9.489992283950617,7.953277777777777,8.721635030864197,20.930232558139537,False,E,True
307041,B4,0,54,10,12,43,4,9.558972222222222,7.906052469135802,8.73251234567901,20.930232558139537,False,E,True
307042,B4,0,54,10,12,43,4,9.58674074074074,7.886117283950617,8.736429012345678,20.930232558139537,False,E,True
307045,B4,0,54,10,12,43,4,9.703899691358025,7.804111111111111,8.754005401234568,20.930232558139537,False,E,True
307047,B61,0,94,18,16,76,6,5.483333333333333,5.9,5.691666666666666,11.842105263157896,False,N,True
307049,B64,1,68,12,12,55,4,7.931666666666667,7.478888888888889,7.705277777777778,16.363636363636363,False,S,True
307070,B9,1,101,20,19,87,4,5.049592592592592,4.964388888888889,5.006990740740741,10.344827586206897,False,W,True
307071,B9,0,101,21,17,87,2,4.588888888888889,5.672222222222222,5.1305555555555555,10.344827586206897,False,E,True
307073,B9,1,101,18,18,85,5,5.988888888888889,4.944444444444445,5.466666666666667,10.588235294117647,False,W,True
307075,B9,1,101,20,18,86,4,5.072222222222222,4.927777777777778,5.0,10.465116279069768,False,W,True
307078,B37,0,51,9,9,42,1,10.601875,9.880135802469136,10.241005401234567,21.428571428571427,False,N,True
307078,X27,0,41,24,2,39,0,5.12737962962963,26.974264835358337,10.798043786279079,23.076923076923077,False,N,True
307078,X37,0,18,15,0,18,0,4.168846850712821,,4.168846850712821,50.0,False,N,True
307081,B9,1,101,20,18,87,4,4.684814814814815,4.878827160493827,4.781820987654322,10.344827586206897,False,W,True
307083,B46 SBS,0,169,41,36,157,0,2.6086882716049384,2.512986111111111,2.560837191358025,5.732484076433121,True,N,True
307086,B46,0,159,37,22,122,10,3.0177577160493825,4.612592592592592,3.815175154320988,7.377049180327869,True,N,True
307089,B46,1,139,20,23,97,17,4.97158024691358,4.105092592592593,4.538336419753086,9.278350515463918,True,S,True
307090,B46,0,136,22,16,98,10,4.1307376543209875,5.5280555555555555,4.829396604938271,9.183673469387756,True,N,True
307092,B46 SBS,0,169,41,37,157,0,2.525046296296296,2.4982345679012345,2.5116404320987655,5.732484076433121,True,N,True
307093,B46,0,136,22,17,98,10,4.111858024691358,5.542777777777777,4.827317901234568,9.183673469387756,True,N,True
307094,B46,0,136,22,17,98,10,4.089203703703704,5.613333333333333,4.851268518518519,9.183673469387756,True,N,True
307096,B48,0,64,11,9,48,6,8.516666666666667,9.63888888888889,9.077777777777778,18.75,False,N,True
307097,B3,1,132,28,21,108,6,3.246564814814815,4.2654861111111115,3.756025462962963,8.333333333333334,True,W,True
307098,B6,1,165,26,28,126,9,3.4291666666666667,3.237432098765432,3.3332993827160493,7.142857142857143,True,W,True
307098,B84,1,32,6,6,30,0,15.0,15.0,15.0,30.0,False,E,True
307099,B8,1,106,26,20,89,6,3.829444444444445,4.56741975308642,4.198432098765432,10.112359550561798,False,W,True
307102,B67,0,71,13,12,57,2,9.898344135802468,9.220583333333334,9.559463734567903,15.789473684210526,False,N,True
307102,B69,0,54,11,11,51,0,10.553436728395063,9.310305555555555,9.931871141975309,17.647058823529413,False,N,True
307103,B20,0,94,19,18,80,4,5.241944444444444,4.961580246913581,5.1017623456790115,11.25,False,N,True
307107,B82,0,104,15,20,79,9,6.213333333333334,4.630359567901235,5.421846450617283,11.39240506329114,False,E,True
307107,B83,1,105,18,20,89,2,4.877777777777778,4.625603395061728,4.751690586419754,10.112359550561798,False,S,True
307111,B9,0,101,21,18,88,3,4.399037037037036,5.208449074074074,4.803743055555556,10.227272727272727,False,E,True
307112,B9,1,101,20,19,87,4,4.527402777777778,4.856600308641975,4.692001543209877,10.344827586206897,False,W,True
307113,B9,1,101,21,19,87,4,4.480010802469136,4.882092592592593,4.681051697530864,10.344827586206897,False,W,True
307114,B43,0,93,19,16,73,7,5.141851851851852,5.489722222222222,5.315787037037037,12.32876712328767,False,N,True
307115,B15,0,145,21,23,105,13,4.503388888888889,3.9681496913580245,4.235769290123456,8.571428571428571,True,E,True
307115,B35,0,105,14,17,77,9,6.658611111111111,5.377518518518518,6.0180648148148155,11.688311688311689,False,E,True
307115,B8,0,112,19,26,90,9,4.845765432098765,3.789537037037037,4.317651234567902,10.0,True,E,True
307116,B15,1,148,22,21,110,11,4.018557098765432,4.156057098765432,4.087307098765432,8.181818181818182,True,W,True
307116,B35,1,199,33,37,161,10,3.230601851851852,3.5150339506172843,3.372817901234568,5.590062111801243,True,W,True
307119,B20,1,94,17,19,79,3,6.065432098765432,4.791328703703703,5.428380401234568,11.39240506329114,False,S,True
307121,B43,0,93,19,16,72,7,5.272222222222222,5.605555555555555,5.438888888888888,12.5,False,N,True
307122,B12,0,149,28,27,123,8,3.534814814814815,3.4779521604938273,3.506383487654321,7.317073170731708,True,E,True
307122,B14,0,85,13,18,67,6,7.089351851851851,5.057993827160494,6.073672839506173,13.432835820895523,False,E,True
307124,B54,1,97,19,17,80,6,5.096552469135802,5.155833333333334,5.126192901234568,11.25,False,W,True
307125,B54,0,97,18,20,79,6,5.240740740740741,4.720751543209876,4.980746141975308,11.39240506329114,False,E,True
307127,B44 SBS,0,122,24,24,115,0,3.790609567901235,3.7560015432098766,3.7733055555555555,7.826086956521739,True,N,True
307128,B8,1,106,26,20,89,6,3.9967222222222225,4.560740740740741,4.278731481481482,10.112359550561798,False,W,True
307129,B60,1,88,14,19,70,7,6.238888888888889,4.922222222222222,5.580555555555555,12.857142857142858,False,S,True
307132,B1,1,113,24,20,92,6,4.1722222222222225,4.533333333333333,4.352777777777778,9.782608695652174,True,E,True
307133,B64,1,68,12,12,56,3,8.148981481481481,7.383987654320988,7.766484567901235,16.071428571428573,False,S,True
307151,B54,1,97,20,18,81,6,5.000270061728395,5.30370987654321,5.151989969135802,11.11111111111111,False,W,True
307152,B54,1,97,20,18,81,5,4.977777777777778,5.027777777777778,5.002777777777778,11.11111111111111,False,W,True
307157,B47,0,99,22,17,79,6,4.274043209876543,5.308956790123457,4.7915,11.39240506329114,False,N,True
307158,B82,0,104,16,19,80,7,5.7,4.888888888888888,5.294444444444445,11.25,False,E,True
307166,B9,0,101,21,16,87,2,4.515671296296296,5.816604938271605,5.166138117283951,10.344827586206897,False,E,True
307167,B9,1,101,18,18,85,5,5.838001543209876,4.903742283950617,5.370871913580247,10.588235294117647,False,W,True
307169,B48,1,64,13,9,48,6,7.4944444444444445,10.272222222222222,8.883333333333333,18.75,False,S,True
307172,B6,1,165,28,27,125,10,3.3815,3.3133163580246916,3.347408179012346,7.2,True,W,True
307173,B60,1,88,14,19,69,7,6.270365740740741,4.884296296296297,5.577331018518518,13.043478260869565,False,S,True
307175,B52,0,125,27,21,107,5,3.4222222222222225,4.277777777777778,3.85,8.411214953271028,True,E,True
307181,B13,1,74,12,17,61,2,8.15908024691358,5.646890432098766,6.902985339506173,14.754098360655737,False,S,True
307181,B84,1,32,6,6,29,0,15.0,15.0,15.0,31.03448275862069,False,E,True
307182,B17,1,55,8,17,44,0,57.36111111111111,5.555555555555555,31.458333333333332,20.454545454545453,False,S,True
307189,B9,1,101,20,18,86,4,5.089328703703703,4.94025462962963,5.0147916666666665,10.465116279069768,False,W,True
307190,B9,1,101,20,18,86,5,5.113208333333334,4.97683950617284,5.045023919753087,10.465116279069768,False,W,True
307192,B9,1,101,19,18,86,5,5.444896604938271,5.010030864197531,5.227463734567902,10.465116279069768,False,W,True
307194,B9,0,101,21,17,88,3,4.524578703703704,5.417569444444444,4.971074074074074,10.227272727272727,False,E,True
307195,B9,0,101,21,17,88,3,4.495276234567901,5.382986111111111,4.939131172839506,10.227272727272727,False,E,True
307199,B9,0,101,21,17,87,3,4.455555555555555,5.127777777777778,4.791666666666667,10.344827586206897,False,E,True
307200,B64,1,68,11,12,56,3,8.54812962962963,7.470703703703704,8.009416666666667,16.071428571428573,False,S,True
307200,B9,0,101,20,16,87,2,4.582962962962963,6.264444444444445,5.423703703703704,10.344827586206897,False,E,True
307201,B9,0,101,21,17,87,2,4.5703302469135805,5.576597222222222,5.073463734567901,10.344827586206897,False,E,True
307203,B70,0,75,17,14,62,4,5.376759259259259,6.768575617283951,6.072667438271605,14.516129032258064,False,N,True
307203,B8,1,78,14,13,62,5,7.116280864197531,7.612054012345679,7.364167438271605,14.516129032258064,False,W,True
307205,B36,1,128,31,22,108,7,3.2297283950617284,4.073382716049383,3.6515555555555554,8.333333333333334,True,W,True
307205,X28,1,14,0,8,12,0,,12.859942816421595,12.859942816421595,75.0,False,S,True
307205,X38,1,7,0,5,7,0,,16.532008007873664,16.532008007873664,128.57142857142858,False,S,True
307206,B82,0,104,15,20,79,9,6.138888888888888,4.636694444444444,5.387791666666667,11.39240506329114,False,E,True
307206,B83,1,105,19,20,89,2,4.934814814814815,4.629578703703704,4.78219675925926,10.112359550561798,False,S,True
307207,B20,1,74,14,10,58,2,7.094944444444445,9.607438271604938,8.35119135802469,15.517241379310345,False,S,True
307208,B68,1,111,17,21,93,6,5.222222222222222,4.444444444444445,4.833333333333333,9.67741935483871,True,S,True
307210,B41,0,128,17,21,97,9,5.528282407407407,4.137413580246913,4.83284799382716,9.278350515463918,True,N,True
307210,B67,0,69,12,13,55,3,8.93716512345679,8.158333333333333,8.54774922839506,16.363636363636363,False,N,True
307214,B24,0,44,8,9,35,2,12.71734413580247,10.108297839506173,11.412820987654321,25.714285714285715,False,N,True
307221,B7,1,70,14,14,56,2,7.514842592592593,6.663888888888889,7.089365740740741,16.071428571428573,False,S,True
307225,B20,0,94,18,18,80,4,5.27229938271605,4.908817901234568,5.090558641975308,11.25,False,N,True
307227,B61,1,99,18,19,80,6,5.161111111111111,4.945640432098766,5.053375771604938,11.25,False,S,True
307228,B47,1,88,14,17,71,4,6.720111111111111,5.75074537037037,6.235428240740741,12.67605633802817,False,S,True
307238,B20,0,94,19,19,79,5,5.2444444444444445,5.133333333333334,5.188888888888888,11.39240506329114,False,N,True
307238,B25,1,107,18,18,93,4,4.988322530864197,5.245655864197531,5.116989197530865,9.67741935483871,True,W,True
307239,B25,1,107,18,18,92,4,4.986467592592592,5.219674382716049,5.103070987654321,9.782608695652174,True,W,True
307240,B25,1,107,18,18,92,4,4.986691358024691,5.210006172839505,5.098348765432099,9.782608695652174,True,W,True
307241,B25,1,107,18,18,92,4,4.993777777777778,5.182555555555555,5.088166666666667,9.782608695652174,True,W,True
307243,B25,1,107,18,18,92,4,5.013635802469136,5.154643518518518,5.084139660493827,9.782608695652174,True,W,True
307244,B25,1,107,18,18,92,4,5.018672839506173,5.1471990740740745,5.0829359567901236,9.782608695652174,True,W,True
307246,B25,1,107,18,19,92,4,5.02479938271605,5.0081651234567905,5.01648225308642,9.782608695652174,True,W,True
307247,B25,1,107,18,18,92,4,5.026472222222222,4.945246913580247,4.985859567901234,9.782608695652174,True,W,True
307248,B25,1,107,18,18,92,5,5.025413580246914,4.971535493827161,4.998474537037037,9.782608695652174,True,W,True
307249,B25,1,107,17,19,92,5,5.0675787037037034,4.94258024691358,5.0050794753086425,9.782608695652174,True,W,True
307251,B25,0,107,13,22,89,6,7.24091975308642,4.0901404320987655,5.665530092592593,10.112359550561798,False,E,True
307252,B25,0,107,13,22,89,6,7.268649691358024,4.118501543209876,5.693575617283951,10.112359550561798,False,E,True
307253,B25,0,107,13,22,89,6,7.324399691358025,4.186013888888889,5.755206790123457,10.112359550561798,False,E,True
307254,B25,0,107,12,23,89,6,7.422333333333333,4.17599537037037,5.799164351851852,10.112359550561798,False,E,True
307255,B25,0,107,12,22,88,6,7.533333333333333,4.194444444444445,5.863888888888889,10.227272727272727,False,E,True
307256,B25,0,107,12,22,88,6,7.664234567901234,4.21366512345679,5.938949845679013,10.227272727272727,False,E,True
307257,B25,0,107,12,22,88,6,7.792794753086421,4.2399151234567904,6.016354938271605,10.227272727272727,False,E,True
307258,B25,1,107,18,19,92,5,5.109396604938271,4.883481481481481,4.996439043209876,9.782608695652174,True,W,True
307259,B25,0,107,12,22,88,6,7.924418209876544,4.27438425925926,6.099401234567901,10.227272727272727,False,E,True
307260,B25,0,107,12,23,88,6,8.054583333333333,4.261388888888889,6.157986111111112,10.227272727272727,False,E,True
307263,B25,0,107,12,22,88,6,8.162168209876544,4.287444444444445,6.224806327160493,10.227272727272727,False,E,True
307269,B13,0,74,13,18,63,3,7.5,5.394444444444445,6.447222222222222,14.285714285714286,False,N,True
307269,B13,1,74,11,16,61,2,8.177777777777779,5.9,7.038888888888889,14.754098360655737,False,S,True
307269,B14,1,81,13,15,65,5,6.733333333333333,5.966666666666667,6.35,13.846153846153847,False,W,True
307305,B20,1,94,16,19,78,2,6.772222222222222,4.722222222222222,5.747222222222222,11.538461538461538,False,S,True
307306,B15,0,145,20,22,106,12,4.583233024691357,3.977388888888889,4.280310956790123,8.49056603773585,True,E,True
307306,B47,1,88,14,17,71,5,6.628425925925926,5.500487654320988,6.064456790123457,12.67605633802817,False,S,True
307308,B12,0,149,28,26,124,8,3.4288626543209877,3.490973765432099,3.459918209876543,7.258064516129032,True,E,True
307309,B12,1,149,29,23,122,8,3.1886203703703706,4.003574074074074,3.5960972222222223,7.377049180327869,True,W,True
307310,B48,0,64,12,9,48,6,7.596233024691358,9.929876543209875,8.763054783950617,18.75,False,N,True
307311,B3,0,127,22,22,103,6,4.285450617283951,4.133631172839506,4.209540895061728,8.737864077669903,True,E,True
307313,B8,0,102,18,16,82,6,5.455555555555555,5.894444444444445,5.675,10.975609756097562,False,E,True
307318,B36,0,133,29,26,112,6,3.5008518518518517,3.471936728395062,3.4863942901234566,8.035714285714286,True,E,True
307320,B54,1,97,19,18,81,6,5.083333333333333,5.166666666666667,5.125,11.11111111111111,False,W,True
307322,B17,0,43,13,9,38,0,7.172222222222222,10.416666666666666,8.794444444444444,23.68421052631579,False,N,True
307331,B15,1,111,12,11,73,11,7.8431342592592594,8.384722222222221,8.11392824074074,12.32876712328767,False,W,True
307332,B15,0,145,20,23,106,13,4.488888888888889,4.038888888888889,4.263888888888889,8.49056603773585,True,E,True
307333,B15,0,113,11,12,74,13,8.680555555555555,8.054552469135803,8.36755401234568,12.162162162162161,False,E,True
307355,B25,1,107,16,21,92,5,5.538888888888889,4.417283950617284,4.978086419753086,9.782608695652174,True,W,True
307360,B67,1,63,12,14,52,4,7.842436728395062,6.620541666666667,7.231489197530864,17.307692307692307,False,S,True
307361,B47,0,99,20,18,79,5,4.866666666666666,5.205555555555555,5.036111111111111,11.39240506329114,False,N,True
307370,B12,1,149,29,23,122,7,3.1975231481481483,4.085983024691358,3.641753086419753,7.377049180327869,True,W,True
307370,B14,1,81,13,16,65,5,7.069537037037037,5.565878086419754,6.317707561728395,13.846153846153847,False,W,True
307373,B46,1,136,20,20,95,15,4.783033950617284,4.7301018518518525,4.756567901234567,9.473684210526315,True,S,True
307383,B2,0,61,10,12,47,1,9.811938271604937,7.33500925925926,8.5734737654321,19.148936170212767,False,E,True
307383,B31,1,65,10,16,50,3,9.209131172839506,6.175913580246913,7.69252237654321,18.0,False,E,True
307384,B2,0,61,10,12,47,2,9.736104938271605,7.366587962962964,8.551346450617283,19.148936170212767,False,E,True
307384,B31,1,65,11,15,50,3,9.22013888888889,6.158719135802469,7.68942901234568,18.0,False,E,True
307385,B2,1,65,14,13,53,1,8.044172839506173,7.440251543209877,7.742212191358025,16.9811320754717,False,W,True
307385,B31,0,69,16,12,53,3,6.736253086419753,7.4736064814814815,7.104929783950618,16.9811320754717,False,W,True
307386,B2,1,65,14,12,53,1,7.786888888888888,7.333708333333333,7.560298611111111,16.9811320754717,False,W,True
307386,B31,0,69,17,12,53,3,6.486320987654321,7.483283950617284,6.984802469135802,16.9811320754717,False,W,True
307389,B6,1,237,45,34,176,16,2.6898395061728393,3.396938271604938,3.043388888888889,5.113636363636363,True,W,True
307390,B15,0,145,21,23,106,12,4.416222222222222,3.9475555555555553,4.1818888888888885,8.49056603773585,True,E,True
307393,B15,0,145,19,22,105,13,4.7444444444444445,4.222222222222222,4.483333333333333,8.571428571428571,True,E,True
307394,B11,0,99,19,19,86,2,4.881788580246914,4.801404320987655,4.841596450617284,10.465116279069768,False,E,True
307397,B47,0,99,20,18,79,5,4.759259259259259,5.146407407407407,4.952833333333333,11.39240506329114,False,N,True
307398,B20,0,94,18,19,80,4,5.236651234567901,4.867552469135802,5.052101851851853,11.25,False,N,True
307398,B6,1,165,27,27,126,9,3.4409058641975308,3.2831759259259257,3.3620408950617287,7.142857142857143,True,W,True
307398,B84,1,32,6,6,30,0,15.0,15.0,15.0,30.0,False,E,True
307403,B41,1,234,36,47,200,10,3.0222222222222226,2.6222222222222222,2.8222222222222224,4.5,True,S,True
307404,B26,0,112,20,21,91,8,5.405555555555555,4.283333333333333,4.844444444444445,9.89010989010989,True,E,True
307408,B61,1,99,19,18,80,6,5.134611111111111,5.080185185185186,5.107398148148148,11.25,False,S,True
307408,B65,0,74,12,13,60,2,7.131111111111111,6.911333333333333,7.021222222222222,15.0,False,E,True
307426,B57,1,65,13,11,52,1,7.427103395061729,9.13049537037037,8.27879938271605,17.307692307692307,False,W,True
307426,B62,1,86,19,13,65,7,4.95933487654321,6.959259259259259,5.959297067901234,13.846153846153847,False,S,True
307432,B6,0,260,43,48,208,8,2.8226913580246915,2.485354938271605,2.654023148148148,4.326923076923077,True,E,True
307432,B82,0,104,16,20,79,8,5.893061728395062,4.736361111111111,5.3147114197530865,11.39240506329114,False,E,True
307441,B2,1,65,13,12,52,0,8.71111111111111,7.5,8.105555555555556,17.307692307692307,False,W,True
307460,B25,0,107,15,22,91,6,6.223617283950618,4.154012345679012,5.188814814814815,9.89010989010989,True,E,True
307460,B38,0,191,37,36,168,6,3.1563117283950617,3.6389768518518517,3.397644290123457,5.357142857142857,True,E,True
307460,B52,0,125,27,22,107,5,3.4222222222222225,4.322222222222222,3.8722222222222222,8.411214953271028,True,E,True
307475,B8,0,112,20,25,91,9,4.935402777777778,3.8737962962962964,4.404599537037037,9.89010989010989,True,E,True
307477,B11,1,99,19,20,85,3,4.902422839506173,4.523020061728395,4.712721450617284,10.588235294117647,False,W,True
307477,B6,1,124,20,18,87,13,4.575648148148148,5.006248456790123,4.790948302469135,10.344827586206897,False,W,True
307478,B11,1,99,19,20,86,3,4.895320987654321,4.527875,4.71159799382716,10.465116279069768,False,W,True
307478,B6,1,264,49,43,209,14,2.5188364197530864,2.712760802469136,2.615798611111111,4.30622009569378,True,W,True
307479,B11,1,99,19,20,86,3,4.8875570987654315,4.5394151234567905,4.713486111111111,10.465116279069768,False,W,True
307479,B6,1,124,19,18,86,14,4.600074074074074,5.03170987654321,4.815891975308642,10.465116279069768,False,W,True
307480,B11,1,99,18,20,86,3,4.921734567901235,4.554191358024692,4.737962962962963,10.465116279069768,False,W,True
307480,B6,1,264,49,44,207,14,2.5358179012345676,2.7215200617283952,2.6286689814814816,4.3478260869565215,True,W,True
307482,B11,1,99,18,21,86,3,5.027777777777778,4.488888888888889,4.758333333333334,10.465116279069768,False,W,True
307482,B6,1,264,49,44,207,14,2.555555555555556,2.716666666666667,2.636111111111111,4.3478260869565215,True,W,True
307484,B11,1,99,16,21,84,4,6.466666666666667,4.422222222222222,5.444444444444445,10.714285714285714,False,W,True
307485,B11,0,93,15,17,78,1,6.028333333333333,5.648450617283951,5.8383919753086415,11.538461538461538,False,E,True
307486,B70,1,75,16,15,60,3,6.016666666666667,6.259138888888889,6.137902777777778,15.0,False,S,True
307487,B70,1,75,16,15,60,3,5.974074074074074,6.212648148148148,6.093361111111111,15.0,False,S,True
307488,B16,1,59,9,13,50,2,9.524962962962963,7.0516851851851845,8.288324074074074,18.0,False,W,True
307488,B70,1,75,16,15,60,4,5.982861111111111,6.170162037037037,6.0765115740740745,15.0,False,S,True
307489,B16,1,59,9,13,50,2,9.585069444444445,7.055555555555555,8.3203125,18.0,False,W,True
307489,B70,1,75,16,15,60,4,5.993121913580247,6.1290555555555555,6.061088734567901,15.0,False,S,True
307490,B16,1,59,9,13,50,2,9.645345679012346,7.062140432098766,8.353743055555556,18.0,False,W,True
307490,B70,1,75,16,15,60,4,6.001371913580247,6.088611111111111,6.044991512345678,15.0,False,S,True
307491,B25,0,107,15,22,90,6,6.266628086419753,4.1574182098765435,5.212023148148148,10.0,True,E,True
307491,B26,0,112,19,21,91,8,5.75525462962963,4.1795941358024695,4.967424382716049,9.89010989010989,True,E,True
307491,B38,0,191,38,38,169,7,3.233888888888889,3.6147037037037038,3.4242962962962964,5.325443786982248,True,E,True
307491,B52,0,125,26,21,106,5,3.429777777777778,4.284638888888889,3.8572083333333333,8.49056603773585,True,E,True
307492,B25,1,107,17,20,92,5,5.478564814814815,4.523070987654321,5.000817901234568,9.782608695652174,True,W,True
307492,B26,1,111,21,21,92,7,4.522666666666667,4.354319444444444,4.438493055555555,9.782608695652174,True,W,True
307492,B38,1,191,41,39,169,5,2.9833333333333334,3.5722222222222224,3.2777777777777777,5.325443786982248,True,W,True
307492,B52,1,126,28,21,108,5,3.4028240740740743,4.318796296296297,3.8608101851851853,8.333333333333334,True,W,True
307493,B54,0,97,19,19,79,6,4.894444444444445,4.882003086419753,4.888223765432099,11.39240506329114,False,E,True
307493,B57,0,65,12,13,54,3,8.03234413580247,7.313350308641975,7.672847222222222,16.666666666666668,False,E,True
307493,B62,0,86,18,12,65,8,5.111685185185185,7.107777777777778,6.109731481481481,13.846153846153847,False,N,True
307496,B6,1,237,45,37,180,14,2.697317901234568,3.03753549382716,2.867426697530864,5.0,True,W,True
307497,B6,1,237,45,36,179,14,2.695679012345679,3.0481481481481483,2.8719135802469133,5.027932960893855,True,W,True
307499,B9,1,101,19,18,86,5,5.245788580246914,4.935617283950617,5.090702932098766,10.465116279069768,False,W,True
307501,B1,0,118,20,18,91,7,4.473541666666667,4.886041666666667,4.6797916666666675,9.89010989010989,True,W,True
307501,B16,1,59,10,14,50,2,9.702333333333334,7.0019382716049385,8.352135802469137,18.0,False,W,True
307506,B25,1,107,18,19,92,4,5.022222222222222,5.094444444444445,5.058333333333334,9.782608695652174,True,W,True
307508,B82,0,104,17,20,80,8,5.653158950617284,4.852449074074074,5.2528040123456785,11.25,False,E,True
307508,B82 SBS,0,106,25,22,95,0,3.6539444444444444,4.040311728395062,3.847128086419753,9.473684210526315,True,E,True
307510,B9,1,101,20,18,87,4,4.856439814814816,4.956711419753087,4.90657561728395,10.344827586206897,False,W,True
307511,B26,1,111,22,20,92,6,4.2975,4.703817901234568,4.500658950617284,9.782608695652174,True,W,True
307513,B16,1,59,9,13,50,2,9.455550925925927,7.051155864197531,8.253353395061728,18.0,False,W,True
307515,B16,1,59,10,13,50,2,9.46111111111111,6.955555555555555,8.208333333333334,18.0,False,W,True
307516,B41,1,137,17,25,102,12,5.108333333333333,3.8492006172839504,4.478766975308642,8.823529411764707,True,S,True
307518,B16,1,59,10,13,50,1,9.452175925925927,7.114830246913581,8.283503086419753,18.0,False,W,True
307520,B49,0,91,17,16,75,4,5.2959351851851855,5.440652777777777,5.368293981481481,12.0,False,N,True
307521,B61,1,99,18,19,80,6,5.237222222222223,4.862037037037037,5.04962962962963,11.25,False,S,True
307521,B67,1,63,12,15,52,4,8.22533024691358,6.518907407407408,7.372118827160493,17.307692307692307,False,S,True
307521,B69,1,50,13,11,47,0,7.4173428879020324,8.120203703703703,7.783911209838388,19.148936170212767,False,S,True
307526,B74,1,118,24,28,104,0,3.9111867283950614,3.2240555555555557,3.5676211419753088,8.653846153846153,True,E,True
307531,B82,1,104,15,14,81,5,5.856236111111111,6.5600000000000005,6.2081180555555555,11.11111111111111,False,W,True
307532,B82,1,104,16,14,81,5,5.865439814814815,6.546851851851852,6.206145833333333,11.11111111111111,False,W,True
307533,B82,1,104,16,14,81,6,5.8541496913580255,6.5307407407407405,6.192445216049382,11.11111111111111,False,W,True
307534,B82,0,104,16,19,80,7,5.734541666666667,4.891637345679013,5.313089506172839,11.25,False,E,True
307535,B82,0,104,16,19,80,8,5.770574074074074,4.896179012345679,5.3333765432098765,11.25,False,E,True
307538,B11,1,99,16,20,85,4,6.176819444444445,4.4961111111111105,5.336465277777778,10.588235294117647,False,W,True
307539,B83,1,105,19,20,90,2,4.98,4.633844135802469,4.806922067901235,10.0,True,S,True
307540,B63,0,86,15,17,69,6,7.105555555555555,5.111111111111112,6.108333333333333,13.043478260869565,False,N,True
307541,B25,1,107,18,19,92,5,5.10949537037037,4.912430555555556,5.010962962962963,9.782608695652174,True,W,True
307547,B52,0,125,26,21,107,5,3.5735555555555556,4.3180509259259265,3.9458032407407404,8.411214953271028,True,E,True
307548,B52,0,125,26,21,107,5,3.578543209876543,4.32232561728395,3.950434413580247,8.411214953271028,True,E,True
307549,B52,0,125,26,21,107,5,3.5842052469135806,4.328135802469136,3.956170524691358,8.411214953271028,True,E,True
307550,B52,0,125,26,21,106,5,3.5959074074074073,4.339768518518519,3.967837962962963,8.49056603773585,True,E,True
307551,B52,0,125,26,21,106,5,3.6119166666666667,4.356086419753086,3.9840015432098768,8.49056603773585,True,E,True
307552,B52,0,125,25,21,106,5,3.6439043209876543,4.3561805555555555,4.000042438271604,8.49056603773585,True,E,True
307553,B48,1,64,12,10,48,6,7.469601851851851,9.921382716049383,8.695492283950617,18.75,False,S,True
307553,B52,0,125,25,21,106,5,3.7100401234567904,4.352080246913581,4.0310601851851855,8.49056603773585,True,E,True
307572,B52,1,126,28,22,108,6,3.354865740740741,4.1937191358024695,3.774292438271605,8.333333333333334,True,W,True
307573,B52,1,126,28,22,108,5,3.375628086419753,4.19695987654321,3.786293981481481,8.333333333333334,True,W,True
307575,B52,1,126,28,21,107,5,3.3980570987654324,4.24400462962963,3.821030864197531,8.411214953271028,True,W,True
307576,B52,1,126,28,22,107,5,3.3990756172839505,4.272084876543209,3.83558024691358,8.411214953271028,True,W,True
307577,B52,1,126,27,22,107,5,3.414733024691358,4.2600293209876545,3.8373811728395064,8.411214953271028,True,W,True
307578,B62,0,86,17,12,64,9,5.706373456790123,7.427777777777778,6.56707561728395,14.0625,False,N,True
307581,B35,0,105,15,17,79,7,6.014166666666667,5.324861111111111,5.669513888888889,11.39240506329114,False,E,True
307582,B8,0,80,12,13,62,6,7.177777777777778,7.111111111111112,7.144444444444445,14.516129032258064,False,E,True
307585,B11,1,99,16,21,85,4,6.204012345679013,4.489722222222222,5.346867283950617,10.588235294117647,False,W,True
307588,B57,0,65,12,13,54,3,7.767277777777778,7.046222222222222,7.40675,16.666666666666668,False,E,True
307588,B69,1,50,13,12,48,0,8.314705246913581,7.539615740740741,7.92716049382716,18.75,False,S,True
307591,B82,0,104,17,19,79,8,5.724251543209877,4.90283950617284,5.313545524691358,11.39240506329114,False,E,True
307593,B8,1,78,14,13,62,6,7.2236265432098765,7.644967592592593,7.434297067901235,14.516129032258064,False,W,True
307595,B65,0,74,13,13,60,2,7.051388888888889,6.958944444444445,7.005166666666667,15.0,False,E,True
307596,B52,1,126,28,22,108,5,3.3906157407407407,4.204186728395062,3.7974012345679014,8.333333333333334,True,W,True
307599,B13,0,74,13,17,62,3,7.5,5.324722222222222,6.412361111111111,14.516129032258064,False,N,True
307599,B15,1,37,12,11,37,0,7.634814814814815,8.234814814814815,7.934814814814815,24.324324324324323,False,W,True
307599,B20,0,94,18,18,80,4,5.386111111111111,4.965277777777778,5.175694444444445,11.25,False,N,True
307600,B20,1,94,18,19,79,3,5.938444444444444,4.85567438271605,5.397059413580247,11.39240506329114,False,S,True
307600,B6,0,165,25,28,125,8,3.644427469135802,3.133888888888889,3.389158179012346,7.2,True,E,True
307600,B84,0,32,6,6,30,0,14.752216049382717,14.853604938271605,14.802910493827161,30.0,False,N,True
307615,B60,1,88,14,19,70,7,6.2778425925925925,4.911444444444444,5.594643518518519,12.857142857142858,False,S,True
307616,B62,0,86,16,12,64,8,5.656637345679012,7.301388888888889,6.479013117283951,14.0625,False,N,True
307618,B11,0,99,19,17,85,1,5.116728395061728,5.423981481481481,5.2703549382716055,10.588235294117647,False,E,True
307619,B11,0,99,19,18,86,2,5.021913580246914,5.104212962962963,5.063063271604938,10.465116279069768,False,E,True
307623,B68,0,111,14,23,89,7,6.891472222222222,4.079114197530864,5.485293209876543,10.112359550561798,False,N,True
307625,B9,0,101,21,17,87,3,4.472577160493827,5.1453240740740736,4.8089506172839505,10.344827586206897,False,E,True
307626,B49,1,91,17,16,74,7,5.544279320987655,5.524893518518519,5.5345864197530865,12.162162162162161,False,S,True
307627,B13,1,74,12,16,61,2,8.323333333333332,5.93962962962963,7.131481481481482,14.754098360655737,False,S,True
307627,B15,0,145,21,23,106,13,4.5293580246913585,3.991092592592593,4.260225308641975,8.49056603773585,True,E,True
307627,B20,1,94,17,19,80,3,5.793055555555555,4.854074074074075,5.323564814814815,11.25,False,S,True
307628,B13,1,74,12,16,61,2,8.222222222222221,5.922222222222222,7.072222222222222,14.754098360655737,False,S,True
307628,B20,1,94,17,18,80,3,5.811111111111112,4.861111111111112,5.336111111111111,11.25,False,S,True
307629,B13,1,74,12,16,61,2,8.182037037037038,5.9164814814814815,7.04925925925926,14.754098360655737,False,S,True
307629,B14,0,85,12,18,68,7,7.167992283950617,5.041956790123456,6.104974537037037,13.235294117647058,False,E,True
307629,B20,1,94,17,18,80,3,5.820833333333334,4.883796296296296,5.352314814814815,11.25,False,S,True
307631,B25,0,107,13,22,88,6,8.138,4.268296296296296,6.203148148148148,10.227272727272727,False,E,True
307632,B48,1,64,12,9,47,6,7.96404475308642,11.480081790123457,9.72206327160494,19.148936170212767,False,S,True
307636,B41,1,117,14,23,95,7,8.104074074074074,5.3181620370370375,6.711118055555556,9.473684210526315,True,S,True
307636,B46,1,139,20,22,97,17,4.932740740740741,4.13,4.53137037037037,9.278350515463918,True,S,True
307637,B46,0,136,23,17,98,11,4.0599537037037035,5.51300925925926,4.786481481481482,9.183673469387756,True,N,True
307637,B47,0,99,21,17,79,7,4.277777777777778,5.344444444444445,4.811111111111112,11.39240506329114,False,N,True
307638,B16,0,58,11,11,47,4,9.392109871377652,8.047444444444444,8.71837354055517,19.148936170212767,False,E,True
307639,B16,0,58,11,12,47,4,9.363419872992155,8.039506172839506,8.698631516954931,19.148936170212767,False,E,True
307641,B16,0,58,10,12,47,4,9.304545454545455,7.916666666666667,8.602808988764046,19.148936170212767,False,E,True
307642,B16,0,58,10,12,47,4,9.324877333843116,7.871296296296296,8.586533095036527,19.148936170212767,False,E,True
307643,B16,1,59,9,12,49,1,9.304444444444444,7.935333333333333,8.61988888888889,18.367346938775512,False,W,True
307644,B16,1,59,9,12,49,1,9.39712962962963,7.880655864197531,8.63889274691358,18.367346938775512,False,W,True
307645,B16,1,59,9,12,49,1,9.5,7.827777777777778,8.66388888888889,18.367346938775512,False,W,True
307646,B16,0,58,10,12,47,4,9.339306358381503,7.833333333333333,8.571388101983002,19.148936170212767,False,E,True
307646,B41,1,237,35,48,200,11,3.2777777777777777,2.433333333333333,2.8555555555555556,4.5,True,S,True
307647,B16,0,58,11,10,49,3,8.725617283950617,8.801046296296297,8.763331790123457,18.367346938775512,False,E,True
307647,B70,0,75,18,14,62,4,5.297592592592593,6.683524691358025,5.9905586419753085,14.516129032258064,False,N,True
307649,B13,1,74,12,17,61,2,8.234297839506173,5.805731481481482,7.020014660493827,14.754098360655737,False,S,True
307649,B84,1,32,6,6,30,0,15.0,15.0,15.0,30.0,False,E,True
307656,B9,1,101,19,18,86,5,5.398819444444444,4.985382716049383,5.192101080246913,10.465116279069768,False,W,True
307665,B49,1,97,18,15,80,6,5.122222222222222,5.911111111111111,5.516666666666667,11.25,False,S,True
307666,B8,0,102,18,18,83,7,5.210104938271605,5.298148148148148,5.2541265432098765,10.843373493975903,False,E,True
307668,B46 SBS,0,169,41,37,157,0,2.590981481481481,2.5236851851851854,2.5573333333333332,5.732484076433121,True,N,True
307669,B4,0,54,10,12,43,4,9.67995987654321,7.820856481481481,8.750408179012345,20.930232558139537,False,E,True
307669,B44,1,78,11,10,50,10,8.502895061728395,9.017887345679013,8.760391203703703,18.0,False,S,True
307674,B52,0,125,25,21,106,5,3.784222222222222,4.3516111111111115,4.067916666666666,8.49056603773585,True,E,True
307675,B52,0,125,25,21,106,6,3.841527777777778,4.353941358024691,4.0977345679012345,8.49056603773585,True,E,True
307676,B52,0,125,26,21,106,6,3.9277777777777776,4.361111111111112,4.144444444444444,8.49056603773585,True,E,True
307677,B52,0,125,25,21,106,6,3.8987546296296296,4.3734166666666665,4.136085648148148,8.49056603773585,True,E,True
307678,B52,0,125,25,21,105,6,3.906527777777778,4.391967592592593,4.149247685185185,8.571428571428571,True,E,True
307679,B52,0,125,25,21,105,6,3.917597222222222,4.381611111111111,4.149604166666666,8.571428571428571,True,E,True
307680,B52,0,125,25,21,105,6,3.932445987654321,4.376766975308642,4.154606481481482,8.571428571428571,True,E,True
307681,B52,0,125,24,21,105,6,3.965592592592593,4.377560185185185,4.171576388888889,8.571428571428571,True,E,True
307682,B52,0,125,24,20,105,6,4.036777777777778,4.390037037037037,4.2134074074074075,8.571428571428571,True,E,True
307683,B52,0,125,24,20,105,6,4.111828703703703,4.446824074074074,4.279326388888889,8.571428571428571,True,E,True
307684,B52,0,125,24,21,104,6,4.189481481481481,4.434962962962962,4.312222222222222,8.653846153846153,True,E,True
307687,B52,0,125,23,20,104,6,4.566666666666666,4.409111111111112,4.487888888888889,8.653846153846153,True,E,True
307688,B52,0,125,23,20,104,6,4.618055555555555,4.4285246913580245,4.52329012345679,8.653846153846153,True,E,True
307689,B52,0,125,24,20,105,6,4.649240740740741,4.457589506172839,4.55341512345679,8.571428571428571,True,E,True
307690,B52,0,125,24,20,105,6,4.654416666666666,4.481958333333334,4.5681875,8.571428571428571,True,E,True
307691,B52,0,125,23,21,105,6,4.67962962962963,4.47741975308642,4.578524691358025,8.571428571428571,True,E,True
307695,B61,1,99,19,18,80,6,4.9795694444444445,4.963381172839506,4.971475308641975,11.25,False,S,True
307696,B57,0,65,12,12,54,3,7.427777777777778,7.522222222222222,7.475,16.666666666666668,False,E,True
307699,B26,0,112,20,21,91,8,5.482733024691358,4.306216049382716,4.894474537037038,9.89010989010989,True,E,True
307702,B9,0,101,21,17,88,2,4.53416512345679,5.456888888888889,4.995527006172839,10.227272727272727,False,E,True
307706,B11,0,99,19,20,86,2,4.91316512345679,4.549858024691358,4.731511574074074,10.465116279069768,False,E,True
307706,B6,0,260,41,48,209,7,3.000015432098765,2.4490555555555553,2.7245354938271604,4.30622009569378,True,E,True
307709,B35,0,121,20,23,96,6,4.752530864197531,3.961759259259259,4.357145061728395,9.375,True,E,True
307709,B70,1,75,15,14,59,3,7.272253086419753,7.329074074074074,7.300663580246914,15.254237288135593,False,S,True
307712,B64,0,68,14,12,57,3,6.941331790123456,7.526993827160494,7.234162808641975,15.789473684210526,False,N,True
307713,B64,1,68,12,13,55,4,7.986319444444445,7.427777777777778,7.7070486111111105,16.363636363636363,False,S,True
307728,B46,1,136,20,19,96,14,4.681853395061728,4.905864197530864,4.793858796296296,9.375,True,S,True
307728,B46 SBS,1,169,44,36,155,0,2.384570987654321,2.5256018518518517,2.4550864197530866,5.806451612903226,True,S,True
307737,B44,1,123,20,19,95,8,4.383333333333334,4.622222222222222,4.502777777777778,9.473684210526315,True,S,True
307737,B44 SBS,1,129,24,26,115,0,3.8063703703703706,3.516817901234568,3.661594135802469,7.826086956521739,True,S,True
307738,B6,0,233,34,40,181,7,3.488888888888889,2.788888888888889,3.138888888888889,4.972375690607735,True,E,True
307739,B82,1,104,17,15,81,5,5.61832561728395,6.158753086419753,5.888539351851851,11.11111111111111,False,W,True
307742,B7,0,58,16,14,57,0,6.08024537037037,6.897191358024691,6.48871836419753,15.789473684210526,False,N,True
307780,X27,0,41,23,1,38,0,5.596393518518519,27.591666666666665,10.757356553988615,23.68421052631579,False,N,True
307780,X37,0,18,14,0,18,0,4.110258148561706,,4.110258148561706,50.0,False,N,True
307784,B63,1,89,10,21,71,7,9.375333333333334,4.357180555555556,6.866256944444444,12.67605633802817,False,S,True
307789,B17,1,55,8,17,44,0,66.6508487654321,5.6109182098765435,36.130883487654316,20.454545454545453,False,S,True
307790,B35,1,203,37,38,164,10,3.3040462962962964,3.5605956790123456,3.4323209876543213,5.487804878048781,True,W,True
307791,B35,0,206,36,41,172,7,3.0962654320987655,2.8480432098765434,2.9721543209876544,5.232558139534884,True,E,True
307792,B35,0,206,36,41,173,7,3.074475308641975,2.8116697530864196,2.943072530864198,5.202312138728324,True,E,True
307793,B35,1,203,37,38,164,10,3.3033333333333332,3.497333333333333,3.4003333333333337,5.487804878048781,True,W,True
307794,B35,0,206,37,41,173,7,3.0589151234567904,2.775983024691358,2.917449074074074,5.202312138728324,True,E,True
307795,B35,1,203,37,38,164,10,3.4136820987654324,3.4179861111111114,3.4158341049382717,5.487804878048781,True,W,True
307798,B62,1,86,18,14,66,7,5.583399691358025,6.58633024691358,6.084864969135803,13.636363636363637,False,S,True
307804,B60,0,92,18,18,76,5,5.051104938271605,5.267685185185186,5.159395061728395,11.842105263157896,False,N,True
307806,B4,0,54,10,12,43,4,9.743279320987654,7.775333333333333,8.759306327160493,20.930232558139537,False,E,True
307809,B24,0,44,7,9,35,2,13.314569444444443,10.129652777777778,11.722111111111111,25.714285714285715,False,N,True
307811,B15,0,145,19,23,106,13,4.678567901234568,4.080847222222222,4.379707561728395,8.49056603773585,True,E,True
307811,B65,0,74,12,13,60,2,7.844444444444445,6.605555555555555,7.225,15.0,False,E,True
307812,B15,0,145,20,23,106,13,4.6733873456790125,4.030777777777778,4.352082561728395,8.49056603773585,True,E,True
307812,B65,0,74,12,13,60,2,7.854367283950618,6.672614197530864,7.263490740740741,15.0,False,E,True
307813,B15,0,145,20,23,106,13,4.658242283950617,3.9928348765432102,4.3255385802469135,8.49056603773585,True,E,True
307813,B65,0,74,12,13,59,2,7.859608024691358,6.7330000000000005,7.296304012345678,15.254237288135593,False,E,True
307814,B15,0,145,20,22,106,12,4.645191358024691,4.015932098765432,4.330561728395062,8.49056603773585,True,E,True
307814,B65,0,74,12,13,59,2,7.863185185185185,6.782962962962963,7.323074074074074,15.254237288135593,False,E,True
307815,B65,0,74,13,14,60,2,6.992484567901235,6.804881172839506,6.89868287037037,15.0,False,E,True
307816,B65,0,74,12,13,60,2,7.131037037037037,6.725049382716049,6.928043209876543,15.0,False,E,True
307817,B65,0,74,12,13,59,2,7.231304012345679,6.751592592592592,6.991448302469136,15.254237288135593,False,E,True
307819,B65,0,74,12,13,59,2,7.44537037037037,6.827407407407407,7.136388888888889,15.254237288135593,False,E,True
307820,B65,0,74,12,14,60,2,7.65158024691358,6.866337962962962,7.258959104938271,15.0,False,E,True
307821,B65,0,74,12,14,60,2,7.738148148148148,6.773223765432099,7.255685956790123,15.0,False,E,True
307822,B65,0,74,13,14,60,2,7.7907824074074075,6.699490740740741,7.245136574074073,15.0,False,E,True
307823,B65,0,74,12,14,60,2,7.773777777777778,6.631842592592593,7.202810185185185,15.0,False,E,True
307824,B65,1,76,13,13,61,2,7.026543209876544,7.127006172839506,7.0767746913580245,14.754098360655737,False,W,True
307825,B65,1,76,13,13,62,2,7.037694444444444,7.094066358024691,7.065880401234568,14.516129032258064,False,W,True
307826,B65,1,76,13,13,62,2,7.046723765432099,7.065416666666667,7.056070216049382,14.516129032258064,False,W,True
307827,B65,1,76,14,13,62,2,7.045941358024692,6.976597222222223,7.011269290123456,14.516129032258064,False,W,True
307828,B65,1,76,13,13,61,3,6.911111111111111,7.05,6.980555555555555,14.754098360655737,False,W,True
307829,B65,1,76,13,13,61,3,6.9678657407407405,6.993339506172839,6.98060262345679,14.754098360655737,False,W,True
307831,B69,1,50,12,12,48,0,8.247401234567901,7.61625925925926,7.93183024691358,18.75,False,S,True
307832,B9,0,101,21,18,88,3,4.415157407407407,5.168030864197531,4.791594135802469,10.227272727272727,False,E,True
307833,B63,1,89,11,20,72,6,8.557375,4.529328703703703,6.543351851851852,12.5,False,S,True
307835,B68,0,111,15,21,91,7,5.805000000000001,4.292260802469135,5.0486304012345675,9.89010989010989,True,N,True
307836,B3,0,127,21,21,103,5,4.411111111111111,4.2,4.305555555555555,8.737864077669903,True,E,True
307838,B9,0,101,21,18,88,3,4.433333333333334,5.116666666666666,4.775,10.227272727272727,False,E,True
307839,B11,1,99,19,20,85,3,4.783333333333333,4.644444444444445,4.713888888888889,10.588235294117647,False,W,True
307839,B41,0,242,45,43,209,9,2.761111111111111,2.4722222222222223,2.6166666666666667,4.30622009569378,True,N,True
307848,B48,0,64,13,10,48,6,7.688618827160494,9.982631172839508,8.835625,18.75,False,N,True
307851,B54,1,97,19,17,80,6,5.10608024691358,5.3169506172839505,5.211515432098765,11.25,False,W,True
307853,B41,0,128,16,22,97,9,5.495987654320987,4.194765432098765,4.845376543209877,9.278350515463918,True,N,True
307853,B69,1,50,13,12,48,0,7.721895061728395,7.728908950617284,7.72540200617284,18.75,False,S,True
307854,B4,1,60,11,9,48,1,8.593124999999999,10.270069444444443,9.431597222222223,18.75,False,W,True
307854,B44,0,57,10,9,49,0,8.963333333333333,10.631111111111112,9.797222222222222,18.367346938775512,False,N,True
307893,B61,0,94,16,17,76,6,5.557685185185185,5.3163580246913575,5.437021604938272,11.842105263157896,False,N,True
307894,B49,1,96,20,17,79,7,5.027777777777778,5.394444444444445,5.211111111111111,11.39240506329114,False,S,True
307895,B41,1,123,17,24,102,6,7.7122222222222225,5.183086419753086,6.447654320987654,8.823529411764707,True,S,True
307896,B13,1,74,11,16,61,2,8.146666666666667,5.91037037037037,7.028518518518519,14.754098360655737,False,S,True
307896,B14,0,85,12,18,68,7,7.192489197530864,5.049530864197531,6.1210100308641975,13.235294117647058,False,E,True
307896,B20,1,94,17,18,80,3,5.8308333333333335,4.9071296296296305,5.368981481481482,11.25,False,S,True
307897,B20,1,94,15,19,79,2,6.905555555555555,4.75,5.827777777777778,11.39240506329114,False,S,True
307897,B83,1,105,18,20,90,2,5.061111111111112,4.477777777777778,4.769444444444445,10.0,True,S,True
307901,B52,0,125,23,21,104,6,4.266666666666667,4.422222222222222,4.344444444444445,8.653846153846153,True,E,True
307902,B15,0,145,19,22,106,12,4.709964506172839,4.139635802469136,4.424800154320988,8.49056603773585,True,E,True
307904,B48,0,64,13,9,48,6,7.768466049382716,9.972885802469136,8.870675925925926,18.75,False,N,True
307905,B44 SBS,1,129,24,26,117,0,3.834037037037037,3.5103333333333335,3.672185185185185,7.6923076923076925,True,S,True
307909,B57,0,65,12,13,54,3,7.484416666666666,7.504300925925926,7.4943587962962965,16.666666666666668,False,E,True
307910,B57,0,65,12,13,54,3,7.5046435185185185,7.362135802469136,7.433389660493828,16.666666666666668,False,E,True
307911,B57,0,65,12,13,54,3,7.521473765432099,7.234881172839506,7.378177469135803,16.666666666666668,False,E,True
307912,B24,0,44,8,9,35,2,12.596858024691358,10.088131172839505,11.342494598765432,25.714285714285715,False,N,True
307913,B24,0,44,8,9,35,2,12.495081790123457,10.072621913580246,11.283851851851853,25.714285714285715,False,N,True
307914,B8,1,108,27,19,90,5,4.101662037037037,4.912162037037037,4.506912037037037,10.0,True,W,True
307915,B44,1,15,0,0,1,6,878.0,338.0,608.0,900.0,False,S,True
307915,B44 SBS,1,71,12,13,60,0,7.716666666666667,7.011111111111111,7.363888888888889,15.0,False,S,True
307919,B46,1,136,21,17,98,13,4.333333333333333,5.322222222222222,4.827777777777778,9.183673469387756,True,S,True
307920,B46,0,139,22,20,102,9,4.316666666666666,5.083333333333333,4.7,8.823529411764707,True,N,True
307920,B46 SBS,0,152,28,33,139,0,3.361111111111111,2.938888888888889,3.15,6.474820143884892,True,N,True
307921,B24,0,44,7,9,35,2,13.333333333333334,10.555555555555555,11.944444444444445,25.714285714285715,False,N,True
307922,B13,0,74,13,17,62,3,7.514379629629629,5.3650925925925925,6.439736111111111,14.516129032258064,False,N,True
307923,B36,1,128,31,23,108,7,3.245246913580247,4.070802469135803,3.6580246913580248,8.333333333333334,True,W,True
307923,X28,1,14,0,8,12,0,,12.872433906260786,12.872433906260786,75.0,False,S,True
307923,X38,1,7,0,5,7,0,,16.466063443573738,16.466063443573738,128.57142857142858,False,S,True
307925,B20,1,94,16,19,78,2,6.634722222222222,4.73546913580247,5.6850956790123455,11.538461538461538,False,S,True
307925,B83,1,105,18,20,91,2,4.911111111111111,4.472222222222222,4.691666666666666,9.89010989010989,True,S,True
307926,B25,0,107,13,23,89,6,7.193595679012346,4.085929012345679,5.639762345679013,10.112359550561798,False,E,True
307927,B25,1,107,18,18,92,4,5.004444444444444,5.16691975308642,5.085682098765432,9.782608695652174,True,W,True
307928,B26,1,111,22,21,93,6,4.394444444444445,4.65,4.522222222222222,9.67741935483871,True,W,True
307935,B54,1,97,19,18,80,5,5.132716049382717,4.951345679012346,5.042030864197531,11.25,False,W,True
307936,B67,0,69,12,12,55,2,9.235473765432099,8.378950617283952,8.807212191358024,16.363636363636363,False,N,True
307936,B69,0,54,12,12,52,0,9.748375000000001,8.783888888888889,9.266131944444444,17.307692307692307,False,N,True
307938,B68,0,111,13,22,88,7,7.111111111111112,4.072222222222222,5.591666666666667,10.227272727272727,False,N,True
307939,B36,0,137,28,26,112,8,3.67620987654321,3.5011172839506175,3.5886635802469136,8.035714285714286,True,E,True
307939,B74,1,118,25,28,105,0,4.023425925925926,3.2404675925925925,3.631946759259259,8.571428571428571,True,E,True
307941,B9,0,101,20,16,87,2,4.572222222222222,6.372222222222222,5.472222222222222,10.344827586206897,False,E,True
307942,B1,1,113,22,20,91,7,4.442222222222223,4.551296296296297,4.496759259259259,9.89010989010989,True,E,True
307942,B68,0,111,15,21,91,7,5.91,4.286469135802469,5.098234567901234,9.89010989010989,True,N,True
307943,B62,0,86,18,13,65,8,5.1159336419753085,7.080956790123456,6.098445216049383,13.846153846153847,False,N,True
307945,B9,0,101,21,18,87,3,4.474723765432099,5.1917885802469135,4.833256172839507,10.344827586206897,False,E,True
307947,B35,1,203,35,38,163,11,3.5,3.2277777777777774,3.363888888888889,5.521472392638037,True,W,True
307948,B52,1,126,29,22,108,6,3.349708333333333,4.1950061728395065,3.77235725308642,8.333333333333334,True,W,True
307951,B8,0,102,17,17,82,6,5.399074074074075,5.831296296296297,5.615185185185185,10.975609756097562,False,E,True
307952,B36,0,137,30,25,113,9,3.533333333333333,3.4722222222222223,3.5027777777777778,7.964601769911504,True,E,True
307953,B36,1,128,31,23,108,6,3.199716049382716,4.053055555555556,3.626385802469136,8.333333333333334,True,W,True
307954,B8,0,112,19,26,90,9,4.795279320987655,3.8517592592592593,4.323519290123457,10.0,True,E,True
307956,X28,0,36,17,2,32,0,7.977638888888889,26.310094146379893,13.137948794713148,28.125,False,N,True
307956,X38,0,15,11,0,15,0,4.840740901463866,,4.840740901463866,60.0,False,N,True
307957,X28,0,36,16,2,32,0,8.054631172839505,26.92265752530199,13.231802606826124,28.125,False,N,True
307957,X38,0,15,11,0,15,0,4.914140555058192,,4.914140555058192,60.0,False,N,True
307958,X27,0,41,23,1,38,0,5.610652777777777,27.066666666666666,10.571439588078967,23.68421052631579,False,N,True
307958,X37,0,18,13,0,18,0,4.1198734518039855,,4.1198734518039855,50.0,False,N,True
307959,X27,0,41,23,1,38,0,5.580666666666667,28.2,10.97715736040609,23.68421052631579,False,N,True
307959,X37,0,18,14,0,18,0,4.0860377358490565,,4.0860377358490565,50.0,False,N,True
307960,X27,0,41,24,1,38,0,5.566066358024691,28.616666666666667,11.127100604187158,23.68421052631579,False,N,True
307960,X37,0,18,14,0,18,0,4.0807770165057615,,4.0807770165057615,50.0,False,N,True
307961,X27,0,41,24,1,38,0,5.527777777777778,29.0,11.247899159663865,23.68421052631579,False,N,True
307961,X37,0,18,14,0,18,0,4.083333333333333,,4.083333333333333,50.0,False,N,True
307963,B48,0,64,12,9,48,6,7.299640432098766,9.959896604938272,8.62976851851852,18.75,False,N,True
307964,B48,0,64,12,9,48,6,7.416027777777777,9.943189814814815,8.679608796296296,18.75,False,N,True
307969,B13,0,74,13,17,62,3,7.500958333333333,5.382685185185185,6.441821759259259,14.516129032258064,False,N,True
307971,B13,0,74,13,18,63,3,7.5,5.321851851851852,6.410925925925926,14.285714285714286,False,N,True
307971,B14,1,81,13,15,65,5,6.756666666666666,5.985538580246914,6.371102623456791,13.846153846153847,False,W,True
307971,B20,0,94,18,18,80,4,5.425,4.981870370370371,5.203435185185185,11.25,False,N,True
307975,B64,0,68,13,12,57,2,7.421358024691358,7.695555555555556,7.558456790123457,15.789473684210526,False,N,True
307977,B57,1,65,13,9,52,1,7.551320987654321,10.702888888888888,9.127104938271605,17.307692307692307,False,W,True
307983,B7,1,58,14,14,57,0,6.2770679012345685,6.631541666666666,6.454304783950618,15.789473684210526,False,S,True
307983,B82,1,104,16,14,81,5,5.666990740740741,6.518703703703704,6.092847222222222,11.11111111111111,False,W,True
307984,B14,1,81,13,17,64,5,7.155555555555555,5.438888888888888,6.297222222222222,14.0625,False,W,True
307987,B15,1,148,22,21,108,13,4.170692901234568,4.256595679012346,4.213644290123457,8.333333333333334,True,W,True
307989,B15,0,145,21,22,105,12,4.572222222222222,4.016666666666667,4.294444444444445,8.571428571428571,True,E,True
307989,B83,1,105,19,20,91,2,5.041865740740741,4.4927777777777775,4.767321759259259,9.89010989010989,True,S,True
307990,B15,1,148,22,22,110,12,4.1266033950617285,4.202174382716049,4.164388888888889,8.181818181818182,True,W,True
307990,B47,0,99,21,18,79,6,4.372203703703704,5.282685185185185,4.827444444444444,11.39240506329114,False,N,True
307994,B17,1,155,18,37,122,8,5.236433641975308,2.544939814814815,3.8906867283950617,7.377049180327869,True,S,True
307994,B8,1,108,25,18,89,5,4.455649691358024,5.2900478395061725,4.872848765432098,10.112359550561798,False,W,True
307995,B57,1,65,13,10,53,1,7.601733024691358,9.237018518518518,8.419375771604939,16.9811320754717,False,W,True
307995,B62,1,86,19,13,65,7,5.079766975308642,7.0189814814814815,6.049374228395062,13.846153846153847,False,S,True
307996,B57,1,65,13,11,53,1,7.532368827160494,9.281703703703704,8.4070362654321,16.9811320754717,False,W,True
307996,B62,1,86,19,14,65,7,5.029760802469136,6.933333333333334,5.981547067901235,13.846153846153847,False,S,True
307998,B57,0,65,12,13,54,3,7.955981481481482,7.2126728395061726,7.584327160493827,16.666666666666668,False,E,True
307998,B62,0,86,19,13,65,8,5.052827160493828,7.188888888888888,6.120858024691358,13.846153846153847,False,N,True
308002,B7,1,58,14,14,57,0,6.232632716049382,6.645037037037038,6.43883487654321,15.789473684210526,False,S,True
308002,B82,1,104,17,14,81,5,5.681743827160494,6.523148148148149,6.102445987654321,11.11111111111111,False,W,True
308003,B60,1,88,15,19,70,7,6.377777777777778,4.816666666666666,5.597222222222222,12.857142857142858,False,S,True
308004,B6,0,165,25,29,125,8,3.661111111111111,3.061111111111111,3.361111111111111,7.2,True,E,True
308004,B82,0,104,16,20,79,8,5.933333333333334,4.705555555555555,5.319444444444445,11.39240506329114,False,E,True
308004,B82 SBS,0,106,25,22,94,0,4.041530864197531,4.1918796296296295,4.11670524691358,9.574468085106384,True,E,True
308006,B13,1,74,11,16,61,2,8.205027777777778,5.868990740740741,7.03700925925926,14.754098360655737,False,S,True
308008,B6,0,165,25,29,125,8,3.6869074074074075,3.1039444444444446,3.395425925925926,7.2,True,E,True
308014,B64,1,68,12,12,55,4,7.816529320987654,7.426436728395061,7.621483024691358,16.363636363636363,False,S,True
308016,B26,1,111,22,19,93,6,4.401219135802469,4.829444444444444,4.615331790123457,9.67741935483871,True,W,True
308017,B82,0,104,17,16,81,7,5.3901111111111115,5.706222222222222,5.548166666666666,11.11111111111111,False,E,True
308021,B45,1,78,14,14,66,2,6.73329938271605,6.2637376543209875,6.498518518518519,13.636363636363637,False,W,True
308023,B43,1,93,18,16,71,7,5.512037037037037,5.658259259259259,5.585148148148148,12.67605633802817,False,S,True
308025,B25,0,107,15,22,91,6,5.793117283950617,4.270092592592593,5.031604938271604,9.89010989010989,True,E,True
308028,B11,1,99,15,21,85,4,6.352462962962963,4.446111111111111,5.399287037037038,10.588235294117647,False,W,True
308036,B46,1,163,28,31,120,16,3.9844444444444442,3.3087037037037037,3.646574074074074,7.5,True,S,True
308038,B8,0,80,12,13,62,6,7.2860709876543215,7.081944444444445,7.184007716049383,14.516129032258064,False,E,True
308039,B8,0,80,12,14,62,6,7.337577160493827,7.012685185185186,7.175131172839506,14.516129032258064,False,E,True
308040,B8,1,78,14,13,62,6,7.14912037037037,7.6219675925925925,7.385543981481481,14.516129032258064,False,W,True
308044,B42,1,152,23,31,115,12,4.20079012345679,2.969185185185185,3.584987654320988,7.826086956521739,True,S,True
308044,B6,1,124,20,18,86,11,4.579753086419753,4.998222222222222,4.788987654320988,10.465116279069768,False,W,True
308044,B82,1,104,15,14,80,5,6.026541666666666,6.638344135802469,6.332442901234568,11.25,False,W,True
308045,B1,1,120,27,20,98,7,4.316666666666666,4.527777777777778,4.422222222222222,9.183673469387756,True,E,True
308046,B52,1,126,28,22,108,5,3.411111111111111,4.166666666666667,3.788888888888889,8.333333333333334,True,W,True
308047,B6,0,119,17,17,83,7,5.393408950617284,5.032020061728395,5.21271450617284,10.843373493975903,False,E,True
308047,B82,0,104,16,19,80,8,5.681304012345679,4.8377592592592595,5.259531635802469,11.25,False,E,True
308048,B62,0,86,18,13,65,9,5.29470524691358,7.16082561728395,6.227765432098765,13.846153846153847,False,N,True
308049,B61,1,99,18,18,81,6,5.15,5.05,5.1,11.11111111111111,False,S,True
308050,B6,1,237,45,34,176,16,2.679800925925926,3.397523148148148,3.038662037037037,5.113636363636363,True,W,True
308051,B41,1,234,34,46,201,10,3.2481620370370368,2.5784429012345678,2.9133024691358025,4.477611940298507,True,S,True
308052,B11,0,93,15,16,79,1,5.985521604938271,5.443231481481481,5.714376543209877,11.39240506329114,False,E,True
308053,B6,0,260,41,48,209,7,3.0277777777777777,2.4833333333333334,2.7555555555555555,4.30622009569378,True,E,True
308054,B65,1,76,14,12,61,3,6.976280864197531,6.985368827160494,6.980824845679012,14.754098360655737,False,W,True
308055,B74,1,118,23,28,105,0,4.346888888888889,3.298810185185185,3.8228495370370372,8.571428571428571,True,E,True
308056,B65,0,74,12,13,59,2,7.383333333333334,6.801765432098765,7.092549382716049,15.254237288135593,False,E,True
308057,B44,1,123,19,19,95,9,4.6286651234567895,4.5657499999999995,4.597207561728395,9.473684210526315,True,S,True
308057,B44 SBS,1,129,24,26,113,0,3.7756172839506172,3.5093935185185186,3.6425054012345677,7.964601769911504,True,S,True
308059,B69,0,54,12,12,53,0,8.565194444444444,7.72562037037037,8.145407407407408,16.9811320754717,False,N,True
308061,B41,1,134,18,23,101,11,5.013999999999999,4.003583333333333,4.508791666666666,8.910891089108912,True,S,True
308062,B69,0,54,12,12,53,0,8.587584876543211,7.73395987654321,8.16077237654321,16.9811320754717,False,N,True
308063,B16,1,59,10,13,49,2,9.232666666666667,7.105487654320987,8.169077160493826,18.367346938775512,False,W,True
308066,B46,0,136,23,16,99,10,4.110186728395061,5.5600000000000005,4.835093364197531,9.090909090909092,True,N,True
308067,B43,1,93,19,16,71,7,5.306537037037037,5.569333333333334,5.437935185185185,12.67605633802817,False,S,True
308068,B7,0,58,15,13,57,0,6.133333333333334,6.722222222222222,6.427777777777778,15.789473684210526,False,N,True
308070,B41,0,234,37,44,203,9,3.2230925925925926,2.815509259259259,3.019300925925926,4.433497536945813,True,N,True
308071,B69,1,50,13,12,48,0,7.757043209876543,7.7306635802469135,7.743853395061729,18.75,False,S,True
308072,B36,1,128,31,23,108,7,3.2600324074074076,4.116296296296296,3.688164351851852,8.333333333333334,True,W,True
308073,B48,1,64,12,9,48,6,7.55,9.427777777777777,8.488888888888889,18.75,False,S,True
308074,B16,1,59,9,12,49,1,9.255555555555556,7.966666666666667,8.61111111111111,18.367346938775512,False,W,True
308075,B43,0,93,15,15,73,6,6.722222222222222,6.0,6.361111111111112,12.32876712328767,False,N,True
308076,B48,0,64,12,9,48,6,7.138888888888888,10.0,8.569444444444445,18.75,False,N,True
308079,B6,1,237,44,34,176,16,2.6870185185185185,3.343976851851852,3.0154976851851854,5.113636363636363,True,W,True
308080,B61,0,94,17,17,76,6,5.487703703703704,5.563623456790124,5.525663580246913,11.842105263157896,False,N,True
308081,B61,1,99,19,18,79,6,5.038888888888889,4.95,4.9944444444444445,11.39240506329114,False,S,True
308082,B61,0,94,17,16,76,6,5.533333333333333,5.583333333333333,5.558333333333334,11.842105263157896,False,N,True
308083,B35,1,111,18,17,81,10,5.234138888888889,5.347524691358024,5.290831790123457,11.11111111111111,False,W,True
308084,B70,0,75,17,13,62,5,5.374385802469136,6.676388888888889,6.025387345679012,14.516129032258064,False,N,True
308085,B43,1,93,18,16,71,7,5.370833333333334,5.57270987654321,5.471771604938271,12.67605633802817,False,S,True
308086,B15,0,113,11,12,73,12,8.662222222222223,8.021555555555556,8.341888888888889,12.32876712328767,False,E,True
308087,X27,1,40,0,15,32,2,,6.05,6.05,28.125,False,S,True
308087,X37,1,15,0,11,15,0,,7.713235294117648,7.713235294117648,60.0,False,S,True
308088,X27,1,40,0,15,32,2,,6.180666666666666,6.180666666666666,28.125,False,S,True
308088,X37,1,15,0,11,15,0,,7.680981993299833,7.680981993299833,60.0,False,S,True
308089,X27,1,40,0,14,32,2,,6.241944444444444,6.241944444444444,28.125,False,S,True
308089,X37,1,15,0,11,15,0,,7.661234723978087,7.661234723978087,60.0,False,S,True
308090,X27,1,40,0,14,32,2,,6.322041666666666,6.322041666666666,28.125,False,S,True
308090,X37,1,15,0,11,15,0,,7.638080249268727,7.638080249268727,60.0,False,S,True
308091,X27,1,40,0,14,32,2,,6.398444444444445,6.398444444444445,28.125,False,S,True
308091,X37,1,15,0,11,15,0,,7.613432676728916,7.613432676728916,60.0,False,S,True
308092,X27,1,40,0,14,32,2,,6.519212962962963,6.519212962962963,28.125,False,S,True
308092,X37,1,15,0,10,15,0,,7.606829525407685,7.606829525407685,60.0,False,S,True
308096,X28,1,36,0,16,31,1,,6.358216049382716,6.358216049382716,29.032258064516128,False,S,True
308096,X38,1,14,0,10,14,0,,7.980234329956346,7.980234329956346,64.28571428571429,False,S,True
308097,X28,1,36,0,16,31,1,,6.32283950617284,6.32283950617284,29.032258064516128,False,S,True
308097,X38,1,14,0,11,14,0,,7.994333904738582,7.994333904738582,64.28571428571429,False,S,True
308099,B70,0,75,17,14,62,5,5.261234567901235,6.629975308641975,5.945604938271605,14.516129032258064,False,N,True
308100,B70,0,75,17,13,62,5,5.350097222222222,6.710472222222222,6.0302847222222224,14.516129032258064,False,N,True
308101,B70,1,75,15,14,60,3,6.5291805555555555,6.686395061728395,6.607787808641975,15.0,False,S,True
308102,B70,1,75,15,14,60,3,6.52854938271605,6.616388888888889,6.572469135802469,15.0,False,S,True
308103,B24,0,48,8,9,35,2,11.83222222222222,9.950779320987655,10.891500771604939,25.714285714285715,False,N,True
308104,B16,0,58,10,11,48,3,8.501279320987654,8.837712962962962,8.669496141975308,18.75,False,E,True
308106,B42,0,152,34,23,113,13,3.0003765432098763,3.893134259259259,3.446755401234568,7.964601769911504,True,N,True
308107,X27,1,40,0,15,32,2,,6.037819444444444,6.037819444444444,28.125,False,S,True
308107,X37,1,15,0,11,15,0,,7.709909579667644,7.709909579667644,60.0,False,S,True
308109,B61,0,94,17,17,76,6,5.546677469135802,5.294902777777778,5.420790123456791,11.842105263157896,False,N,True
308112,B4,0,54,10,12,43,4,9.780162037037037,7.748018518518519,8.764090277777777,20.930232558139537,False,E,True
308114,B60,0,92,18,16,76,5,5.257770061728395,5.849583333333333,5.553676697530864,11.842105263157896,False,N,True
308114,B82,1,97,12,14,73,6,7.558509259259259,6.80229475308642,7.18040200617284,12.32876712328767,False,W,True
308116,B47,1,88,14,17,71,4,6.6992160493827155,5.572395061728395,6.135805555555555,12.67605633802817,False,S,True
308118,B61,0,94,17,16,76,6,5.4264830246913585,5.7891358024691355,5.607809413580247,11.842105263157896,False,N,True
308119,B61,0,94,17,16,76,6,5.446421296296296,5.783726851851852,5.615074074074074,11.842105263157896,False,N,True
308120,B4,0,54,10,11,43,4,9.633242283950617,8.702797839506172,9.168020061728395,20.930232558139537,False,E,True
308121,B61,1,99,19,19,80,6,4.944561728395062,4.978561728395062,4.961561728395062,11.25,False,S,True
308122,B36,0,133,29,27,112,6,3.496682098765432,3.4850246913580247,3.490853395061728,8.035714285714286,True,E,True
308122,B44,0,70,10,9,49,4,9.055270061728395,10.304645061728396,9.679957561728395,18.367346938775512,False,N,True
308123,B68,0,111,15,21,90,7,5.9329629629629625,4.264208333333333,5.0985856481481475,10.0,True,N,True
308128,B4,0,54,10,12,43,4,9.82043364197531,8.384304012345678,9.102368827160493,20.930232558139537,False,E,True
308129,B4,0,54,10,11,43,4,9.794260802469136,8.469902777777778,9.132081790123458,20.930232558139537,False,E,True
308130,B63,0,86,15,14,70,6,6.628972222222222,6.879074074074074,6.754023148148148,12.857142857142858,False,N,True
308136,B43,0,93,17,16,73,6,6.370773148148148,5.766612654320988,6.068692901234568,12.32876712328767,False,N,True
308152,B41,1,123,17,25,101,6,7.645185185185185,5.238296296296296,6.441740740740741,8.910891089108912,True,S,True
308153,B41,0,122,25,21,107,4,5.139703703703703,4.840254629629629,4.989979166666667,8.411214953271028,True,N,True
308154,B41,0,122,25,21,107,4,5.120851851851852,4.825240740740741,4.973046296296297,8.411214953271028,True,N,True
308155,B67,1,63,12,14,51,4,8.249774691358024,6.4227546296296305,7.336264660493827,17.647058823529413,False,S,True
308155,B69,1,50,13,11,47,0,7.302686740406937,8.378439814814815,7.867661122998119,19.148936170212767,False,S,True
308157,B57,0,65,11,13,54,4,8.290765432098764,6.948888888888889,7.619827160493827,16.666666666666668,False,E,True
308158,B57,1,65,12,8,52,1,8.040956790123456,10.90598611111111,9.473471450617284,17.307692307692307,False,W,True
308159,B49,0,91,17,16,75,3,5.266666666666667,5.9,5.583333333333333,12.0,False,N,True
308160,B82,1,97,13,13,73,6,7.420972222222222,6.659583333333333,7.040277777777778,12.32876712328767,False,W,True
308176,B70,0,75,17,13,62,4,5.383888888888889,6.727444444444444,6.055666666666666,14.516129032258064,False,N,True
308176,B8,1,78,14,13,62,5,7.009444444444444,7.583796296296296,7.296620370370371,14.516129032258064,False,W,True
308177,B70,0,75,17,14,62,4,5.3725000000000005,6.744018518518518,6.058259259259259,14.516129032258064,False,N,True
308178,B70,1,75,16,14,61,4,6.0035185185185185,6.111666666666666,6.057592592592593,14.754098360655737,False,S,True
308179,B37,1,51,8,9,42,1,12.206407407407406,9.398907407407409,10.802657407407407,21.428571428571427,False,S,True
308182,B36,0,137,29,26,113,8,3.557,3.487726851851852,3.522363425925926,7.964601769911504,True,E,True
308183,B1,0,123,21,18,95,7,4.539543209876543,4.98288888888889,4.761216049382716,9.473684210526315,True,W,True
308183,B4,1,60,13,11,49,2,7.551543209876543,9.087283950617284,8.319413580246913,18.367346938775512,False,W,True
308186,B43,0,93,19,16,73,7,5.195077160493827,5.431808641975309,5.313442901234568,12.32876712328767,False,N,True
308186,B62,0,86,16,12,64,9,5.890608024691359,7.467685185185186,6.679146604938271,14.0625,False,N,True
308187,B43,0,93,19,16,73,7,5.158483024691359,5.490100308641975,5.324291666666666,12.32876712328767,False,N,True
308188,B43,1,93,19,17,73,6,4.946194444444444,5.519552469135802,5.232873456790123,12.32876712328767,False,S,True
308188,B62,1,86,18,14,65,6,5.826152777777778,6.578347222222222,6.20225,13.846153846153847,False,S,True
308189,B43,1,93,19,16,73,6,4.974945987654321,5.548641975308642,5.261793981481481,12.32876712328767,False,S,True
308195,B82,0,104,17,18,81,8,5.55,5.327777777777778,5.438888888888888,11.11111111111111,False,E,True
308195,B82 SBS,0,106,25,23,96,0,3.72333950617284,4.0148472222222225,3.869093364197531,9.375,True,E,True
308201,B64,1,68,12,12,56,3,8.049814814814814,7.415950617283951,7.732882716049383,16.071428571428573,False,S,True
308203,B15,1,111,12,11,73,11,7.832729938271606,8.37861111111111,8.105670524691357,12.32876712328767,False,W,True
308204,B63,0,86,15,17,70,6,6.377777777777778,5.4,5.888888888888888,12.857142857142858,False,N,True
308205,B7,0,70,15,12,57,4,6.168819444444444,7.30895987654321,6.738889660493827,15.789473684210526,False,N,True
308206,B63,0,86,15,16,70,6,6.430324074074075,5.370987654320987,5.900655864197531,12.857142857142858,False,N,True
308207,B63,0,86,15,17,70,6,6.536419753086419,5.397376543209877,5.9668981481481485,12.857142857142858,False,N,True
308208,B63,0,86,15,17,70,6,6.609962962962963,5.385061728395062,5.997512345679012,12.857142857142858,False,N,True
308209,B63,0,86,15,17,70,6,6.677199074074074,5.375319444444444,6.02625925925926,12.857142857142858,False,N,True
308210,B63,0,86,14,17,70,6,6.863282407407407,5.367399691358025,6.1153410493827165,12.857142857142858,False,N,True
308211,B63,0,86,15,18,70,6,7.089032407407407,5.355888888888889,6.2224606481481475,12.857142857142858,False,N,True
308212,B63,1,89,10,19,73,6,8.35021450617284,4.701265432098765,6.5257399691358025,12.32876712328767,False,S,True
308213,B63,1,89,10,20,73,6,8.477256172839507,4.687893518518519,6.582574845679013,12.32876712328767,False,S,True
308214,B63,1,89,11,20,72,6,8.589483024691358,4.64162962962963,6.615556327160494,12.5,False,S,True
308215,B63,1,89,11,20,72,6,8.58110648148148,4.598919753086419,6.5900131172839505,12.5,False,S,True
308216,B63,1,89,11,20,72,6,8.567976851851851,4.556483024691358,6.562229938271605,12.5,False,S,True
308217,B63,1,89,11,19,72,6,8.543760802469135,4.559375,6.551567901234567,12.5,False,S,True
308219,B64,1,68,12,12,55,4,8.020787037037037,7.385046296296296,7.702916666666667,16.363636363636363,False,S,True
308220,B64,1,68,13,12,55,4,8.014876543209876,7.423057098765431,7.718966820987655,16.363636363636363,False,S,True
308221,B64,1,68,13,12,55,4,7.809998456790123,7.469257716049383,7.639628086419752,16.363636363636363,False,S,True
308222,B64,1,68,12,13,55,4,7.743037037037038,7.451185185185185,7.5971111111111105,16.363636363636363,False,S,True
308223,B64,1,68,12,12,55,4,7.7995833333333335,7.422916666666667,7.61125,16.363636363636363,False,S,True
308224,B64,0,68,14,12,56,3,7.1270493827160495,7.696296296296296,7.411672839506172,16.071428571428573,False,N,True
308225,B64,0,68,14,12,56,3,6.9767222222222225,7.6506944444444445,7.3137083333333335,16.071428571428573,False,N,True
308226,B64,0,68,13,12,56,3,6.8617839506172835,7.6031358024691365,7.232459876543209,16.071428571428573,False,N,True
308227,B64,0,68,13,12,56,3,6.963490740740741,7.566296296296296,7.264893518518519,16.071428571428573,False,N,True
308228,B64,0,68,14,12,57,3,6.952354938271605,7.5355185185185185,7.243936728395061,15.789473684210526,False,N,True
308239,B9,0,101,21,16,87,2,4.605555555555555,6.038888888888889,5.322222222222222,10.344827586206897,False,E,True
308240,B9,0,101,21,16,87,2,4.566791666666666,5.957208333333333,5.2620000000000005,10.344827586206897,False,E,True
308242,B9,0,101,20,15,86,2,4.5077592592592595,5.884240740740741,5.196,10.465116279069768,False,E,True
308245,B9,1,101,18,18,85,5,5.977483024691358,4.986989197530864,5.482236111111111,10.588235294117647,False,W,True
308247,B9,1,101,18,19,85,5,5.957908950617283,4.901080246913581,5.429494598765432,10.588235294117647,False,W,True
308248,B9,1,101,17,19,85,5,5.968983024691358,4.860824074074074,5.414903549382716,10.588235294117647,False,W,True
308254,B37,0,51,8,9,42,1,10.888555555555557,9.888169753086421,10.388362654320987,21.428571428571427,False,N,True
308255,B37,0,51,9,9,42,1,10.739043209876543,9.879481481481482,10.309262345679011,21.428571428571427,False,N,True
308256,B37,0,51,9,9,42,1,10.078453703703703,9.959908950617285,10.019181327160494,21.428571428571427,False,N,True
308257,B37,0,51,9,9,42,1,10.184654320987654,9.6279012345679,9.906277777777778,21.428571428571427,False,N,True
308259,B37,0,51,9,10,43,1,10.090166666666667,9.785822530864198,9.937994598765433,20.930232558139537,False,N,True
308260,B37,0,51,9,10,42,1,10.087314814814816,9.703541666666666,9.89542824074074,21.428571428571427,False,N,True
308265,B37,1,51,8,9,41,1,11.995356481481481,9.457666666666666,10.726511574074074,21.951219512195124,False,S,True
308266,B37,1,51,7,9,41,1,11.801250000000001,9.739347222222221,10.77029861111111,21.951219512195124,False,S,True
308267,B37,1,51,7,10,41,1,12.027273148148147,9.641078703703704,10.834175925925926,21.951219512195124,False,S,True
308268,B37,1,51,7,10,41,1,12.31111111111111,9.37885802469136,10.844984567901234,21.951219512195124,False,S,True
308269,B37,1,51,8,10,42,1,12.26696913580247,9.273117283950619,10.770043209876544,21.428571428571427,False,S,True
308270,B70,0,75,17,13,62,4,5.398796296296297,6.616452160493827,6.007624228395062,14.516129032258064,False,N,True
308270,B8,1,106,26,21,89,6,3.910617283950617,4.512962962962963,4.21179012345679,10.112359550561798,False,W,True
308277,B62,0,86,18,13,65,8,5.0055555555555555,7.0,6.002777777777778,13.846153846153847,False,N,True
308278,X28,1,14,0,8,12,0,,12.876261926746691,12.876261926746691,75.0,False,S,True
308278,X38,1,7,0,5,7,0,,16.362931411096547,16.362931411096547,128.57142857142858,False,S,True
308281,B4,0,54,10,12,43,4,9.880805555555556,8.088563271604938,8.984684413580247,20.930232558139537,False,E,True
308281,B49,0,91,17,16,75,4,5.246296296296296,5.747777777777778,5.497037037037036,12.0,False,N,True
308282,B36,0,133,29,26,113,6,3.4944444444444445,3.444444444444444,3.469444444444444,7.964601769911504,True,E,True
308282,B4,0,54,11,11,43,4,9.483333333333333,7.866666666666666,8.675,20.930232558139537,False,E,True
308282,B49,0,91,17,16,75,4,5.305555555555555,5.766666666666667,5.536111111111111,12.0,False,N,True
308300,B68,0,111,16,21,91,6,5.7,4.347192901234568,5.023596450617284,9.89010989010989,True,N,True
308301,B68,0,111,16,21,91,6,5.7,4.334391975308642,5.017195987654321,9.89010989010989,True,N,True
308302,B68,0,111,16,21,91,6,5.7,4.319770061728395,5.009885030864197,9.89010989010989,True,N,True
308303,B68,0,111,16,21,91,6,5.7,4.3101712962962955,5.005085648148149,9.89010989010989,True,N,True
308304,B68,1,111,17,21,92,7,5.517006172839506,4.304024691358024,4.910515432098765,9.782608695652174,True,S,True
308305,B68,1,111,17,21,92,7,5.484253086419753,4.320345679012346,4.902299382716049,9.782608695652174,True,S,True
308306,B68,1,111,16,21,92,7,5.491208333333334,4.3106527777777774,4.900930555555556,9.782608695652174,True,S,True
308307,B68,1,111,16,21,92,7,5.527185185185186,4.307523148148149,4.917354166666667,9.782608695652174,True,S,True
308308,B68,1,111,16,21,92,7,5.577111111111111,4.305320987654321,4.941216049382716,9.782608695652174,True,S,True
308311,B47,0,99,20,17,80,6,4.372222222222222,5.238888888888889,4.805555555555555,11.25,False,N,True
308312,B47,1,88,14,16,71,4,6.583333333333333,6.022222222222222,6.302777777777778,12.67605633802817,False,S,True
308313,B8,1,108,24,17,89,5,4.644444444444445,5.316666666666666,4.980555555555555,10.112359550561798,False,W,True
308314,B8,1,108,24,17,88,5,4.6203009259259264,5.381233024691358,5.0007669753086414,10.227272727272727,False,W,True
308315,B14,0,85,13,18,68,7,7.149972222222222,5.036314814814815,6.093143518518518,13.235294117647058,False,E,True
308315,B15,1,37,12,11,37,0,7.645370370370371,8.24537037037037,7.94537037037037,24.324324324324323,False,W,True
308316,B14,1,81,13,15,65,5,6.785555555555556,6.008913580246913,6.397234567901235,13.846153846153847,False,W,True
308322,B48,0,64,11,10,48,6,8.906186728395062,9.635185185185184,9.270685956790123,18.75,False,N,True
308323,B63,0,86,15,17,69,6,7.0777222222222225,5.140777777777777,6.10925,13.043478260869565,False,N,True
308324,B63,0,86,16,15,71,5,6.486371913580246,6.325097222222222,6.405734567901234,12.67605633802817,False,N,True
308325,B63,0,86,16,15,70,5,6.4392453703703705,6.234876543209877,6.337060956790124,12.857142857142858,False,N,True
308326,B63,0,86,16,15,70,5,6.363939814814815,6.235856481481481,6.299898148148148,12.857142857142858,False,N,True
308327,B63,0,86,16,16,70,5,6.316016975308642,6.173629629629629,6.244823302469135,12.857142857142858,False,N,True
308328,B63,0,86,15,16,70,5,6.190345679012347,5.928209876543209,6.059277777777778,12.857142857142858,False,N,True
308331,B63,0,86,16,17,70,5,6.120691358024691,5.625300925925926,5.8729961419753085,12.857142857142858,False,N,True
308332,B63,0,86,15,17,70,6,6.191236111111111,5.541237654320988,5.866236882716049,12.857142857142858,False,N,True
308333,B63,0,86,15,17,70,6,6.268827160493827,5.481141975308642,5.874984567901235,12.857142857142858,False,N,True
308334,B63,1,89,11,20,72,6,8.487131172839506,4.546157407407407,6.516644290123456,12.5,False,S,True
308335,B63,1,89,10,20,72,6,8.447712962962962,4.517666666666667,6.482689814814815,12.5,False,S,True
308336,B63,1,89,10,20,72,6,8.751433641975307,4.523197530864198,6.637315586419754,12.5,False,S,True
308337,B63,1,89,11,20,71,6,9.007694444444445,4.487837962962963,6.747766203703704,12.67605633802817,False,S,True
308338,B63,1,89,10,20,71,7,9.012731481481483,4.455787037037037,6.734259259259259,12.67605633802817,False,S,True
308340,B63,1,89,10,20,71,7,9.139870370370371,4.4356481481481485,6.78775925925926,12.67605633802817,False,S,True
308342,B11,1,99,15,21,85,4,6.2367037037037045,4.47,5.353351851851852,10.588235294117647,False,W,True
308343,B57,0,65,12,13,54,4,7.901388888888889,6.9624953703703705,7.43194212962963,16.666666666666668,False,E,True
308344,B17,1,55,8,17,44,0,67.4888888888889,5.561111111111112,36.525,20.454545454545453,False,S,True
308345,B31,1,65,11,15,50,3,9.029333333333334,6.1685185185185185,7.598925925925926,18.0,False,E,True
308348,B41,0,239,41,43,206,9,3.1666666666666665,3.011111111111111,3.088888888888889,4.368932038834951,True,N,True
308349,B16,0,58,10,12,47,4,9.290960451977401,7.944444444444445,8.61204481792717,19.148936170212767,False,E,True
308351,B1,1,120,27,20,98,7,4.262962962962963,4.556481481481482,4.409722222222222,9.183673469387756,True,E,True
308351,B49,1,91,15,17,73,8,6.294444444444445,5.423734567901235,5.85908950617284,12.32876712328767,False,S,True
308352,B38,0,191,38,36,169,6,2.9777777777777774,3.6055555555555556,3.2916666666666665,5.325443786982248,True,E,True
308353,B15,1,148,22,21,110,11,4.02433487654321,4.200816358024691,4.112575617283951,8.181818181818182,True,W,True
308354,B44,1,121,21,19,96,6,4.3571481481481475,4.771939814814814,4.564543981481481,9.375,True,S,True
308355,B70,0,75,17,13,62,4,5.411111111111111,6.533333333333333,5.972222222222222,14.516129032258064,False,N,True
308356,B70,0,75,17,13,62,4,5.4067592592592595,6.561916666666666,5.984337962962964,14.516129032258064,False,N,True
308357,B8,0,80,13,13,62,6,7.436461419753086,6.997592592592593,7.21702700617284,14.516129032258064,False,E,True
308358,B8,0,80,13,13,62,6,7.422797839506173,7.001111111111111,7.211954475308642,14.516129032258064,False,E,True
308359,B8,1,106,26,20,89,6,3.9166666666666665,4.483333333333333,4.2,10.112359550561798,False,W,True
308360,B44,1,123,21,20,95,8,4.607166666666667,4.574964506172839,4.591065586419753,9.473684210526315,True,S,True
308361,B36,1,128,30,24,108,6,3.418722222222222,3.8896296296296295,3.654175925925926,8.333333333333334,True,W,True
308361,B44,1,78,11,10,50,10,8.535950617283952,9.054944444444443,8.795447530864198,18.0,False,S,True
308363,B6,1,124,20,18,87,12,4.570066358024691,4.995387345679012,4.7827268518518515,10.344827586206897,False,W,True
308363,B82,1,104,15,14,80,5,6.0413194444444445,6.560041666666667,6.300680555555556,11.25,False,W,True
308364,B24,0,48,8,9,35,2,11.926944444444445,9.95636111111111,10.941652777777778,25.714285714285715,False,N,True
308365,B6,0,233,36,41,181,7,3.492351851851852,2.7052638888888887,3.0988078703703703,4.972375690607735,True,E,True
308365,B82,0,104,17,17,81,7,5.402527777777777,5.470339506172839,5.4364336419753085,11.11111111111111,False,E,True
308366,B16,1,59,10,13,49,2,9.254445987654321,7.127356481481482,8.190901234567901,18.367346938775512,False,W,True
308367,B9,0,101,20,17,87,2,4.54007561728395,5.7640617283950615,5.152068672839506,10.344827586206897,False,E,True
308368,B9,1,101,18,19,86,5,5.6265432098765435,4.946975308641976,5.286759259259259,10.465116279069768,False,W,True
308369,B41,1,237,35,47,199,12,3.344444444444444,2.45,2.8972222222222226,4.522613065326633,True,S,True
308370,B13,0,74,14,17,62,3,7.494,5.344444444444445,6.4192222222222215,14.516129032258064,False,N,True
308371,B13,0,74,14,17,62,3,7.376003086419753,5.352222222222222,6.364112654320988,14.516129032258064,False,N,True
308377,B13,0,74,14,17,63,4,7.052662037037037,5.431467592592593,6.242064814814815,14.285714285714286,False,N,True
308380,B13,1,74,12,16,61,2,8.092143518518519,5.621412037037037,6.856777777777778,14.754098360655737,False,S,True
308381,B41,0,122,24,20,106,5,5.211111111111111,4.955555555555555,5.083333333333333,8.49056603773585,True,N,True
308382,B16,1,59,9,13,50,2,9.314425925925926,7.060030864197531,8.187228395061728,18.0,False,W,True
308396,B32,0,30,7,6,29,0,13.5551713836478,15.0,14.284337227414332,31.03448275862069,False,N,True
308398,B32,0,30,7,6,29,0,13.645844046598738,15.0,14.332426098931192,31.03448275862069,False,N,True
308410,B82,0,104,17,16,81,7,5.38504012345679,5.658604938271605,5.521822530864197,11.11111111111111,False,E,True
308411,B82,0,104,17,16,81,7,5.385327160493827,5.656641975308642,5.520984567901235,11.11111111111111,False,E,True
308411,X28,0,36,15,2,31,0,8.227777777777778,30.0,13.670833333333333,29.032258064516128,False,N,True
308411,X38,0,15,9,0,15,0,4.933734939759036,,4.933734939759036,60.0,False,N,True
308412,B82,1,104,17,15,81,6,5.502154320987654,5.87337037037037,5.687762345679013,11.11111111111111,False,W,True
308412,X38,1,14,0,10,14,0,,8.246153846153847,8.246153846153847,64.28571428571429,False,S,True
308413,B82,1,104,18,15,81,6,5.493185185185185,5.909743827160494,5.701464506172839,11.11111111111111,False,W,True
308414,B6,1,264,50,45,212,11,2.470601851851852,2.569490740740741,2.520046296296296,4.245283018867925,True,W,True
308417,X28,0,7,4,0,7,0,12.55326676233756,,12.55326676233756,128.57142857142858,False,N,True
308417,X38,0,7,4,0,7,0,10.78601941005655,,10.78601941005655,128.57142857142858,False,N,True
308418,B63,0,86,15,14,70,6,6.583138888888889,6.835740740740741,6.709439814814814,12.857142857142858,False,N,True
308419,B63,0,86,15,15,70,6,6.601581790123457,6.705461419753087,6.6535216049382715,12.857142857142858,False,N,True
308420,B63,0,86,15,15,70,6,6.596256172839506,6.493833333333333,6.54504475308642,12.857142857142858,False,N,True
308421,B63,1,89,10,21,71,7,9.37441049382716,4.428518518518518,6.9014645061728395,12.67605633802817,False,S,True
308422,B63,1,89,10,20,71,7,9.423864197530865,4.39212962962963,6.907996913580247,12.67605633802817,False,S,True
308423,B63,1,89,10,21,71,7,9.413319444444445,4.373441358024691,6.893380401234568,12.67605633802817,False,S,True
308424,B60,1,88,14,17,70,5,6.688888888888888,5.5055555555555555,6.097222222222222,12.857142857142858,False,S,True
308425,B45,0,78,13,17,65,4,7.270555555555556,5.533560185185185,6.4020578703703706,13.846153846153847,False,E,True
308435,B44,1,121,21,19,97,6,4.388888888888888,4.772222222222222,4.580555555555555,9.278350515463918,True,S,True
308435,B44 SBS,1,129,24,26,117,0,3.830108024691358,3.5160833333333334,3.673095679012346,7.6923076923076925,True,S,True
308437,B37,0,51,9,9,42,1,10.133333333333333,9.705555555555556,9.919444444444444,21.428571428571427,False,N,True
308438,B64,1,68,13,12,55,4,7.873958333333333,7.4556249999999995,7.664791666666667,16.363636363636363,False,S,True
308439,B83,0,108,27,15,89,4,3.511111111111111,6.311111111111112,4.911111111111111,10.112359550561798,False,N,True
308442,B54,0,97,19,19,79,6,5.075462962962963,4.7717129629629635,4.923587962962963,11.39240506329114,False,E,True
308443,B44,1,123,21,20,95,7,4.388962962962963,4.7523333333333335,4.570648148148148,9.473684210526315,True,S,True
308449,B13,0,74,13,17,63,4,6.982055555555556,5.441574074074074,6.211814814814815,14.285714285714286,False,N,True
308450,B13,1,74,11,15,60,2,8.759945987654321,5.991666666666666,7.375806327160493,15.0,False,S,True
308455,B32,1,29,6,6,28,0,15.8956106870229,14.954098765432098,15.402600808080809,32.142857142857146,False,S,True
308456,B32,1,29,6,6,28,0,15.895334423103119,14.950439814814814,15.399664043779548,32.142857142857146,False,S,True
308457,B60,0,92,18,18,75,6,5.729847222222222,5.1737268518518515,5.451787037037037,12.0,False,N,True
308459,B2,1,65,13,12,52,1,8.49408950617284,7.459302469135802,7.976695987654321,17.307692307692307,False,W,True
308472,B54,0,97,19,19,79,6,4.894444444444445,4.95,4.922222222222222,11.39240506329114,False,E,True
308477,B74,1,118,23,28,105,0,4.366666666666666,3.3222222222222224,3.844444444444444,8.571428571428571,True,E,True
308478,B82,0,104,17,16,81,7,5.394444444444445,5.733333333333333,5.563888888888888,11.11111111111111,False,E,True
308479,B68,0,111,16,21,91,6,5.7,4.372222222222222,5.036111111111111,9.89010989010989,True,N,True
308480,B44,1,78,11,10,50,10,8.500569444444444,9.016779320987656,8.758674382716048,18.0,False,S,True
308480,B44 SBS,1,71,12,13,56,0,7.638888888888888,7.122222222222222,7.3805555555555555,16.071428571428573,False,S,True
308483,B35,1,203,37,37,165,9,3.0676774691358024,3.4249212962962963,3.246299382716049,5.454545454545454,True,W,True
308521,B7,0,70,15,13,58,3,6.250462962962962,7.047222222222222,6.648842592592592,15.517241379310345,False,N,True
308522,B7,0,70,15,13,58,3,6.267762345679013,7.041203703703704,6.654483024691358,15.517241379310345,False,N,True
308523,B57,1,65,12,9,52,1,8.006861111111112,10.892212962962963,9.449537037037036,17.307692307692307,False,W,True
308528,B13,0,74,13,17,62,3,7.686787037037037,5.3428703703703695,6.514828703703704,14.516129032258064,False,N,True
308537,B8,1,106,26,20,89,6,3.879814814814815,4.552777777777778,4.216296296296297,10.112359550561798,False,W,True
308542,B68,0,111,16,22,90,7,5.866666666666666,4.294444444444445,5.080555555555555,10.0,True,N,True
308543,B42,0,152,34,23,113,13,3.07933487654321,3.871773148148148,3.4755540123456794,7.964601769911504,True,N,True
308544,B65,0,74,12,13,59,2,7.344444444444445,6.788888888888889,7.066666666666666,15.254237288135593,False,E,True
308545,B3,0,127,22,22,103,5,4.486228395061729,4.189322530864198,4.337775462962963,8.737864077669903,True,E,True
308546,B17,1,155,18,37,122,7,5.256148148148148,2.5089490740740743,3.882548611111111,7.377049180327869,True,S,True
308546,B47,1,99,17,17,78,5,5.953125,5.2594459876543205,5.60628549382716,11.538461538461538,False,S,True
308547,B45,0,78,12,17,66,4,7.15,5.501282407407407,6.325641203703703,13.636363636363637,False,E,True
308557,B41,1,240,32,49,198,12,3.7482222222222226,2.375256172839506,3.061739197530864,4.545454545454546,True,S,True
308560,B57,0,65,12,11,53,3,7.5,7.683333333333334,7.591666666666667,16.9811320754717,False,E,True
308560,B61,1,99,19,18,80,7,5.138888888888888,5.0,5.069444444444445,11.25,False,S,True
308561,B61,0,94,17,17,77,7,5.6,5.444444444444445,5.522222222222222,11.688311688311689,False,N,True
308562,B61,0,94,16,18,76,6,5.7231805555555555,5.316473765432098,5.519827160493827,11.842105263157896,False,N,True
308563,B61,0,94,16,18,76,6,5.758717592592593,5.293333333333334,5.526025462962963,11.842105263157896,False,N,True
308564,B61,1,99,18,18,81,6,5.156141975308642,5.046574074074074,5.101358024691359,11.11111111111111,False,S,True
308565,B49,0,97,19,17,80,5,5.132827160493828,5.333796296296296,5.233311728395062,11.25,False,N,True
308569,B15,1,148,22,21,111,11,4.001342592592592,4.170694444444445,4.086018518518518,8.108108108108109,True,W,True
308570,B37,1,51,8,9,42,1,12.222222222222223,10.0,11.11111111111111,21.428571428571427,False,S,True
308572,B9,1,101,18,19,85,5,5.965672839506173,4.935302469135802,5.450487654320988,10.588235294117647,False,W,True
308574,B17,0,80,13,9,63,6,7.366194444444445,10.159128086419752,8.762661265432097,14.285714285714286,False,N,True
308577,B32,0,30,7,6,29,0,13.484399506357985,15.0,14.246823714813608,31.03448275862069,False,N,True
308582,B24,1,43,9,6,34,2,11.29179475308642,14.301788580246914,12.796791666666667,26.470588235294116,False,S,True
308585,B70,1,75,16,14,60,4,6.011111111111111,6.033333333333333,6.022222222222222,15.0,False,S,True
308591,B16,0,58,11,10,49,3,8.662654320987654,8.872962962962962,8.767808641975309,18.367346938775512,False,E,True
308592,X38,0,7,4,0,7,0,10.871463168165029,,10.871463168165029,128.57142857142858,False,N,True
308594,B62,1,86,18,13,65,7,5.176711419753087,6.773157407407408,5.974934413580247,13.846153846153847,False,S,True
308595,B6,0,233,34,40,181,7,3.5234336419753087,2.780003086419753,3.1517183641975306,4.972375690607735,True,E,True
308595,B82,0,104,17,17,82,7,5.428810185185185,5.472777777777778,5.450793981481482,10.975609756097562,False,E,True
308595,X28,0,36,16,2,32,0,8.080962962962962,27.534586908968535,13.302156437700402,28.125,False,N,True
308595,X38,0,15,10,0,15,0,4.851495647909771,,4.851495647909771,60.0,False,N,True
308596,B52,0,125,23,21,104,6,4.7338858024691355,4.456638888888889,4.5952623456790125,8.653846153846153,True,E,True
308596,B54,0,97,17,19,78,7,5.675555555555556,4.627978395061729,5.151766975308642,11.538461538461538,False,E,True
308599,B62,0,86,17,12,64,9,5.344560185185185,7.35042438271605,6.347492283950617,14.0625,False,N,True
308600,B62,0,86,17,13,64,9,5.3788580246913575,7.385996913580247,6.382427469135803,14.0625,False,N,True
308601,B62,1,86,19,14,65,7,5.405822530864198,6.795925925925926,6.100874228395061,13.846153846153847,False,S,True
308602,B62,1,86,19,14,65,7,5.331148148148148,6.762222222222222,6.046685185185185,13.846153846153847,False,S,True
308603,B62,1,86,19,14,65,7,5.225256172839506,6.717407407407407,5.971331790123457,13.846153846153847,False,S,True
308604,B48,1,64,13,9,48,6,7.586111111111111,10.410381172839505,8.998246141975308,18.75,False,S,True
308605,B32,1,29,6,6,28,0,15.891423554835225,14.96075462962963,15.405199464654283,32.142857142857146,False,S,True
308608,B60,0,92,19,17,76,5,5.161111111111111,5.8,5.480555555555555,11.842105263157896,False,N,True
308612,B36,1,128,32,23,108,7,3.2055555555555557,3.95,3.5777777777777775,8.333333333333334,True,W,True
308616,B63,1,89,12,19,72,6,8.183333333333334,4.938888888888888,6.561111111111112,12.5,False,S,True
308618,X28,1,14,0,8,12,0,,12.840028527424831,12.840028527424831,75.0,False,S,True
308621,B6,0,233,37,41,182,7,3.425563271604938,2.6974922839506172,3.0615277777777776,4.945054945054945,True,E,True
308622,B60,1,88,14,17,70,5,6.598558641975308,5.5319969135802465,6.065277777777778,12.857142857142858,False,S,True
308624,B54,1,97,19,18,80,5,4.977777777777778,5.025,5.001388888888888,11.25,False,W,True
308626,B25,0,107,15,22,92,6,5.716666666666667,4.327777777777778,5.022222222222222,9.782608695652174,True,E,True
308638,B54,0,97,19,18,79,6,4.894444444444445,4.918316358024692,4.906380401234568,11.39240506329114,False,E,True
308640,X27,0,41,22,1,38,0,5.605555555555555,25.0,9.821739130434784,23.68421052631579,False,N,True
308640,X37,0,18,13,0,18,0,4.091836734693877,,4.091836734693877,50.0,False,N,True
308641,B41,0,128,17,21,96,9,5.516081790123456,4.1959027777777775,4.855992283950617,9.375,True,N,True
308641,B67,0,69,13,14,55,3,8.738888888888889,7.861111111111112,8.3,16.363636363636363,False,N,True
308644,B1,1,113,25,19,94,7,3.788888888888889,4.688888888888888,4.238888888888889,9.574468085106384,True,E,True
308650,B9,0,101,21,16,86,2,4.514222222222222,5.848148148148149,5.181185185185186,10.465116279069768,False,E,True
308651,B64,0,68,13,12,57,2,7.393131172839506,7.620555555555556,7.506843364197532,15.789473684210526,False,N,True
308652,B36,0,133,30,26,112,6,3.5,3.488888888888889,3.4944444444444445,8.035714285714286,True,E,True
308653,B84,0,32,6,6,30,0,14.87025,14.934,14.902125000000002,30.0,False,N,True
308658,B84,1,32,6,6,30,0,15.0,15.0,15.0,30.0,False,E,True
308659,B84,1,32,6,6,30,0,15.0,15.0,15.0,30.0,False,E,True
308660,B84,1,32,6,6,30,0,15.0,15.0,15.0,30.0,False,E,True
308664,B13,0,74,13,17,62,3,7.584691358024691,5.355833333333334,6.4702623456790125,14.516129032258064,False,N,True
308664,B84,0,32,6,6,30,0,14.918222222222223,14.958716049382717,14.93846913580247,30.0,False,N,True
308666,B32,0,30,7,6,29,0,13.695402298850576,15.0,14.358757062146891,31.03448275862069,False,N,True
308667,B32,0,30,7,6,29,0,13.749695641000931,14.979830246913581,14.377048606192254,31.03448275862069,False,N,True
308668,B32,0,30,7,6,29,0,13.799694589877836,14.960041666666665,14.393222506393862,31.03448275862069,False,N,True
308670,B32,0,30,7,6,29,0,13.891961651917404,14.926041666666666,14.424535050071531,31.03448275862069,False,N,True
308672,B32,0,30,7,6,29,0,13.934523809523808,14.91111111111111,14.439655172413792,31.03448275862069,False,N,True
308673,B32,0,30,7,6,29,0,13.95073627177237,14.916481481481481,14.451506785737148,31.03448275862069,False,N,True
308674,B32,0,30,7,6,29,0,13.96898362526005,14.92601851851852,14.467487379827016,31.03448275862069,False,N,True
308674,B62,0,86,16,12,64,9,5.911638888888889,7.4729629629629635,6.692300925925926,14.0625,False,N,True
308675,B32,1,29,6,6,28,0,15.480500884386556,15.002987654320988,15.236837152531695,32.142857142857146,False,S,True
308677,B32,1,29,6,6,28,0,15.594117647058823,15.005555555555556,15.291428571428572,32.142857142857146,False,S,True
308680,B32,1,29,6,6,28,0,15.78321792700342,14.970263888888889,15.361856713218474,32.142857142857146,False,S,True
308681,B32,1,29,6,6,28,0,15.819215441053862,14.966896604938272,15.376558868317705,32.142857142857146,False,S,True
308682,B32,1,29,6,6,28,0,15.852111379010115,14.96555401234568,15.390763226366001,32.142857142857146,False,S,True
308683,B32,1,29,6,6,28,0,15.887878787878787,14.966666666666667,15.407246376811594,32.142857142857146,False,S,True
308686,B67,0,53,13,12,49,0,7.748024691358025,6.797464687026665,7.304104772244979,18.367346938775512,False,N,True
308688,B67,0,53,13,13,49,0,7.598120370370371,6.995299832495813,7.309057028112449,18.367346938775512,False,N,True
308689,B67,1,50,11,14,47,0,9.522222222222222,6.600558659217877,8.065459610027855,19.148936170212767,False,S,True
308690,B67,1,50,12,13,48,0,9.484871913580246,6.649895061728396,8.06738348765432,18.75,False,S,True
308693,B67,1,50,12,14,48,0,8.878510802469135,6.6544135802469135,7.766462191358025,18.75,False,S,True
308694,B15,0,32,9,11,32,0,8.709150326797385,7.844444444444445,8.241741741741741,28.125,False,E,True
308695,B49,0,97,19,17,79,5,5.05,5.372222222222222,5.211111111111111,11.39240506329114,False,N,True
308697,B49,0,97,18,17,79,5,5.007833333333334,5.372222222222222,5.190027777777777,11.39240506329114,False,N,True
308699,B4,1,60,11,9,48,1,8.60200462962963,10.288739197530864,9.445371913580248,18.75,False,W,True
308699,B44,0,57,10,9,49,0,8.95,10.666666666666666,9.808333333333334,18.367346938775512,False,N,True
308700,B4,1,60,11,9,48,1,8.575300925925925,10.231128086419753,9.403214506172839,18.75,False,W,True
308700,B44,0,70,10,9,49,4,9.0,10.533333333333333,9.766666666666667,18.367346938775512,False,N,True
308704,B44,1,121,21,19,97,6,4.361111111111112,4.8,4.580555555555555,9.278350515463918,True,S,True
308706,B44 SBS,1,129,24,26,117,0,3.832939814814815,3.512450617283951,3.672695216049383,7.6923076923076925,True,S,True
308712,B44,1,123,20,20,95,8,4.555555555555555,4.65,4.602777777777778,9.473684210526315,True,S,True
308713,B44,1,123,20,20,95,9,4.594444444444445,4.633333333333334,4.613888888888889,9.473684210526315,True,S,True
308714,B44,1,123,19,20,94,10,4.955555555555555,4.572222222222222,4.763888888888888,9.574468085106384,True,S,True
308715,B36,0,133,29,26,112,6,3.499921296296296,3.4321141975308644,3.46601774691358,8.035714285714286,True,E,True
308715,B44,0,70,10,9,49,4,9.071043209876542,10.234527777777778,9.65278549382716,18.367346938775512,False,N,True
308716,B44,0,119,21,18,97,4,4.41395524691358,5.056481481481482,4.735218364197531,9.278350515463918,True,N,True
308722,B61,0,94,17,16,77,6,5.338888888888889,5.866666666666666,5.602777777777778,11.688311688311689,False,N,True
308723,B44,1,123,19,20,95,9,4.742996913580247,4.580555555555555,4.661776234567901,9.473684210526315,True,S,True
308725,B38,0,191,36,36,169,7,3.2085956790123458,3.7200416666666665,3.464318672839506,5.325443786982248,True,E,True
308726,B57,0,65,12,12,54,3,7.5,7.558043209876543,7.529021604938271,16.666666666666668,False,E,True
308726,B61,1,99,18,19,80,6,5.003111111111111,4.941777777777777,4.972444444444445,11.25,False,S,True
308727,B57,0,65,12,12,54,3,7.5,7.536996913580247,7.518498456790124,16.666666666666668,False,E,True
308727,B61,1,99,18,18,80,6,5.032945987654321,4.938408950617284,4.985677469135803,11.25,False,S,True
308729,B45,0,78,14,16,66,3,6.996419753086419,5.539138888888889,6.267779320987654,13.636363636363637,False,E,True
308729,B67,1,63,13,14,51,4,7.833128086419753,6.640580246913581,7.236854166666666,17.647058823529413,False,S,True
308730,B32,1,29,6,6,28,0,15.531329708033923,15.00385802469136,15.2613186083989,32.142857142857146,False,S,True
308732,B32,1,29,6,6,28,0,15.560090028601143,15.004668209876543,15.275204217325228,32.142857142857146,False,S,True
308737,B44,1,121,20,19,97,6,4.388108024691358,4.792853395061728,4.590480709876544,9.278350515463918,True,S,True
308739,B44,0,121,22,19,97,6,4.277708333333334,4.776388888888889,4.527048611111111,9.278350515463918,True,N,True
308741,B37,0,51,9,9,42,1,10.20220524691358,9.613302469135801,9.907753858024693,21.428571428571427,False,N,True
308742,B37,0,51,9,9,42,1,10.157876543209877,9.660746913580248,9.909311728395062,21.428571428571427,False,N,True
308743,B37,0,51,9,9,43,1,10.093351851851851,9.814492283950617,9.953922067901235,20.930232558139537,False,N,True
308745,B37,1,51,8,9,42,1,11.957779320987653,9.943154320987654,10.950466820987655,21.428571428571427,False,S,True
308746,B37,1,51,7,9,42,1,11.977777777777778,9.905555555555557,10.941666666666666,21.428571428571427,False,S,True
308747,B37,1,51,7,9,42,1,12.21119135802469,9.909839506172839,11.060515432098764,21.428571428571427,False,S,True
308749,B37,1,51,8,9,41,1,11.726140432098765,9.558720679012346,10.642430555555556,21.951219512195124,False,S,True
308750,B37,1,51,8,10,42,1,12.242808641975309,9.237453703703704,10.740131172839506,21.428571428571427,False,S,True
308752,B41,1,240,33,50,199,12,3.9942515432098764,2.4574429012345678,3.2258472222222223,4.522613065326633,True,S,True
308759,B13,0,74,13,18,63,3,7.955555555555555,5.394444444444445,6.675,14.285714285714286,False,N,True
308761,B17,1,100,9,17,76,9,9.605555555555556,5.366666666666666,7.486111111111112,11.842105263157896,False,S,True
308769,B82,0,104,15,20,79,9,6.077777777777778,4.643385802469136,5.360581790123457,11.39240506329114,False,E,True
308769,B82 SBS,0,106,25,22,93,0,4.320260802469136,4.264185185185186,4.292222993827161,9.67741935483871,True,E,True
308774,B54,1,97,20,18,80,5,4.9922253086419754,5.174722222222223,5.083473765432099,11.25,False,W,True
308777,B46,1,163,29,32,121,16,3.8860185185185183,3.221296296296296,3.553657407407407,7.43801652892562,True,S,True
308780,B41,1,134,18,23,102,11,4.964364197530864,3.9644537037037035,4.464408950617284,8.823529411764707,True,S,True
308781,B17,1,100,10,18,76,9,9.55356635802469,5.295462962962962,7.424514660493827,11.842105263157896,False,S,True
308782,B12,1,149,29,25,123,7,3.2415555555555557,3.7433564814814817,3.4924560185185185,7.317073170731708,True,W,True
308783,B20,0,94,19,19,80,5,4.987333333333334,4.897575617283951,4.942454475308642,11.25,False,N,True
308783,B83,0,108,26,14,89,4,3.5722222222222224,6.477777777777778,5.025,10.112359550561798,False,N,True
308791,B25,1,107,17,21,91,5,5.5030324074074075,4.491692901234568,4.997362654320988,9.89010989010989,True,W,True
308791,B26,1,111,20,22,91,6,4.657175925925926,4.279503086419753,4.468339506172839,9.89010989010989,True,W,True
308791,B38,1,191,41,37,169,6,3.093773148148148,3.115930555555556,3.104851851851852,5.325443786982248,True,W,True
308791,B41,0,234,36,45,202,9,3.5719012345679015,2.592024691358025,3.081962962962963,4.455445544554456,True,N,True
308792,B2,0,61,9,12,47,2,9.454444444444444,7.298981481481481,8.376712962962962,19.148936170212767,False,E,True
308792,B9,0,95,21,17,87,0,4.512595679012346,5.113148148148148,4.812871913580247,10.344827586206897,False,E,True
308793,B2,1,65,13,12,52,0,8.661666666666667,7.472175925925926,8.066921296296297,17.307692307692307,False,W,True
308794,B46,1,136,19,19,96,14,4.605555555555555,4.927777777777778,4.766666666666667,9.375,True,S,True
308799,B46,1,163,29,30,121,15,3.8427777777777776,3.3730324074074076,3.607905092592593,7.43801652892562,True,S,True
308800,B46,1,163,29,32,121,16,3.8777777777777778,3.311111111111111,3.594444444444444,7.43801652892562,True,S,True
308802,B46,0,151,26,21,113,9,3.95,4.85,4.4,7.964601769911504,True,N,True
308803,B46,0,151,27,20,114,9,3.926041666666667,4.836432098765432,4.38123688271605,7.894736842105263,True,N,True
308804,B46,0,159,36,22,121,10,3.211111111111111,4.6,3.905555555555556,7.43801652892562,True,N,True
308805,B46,0,159,36,22,122,9,3.0965617283950615,4.569999999999999,3.833280864197531,7.377049180327869,True,N,True
308806,B46,0,159,36,22,121,10,3.011111111111111,4.644444444444445,3.8277777777777775,7.43801652892562,True,N,True
308807,B46,0,136,23,16,99,10,4.072222222222222,5.583333333333333,4.827777777777778,9.090909090909092,True,N,True
308808,B46,0,136,23,17,98,10,4.048518518518518,5.609635802469136,4.829077160493827,9.183673469387756,True,N,True
308809,B46,0,159,34,23,121,9,3.4,4.561111111111112,3.9805555555555556,7.43801652892562,True,N,True
308813,B46,0,136,23,16,98,11,4.029748456790124,5.525901234567901,4.777824845679012,9.183673469387756,True,N,True
308815,B12,1,149,30,22,122,7,3.2277777777777774,4.266666666666667,3.7472222222222222,7.377049180327869,True,W,True
308815,B25,1,107,18,17,93,4,5.0,5.205555555555555,5.102777777777778,9.67741935483871,True,W,True
308818,B26,1,111,22,19,92,5,4.4944444444444445,4.9944444444444445,4.7444444444444445,9.782608695652174,True,W,True
308820,B15,0,145,20,23,106,12,4.461111111111111,4.0,4.230555555555556,8.49056603773585,True,E,True
308821,B7,0,58,15,13,57,0,6.137879629629629,6.90933950617284,6.523609567901234,15.789473684210526,False,N,True
308821,B82,0,104,16,19,80,7,5.638888888888888,4.895733024691357,5.267310956790124,11.25,False,E,True
308822,B7,1,58,15,13,57,0,6.522216049382716,6.72451388888889,6.623364969135802,15.789473684210526,False,S,True
308828,B62,1,86,18,13,65,7,5.017691358024692,6.916203703703704,5.966947530864198,13.846153846153847,False,S,True
308829,B57,1,65,12,10,53,1,7.571242283950617,9.201333333333334,8.386287808641976,16.9811320754717,False,W,True
308829,B67,1,50,12,14,48,0,9.071168209876543,6.7334351851851855,7.902301697530864,18.75,False,S,True
308829,B69,0,54,13,13,52,0,7.641362654320988,7.427990740740741,7.534676697530864,17.307692307692307,False,N,True
308831,B15,1,148,23,21,110,11,3.938888888888889,4.194444444444445,4.066666666666666,8.181818181818182,True,W,True
308832,B54,0,97,18,19,79,6,5.106481481481482,4.795347222222222,4.950914351851852,11.39240506329114,False,E,True
308833,B15,0,145,20,23,105,12,4.569898148148147,3.980733024691358,4.275315586419753,8.571428571428571,True,E,True
308835,B65,1,76,13,13,61,2,7.216666666666667,7.15,7.183333333333334,14.754098360655737,False,W,True
308837,B62,0,86,17,12,64,9,5.6955123456790115,7.375462962962962,6.535487654320987,14.0625,False,N,True
308844,B67,1,50,12,13,48,0,9.329837962962962,6.79304012345679,8.061439043209877,18.75,False,S,True
308845,B41,1,234,34,48,199,10,3.4051867283950616,2.5743009259259257,2.989743827160494,4.522613065326633,True,S,True
308847,B67,0,53,13,12,49,0,7.777854938271605,6.752103472968134,7.302979446378253,18.367346938775512,False,N,True
308848,B47,0,99,20,17,79,5,4.749876543209877,5.160061728395062,4.954969135802469,11.39240506329114,False,N,True
308850,B7,0,58,15,13,57,0,6.106348765432099,6.841581790123457,6.473965277777778,15.789473684210526,False,N,True
308850,B82,0,104,16,19,80,8,5.566666666666666,4.9625,5.264583333333333,11.25,False,E,True
308850,B82 SBS,0,106,26,22,96,0,3.620524691358025,4.040287037037037,3.8304058641975307,9.375,True,E,True
308853,B62,0,86,16,12,64,9,5.711111111111111,7.427777777777778,6.569444444444445,14.0625,False,N,True
308854,B43,1,93,16,16,70,8,6.027236111111111,5.643223765432099,5.835229938271605,12.857142857142858,False,S,True
308855,B7,1,70,15,13,57,2,6.7,6.583333333333333,6.641666666666667,15.789473684210526,False,S,True
308855,B82,1,104,16,14,81,6,5.844444444444445,6.516666666666667,6.180555555555555,11.11111111111111,False,W,True
308855,B82 SBS,1,106,24,22,97,0,4.365208333333333,4.292822530864198,4.329015432098766,9.278350515463918,True,W,True
308857,B44,0,119,21,17,96,4,4.387703703703704,5.124481481481482,4.7560925925925925,9.375,True,N,True
308857,B44 SBS,0,122,24,24,116,0,3.772,3.7526913580246912,3.7623456790123457,7.758620689655173,True,N,True
308860,B82,0,104,17,17,81,7,5.45,5.561111111111112,5.5055555555555555,11.11111111111111,False,E,True
308861,B6,0,233,34,41,182,7,3.5361697530864196,2.7577808641975308,3.1469753086419754,4.945054945054945,True,E,True
308863,B82,0,104,16,20,80,8,5.74366975308642,4.776433641975308,5.260051697530865,11.25,False,E,True
308864,B82,1,97,13,14,74,6,7.393396604938272,6.685813271604938,7.039604938271605,12.162162162162161,False,W,True
308865,B82 SBS,1,106,22,21,96,0,4.844433641975309,4.403692901234567,4.624063271604938,9.375,True,W,True
308866,B6,1,165,27,27,124,11,3.3572037037037035,3.324662037037037,3.3409328703703705,7.258064516129032,True,W,True
308866,B82,1,97,12,14,73,6,7.687222222222222,6.732717592592593,7.209969907407408,12.32876712328767,False,W,True
308868,B82,1,104,17,15,81,5,5.638888888888888,6.2,5.919444444444445,11.11111111111111,False,W,True
308868,B82 SBS,1,106,25,21,96,0,4.166268518518518,4.305430555555556,4.235849537037037,9.375,True,W,True
308870,B7,1,70,14,14,57,2,6.778305555555556,6.6121435185185184,6.695224537037037,15.789473684210526,False,S,True
308871,B7,0,70,15,14,58,3,6.172222222222222,6.977777777777778,6.575,15.517241379310345,False,N,True
308871,B82 SBS,0,106,26,23,95,0,3.621858024691358,4.030808641975309,3.8263333333333334,9.473684210526315,True,E,True
308876,B67,0,53,13,12,49,0,7.788888888888889,6.740259740259741,7.305389221556886,18.367346938775512,False,N,True
308877,B35,1,111,18,17,81,9,5.261574074074074,5.339151234567901,5.300362654320988,11.11111111111111,False,W,True
308878,B63,1,89,10,20,72,6,8.842691358024691,4.517493827160494,6.680092592592592,12.5,False,S,True
308884,B41,1,234,35,46,199,10,3.4952222222222225,2.5461759259259256,3.020699074074074,4.522613065326633,True,S,True
308885,B46,1,163,29,31,120,16,3.905555555555556,3.238888888888889,3.5722222222222224,7.5,True,S,True
308886,B83,1,105,18,20,90,2,4.91037037037037,4.481890432098766,4.696130401234568,10.0,True,S,True
308889,B13,1,74,12,15,61,2,8.421851851851851,5.896296296296296,7.1590740740740735,14.754098360655737,False,S,True
308893,B20,0,94,18,18,80,4,5.455555555555555,5.0,5.227777777777778,11.25,False,N,True
308895,B46,0,159,35,23,121,9,3.177416666666667,4.680555555555555,3.928986111111111,7.43801652892562,True,N,True
308900,B20,1,94,16,19,78,2,6.729722222222223,4.723163580246914,5.7264429012345675,11.538461538461538,False,S,True
308903,B6,1,264,50,45,212,11,2.5222222222222226,2.5722222222222224,2.5472222222222225,4.245283018867925,True,W,True
308903,B82,1,104,15,14,80,5,6.022222222222222,6.661111111111111,6.341666666666667,11.25,False,W,True
308903,B82 SBS,1,106,22,21,97,0,4.672222222222222,4.372222222222222,4.522222222222222,9.278350515463918,True,W,True
308910,B32,1,29,6,6,28,0,15.657635467980295,14.991342592592593,15.314152744630071,32.142857142857146,False,S,True
308911,B32,1,29,6,6,28,0,15.727375053678195,14.978327160493826,15.340140491120577,32.142857142857146,False,S,True
308913,B6,1,165,26,28,126,9,3.4166666666666665,3.238888888888889,3.3277777777777775,7.142857142857143,True,W,True
308915,B67,0,53,13,12,49,0,7.66800925925926,6.954135916359164,7.329200719984432,18.367346938775512,False,N,True
308917,B45,1,78,13,15,66,2,6.689175925925926,6.271101851851852,6.480138888888889,13.636363636363637,False,W,True
308918,B6,1,165,27,28,125,10,3.3480725308641976,3.338131172839506,3.3431018518518516,7.2,True,W,True
308921,B68,1,111,18,20,91,7,4.93370987654321,4.79195061728395,4.86283024691358,9.89010989010989,True,S,True
308924,B17,0,123,27,18,102,6,3.381881172839506,4.927111111111111,4.154496141975309,8.823529411764707,True,N,True
308927,B7,0,70,15,13,58,3,6.163796296296296,6.928371913580247,6.546084104938272,15.517241379310345,False,N,True
308936,B12,0,149,29,26,123,9,3.2867222222222225,3.5875617283950616,3.437141975308642,7.317073170731708,True,E,True
308938,B57,1,65,12,10,52,1,7.49537037037037,10.630958333333332,9.063164351851851,17.307692307692307,False,W,True
308939,B57,1,65,12,10,53,1,7.457030864197531,9.126766975308643,8.291898919753086,16.9811320754717,False,W,True
308950,B12,0,149,28,26,123,8,3.3222222222222224,3.561111111111111,3.441666666666667,7.317073170731708,True,E,True
308951,B37,1,51,8,9,41,1,11.785353395061728,9.532777777777778,10.659065586419754,21.951219512195124,False,S,True
308958,B62,1,86,19,13,65,7,4.96955401234568,6.847222222222222,5.90838811728395,13.846153846153847,False,S,True
308962,B41,0,234,37,45,203,9,3.3532947530864194,2.696307098765432,3.0248009259259256,4.433497536945813,True,N,True
308962,B45,1,78,13,15,67,2,6.565108024691358,5.99124537037037,6.278176697530864,13.432835820895523,False,W,True
308962,B67,0,69,13,14,55,3,8.17063888888889,7.3983333333333325,7.784486111111111,16.363636363636363,False,N,True
308963,B32,1,29,6,6,28,0,15.433851567498401,15.00222839506173,15.214175306314797,32.142857142857146,False,S,True
308964,B11,1,99,18,21,85,3,5.324512345679012,4.40624537037037,4.865378858024692,10.588235294117647,False,W,True
308965,B13,1,74,11,15,60,2,8.729654320987654,6.041666666666667,7.38566049382716,15.0,False,S,True
308970,B3,0,127,21,21,103,5,4.5842129629629635,4.258589506172839,4.421401234567901,8.737864077669903,True,E,True
308972,B20,1,94,18,19,79,3,5.796666666666667,4.830092592592592,5.3133796296296305,11.39240506329114,False,S,True
308973,B11,0,93,15,17,78,1,6.0,5.75,5.875,11.538461538461538,False,E,True
308979,B4,1,60,12,10,49,1,7.854246913580247,9.547918209876544,8.701082561728395,18.367346938775512,False,W,True
308979,B49,1,91,16,16,74,8,6.175833333333333,5.397013888888889,5.78642361111111,12.162162162162161,False,S,True
308980,B57,0,65,12,12,53,3,7.5,7.690711419753087,7.595355709876543,16.9811320754717,False,E,True
308984,B35,1,116,18,21,87,12,6.727777777777778,4.394444444444445,5.561111111111112,10.344827586206897,False,W,True
308985,B35,0,206,36,41,169,9,3.2309012345679013,2.86808024691358,3.049490740740741,5.325443786982248,True,E,True
308986,B57,1,65,12,12,53,1,7.481649691358025,8.524560185185186,8.003104938271605,16.9811320754717,False,W,True
308987,B41,0,234,36,46,202,9,3.5681435185185184,2.613307098765432,3.0907253086419755,4.455445544554456,True,N,True
350218,B44,1,15,0,0,1,6,879.5833333333334,339.5833333333333,609.5833333333334,900.0,False,S,True
350218,B44 SBS,1,71,12,12,60,0,7.7235555555555555,7.045572530864197,7.384564043209877,15.0,False,S,True
400070,X27,0,41,25,2,40,0,4.072222222222222,26.120689655172416,11.256554307116106,22.5,False,N,True
400070,X28,0,36,19,2,34,0,5.822222222222222,27.14485981308411,13.77177700348432,26.470588235294116,False,N,True
400071,X27,0,41,25,2,40,0,4.060631172839506,26.400528058992627,11.446338994256434,22.5,False,N,True
400071,X28,0,36,19,2,34,0,5.722668209876543,27.50785123966942,13.93452847967386,26.470588235294116,False,N,True
400134,X27,1,22,1,0,16,1,40.375,108.03333333333333,95.92118015963511,56.25,False,S,True
400134,X28,1,18,1,1,15,0,40.375,86.38592592592592,78.14907829722539,60.0,False,S,True
400134,X37,1,15,0,13,15,0,,7.255766975308642,7.255766975308642,60.0,False,S,True
400134,X38,1,14,0,13,14,0,,7.081692886220934,7.081692886220934,64.28571428571429,False,S,True
400191,X27,0,20,1,2,20,0,85.15185185185186,30.27371153133111,63.21523640136357,45.0,False,N,True
400191,X28,0,19,2,3,19,0,81.02831018518518,29.902828090244675,58.67289929831874,47.36842105263158,False,N,True
400191,X38,0,15,15,0,15,0,5.858132749817652,,5.858132749817652,60.0,False,N,True
400723,X27,0,29,11,2,28,0,9.351615740740742,27.935896720352947,16.178516685216646,32.142857142857146,False,N,True
400723,X28,0,28,11,2,27,0,8.779222222222222,31.170125596751884,17.934848028752302,33.333333333333336,False,N,True
400910,X27,0,41,24,2,40,0,4.074055555555556,27.143910427411228,11.972843471554121,22.5,False,N,True
400910,X28,0,36,19,2,35,0,5.409765432098766,28.515961942449557,14.355664472564262,25.714285714285715,False,N,True
400917,X27,0,29,11,2,28,0,9.044814814814815,27.579710867397807,15.677173266738018,32.142857142857146,False,N,True
400917,X28,0,28,11,2,27,0,8.613208333333334,30.075187032418953,17.210864135864135,33.333333333333336,False,N,True
401679,B39,1,29,6,6,28,0,15.911764705882353,14.877777777777776,15.379999999999999,32.142857142857146,False,W,True
402128,X27,0,29,11,2,29,0,9.883333333333333,28.743243243243242,17.077319587628867,31.03448275862069,False,N,True
402128,X28,0,28,10,3,27,0,8.927777777777777,31.423664122137403,18.40353697749196,33.333333333333336,False,N,True
402130,X28,1,28,1,9,25,0,44.0,10.394444444444444,15.466981132075471,36.0,False,S,True
402132,X37,1,15,0,13,15,0,,7.5585900150800525,7.5585900150800525,60.0,False,S,True
402132,X38,1,14,0,13,14,0,,7.1763916850413825,7.1763916850413825,64.28571428571429,False,S,True
402134,X37,1,15,0,13,15,0,,7.556366237482118,7.556366237482118,60.0,False,S,True
402134,X38,1,14,0,13,14,0,,7.262881655311633,7.262881655311633,64.28571428571429,False,S,True
402143,X37,0,18,17,0,18,0,4.589356618325399,,4.589356618325399,50.0,False,N,True
402143,X38,0,15,14,0,15,0,5.68256866242985,,5.68256866242985,60.0,False,N,True
402145,X37,0,18,17,0,18,0,4.610989353891337,,4.610989353891337,50.0,False,N,True
402145,X38,0,15,15,0,15,0,5.701453790238838,,5.701453790238838,60.0,False,N,True
402227,X27,1,22,1,0,16,1,37.5,99.0,86.7,56.25,False,S,True
402227,X28,1,18,1,1,15,0,37.5,78.15555555555555,70.02444444444444,60.0,False,S,True
402227,X37,1,15,0,13,15,0,,6.805555555555555,6.805555555555555,60.0,False,S,True
402227,X38,1,14,0,12,14,0,,6.723684210526316,6.723684210526316,64.28571428571429,False,S,True
403410,B39,0,29,6,6,28,0,15.665755825943494,14.991432098765433,15.310467687904511,32.142857142857146,False,E,True
403647,B39,0,29,6,6,28,0,15.666666666666666,15.0,15.31578947368421,32.142857142857146,False,E,True
403679,B39,1,29,6,6,28,0,15.866066198008202,14.883074074074074,15.361536450907709,32.142857142857146,False,W,True
403847,X27,0,29,12,2,28,0,8.89524537037037,27.43329493087558,15.41511045080737,32.142857142857146,False,N,True
403847,X28,0,28,12,2,27,0,8.547143518518517,29.424235019124524,16.799083095358082,33.333333333333336,False,N,True
404179,X27,1,22,1,0,16,1,38.825,103.16666666666667,90.91180008994827,56.25,False,S,True
404179,X28,1,18,1,1,15,0,38.825,81.95185185185186,73.73767521175324,60.0,False,S,True
404179,X37,1,15,0,13,15,0,,7.037174382716049,7.037174382716049,60.0,False,S,True
404179,X38,1,14,0,12,14,0,,6.949553539665599,6.949553539665599,64.28571428571429,False,S,True
404181,X27,1,22,1,0,16,1,41.0,110.0,97.97247706422019,56.25,False,S,True
404181,X28,1,18,1,1,15,0,41.0,88.17777777777778,79.95412844036697,60.0,False,S,True
404181,X37,1,15,0,13,15,0,,7.327777777777778,7.327777777777778,60.0,False,S,True
404181,X38,1,14,0,13,14,0,,7.058282208588958,7.058282208588958,64.28571428571429,False,S,True
404183,X27,1,22,1,0,16,1,42.8,114.8,103.24776119402985,56.25,False,S,True
404183,X28,1,18,1,0,15,0,42.81666666666667,93.46666666666667,85.34659980303738,60.0,False,S,True
404183,X37,1,15,0,13,15,0,,7.424634420697413,7.424634420697413,60.0,False,S,True
404183,X38,1,14,0,13,14,0,,7.061757719714964,7.061757719714964,64.28571428571429,False,S,True
404184,X27,1,29,1,6,22,1,47.6,14.68222222222222,18.668359375,40.90909090909091,False,S,True
404184,X28,1,28,1,9,25,0,47.61666666666667,10.56548148148148,15.046847360138912,36.0,False,S,True
404185,X27,1,40,1,16,33,1,52.5,5.8,9.392307692307693,27.272727272727273,False,S,True
404185,X28,1,36,1,17,33,0,52.5,5.788888888888889,9.382051282051282,27.272727272727273,False,S,True
404186,X27,1,40,1,16,33,1,53.53333333333333,5.743541666666667,8.947142075558626,27.272727272727273,False,S,True
404186,X28,1,36,1,17,32,0,53.53333333333333,5.72974537037037,8.93427061736927,28.125,False,S,True
404188,X27,1,40,1,16,33,1,55.06666666666667,5.699070987654321,8.26452188670412,27.272727272727273,False,S,True
404188,X28,1,36,1,17,32,0,55.06666666666667,5.681570987654322,8.24793129681648,28.125,False,S,True
404197,X28,1,28,1,9,25,0,46.4,10.501111111111111,15.213706563706562,36.0,False,S,True
404225,X27,1,40,1,16,33,1,53.891666666666666,5.728382716049382,8.789484522674066,27.272727272727273,False,S,True
404225,X28,1,36,1,17,32,0,53.891666666666666,5.7136604938271605,8.775697997051937,28.125,False,S,True
404231,X27,1,40,1,15,33,1,55.78333333333333,5.754333333333333,7.993381095583467,27.272727272727273,False,S,True
404231,X28,1,36,1,17,32,0,55.78333333333333,5.6753935185185185,7.917974231971225,28.125,False,S,True
404295,X27,0,20,2,2,20,0,79.65185185185186,29.20778013354779,60.09365657539165,45.0,False,N,True
404295,X37,0,18,17,0,18,0,4.694224654960618,,4.694224654960618,50.0,False,N,True
404295,X38,0,15,15,0,15,0,5.740725255657695,,5.740725255657695,60.0,False,N,True
404299,X27,0,20,1,2,20,0,89.59074074074074,31.440559246954596,65.7118804001819,45.0,False,N,True
404299,X28,0,19,2,3,19,0,81.86134567901235,29.320367717287485,58.382726845924026,47.36842105263158,False,N,True
404299,X37,0,18,18,0,18,0,5.320457463342118,,5.320457463342118,50.0,False,N,True
404299,X38,0,15,15,0,15,0,5.905228758169935,,5.905228758169935,60.0,False,N,True
404833,X37,0,18,17,0,18,0,4.631578947368421,,4.631578947368421,50.0,False,N,True
404833,X38,0,15,15,0,15,0,5.713333333333334,,5.713333333333334,60.0,False,N,True
404877,X27,0,20,1,2,20,0,81.62592592592593,29.57527745885955,61.21344739606784,45.0,False,N,True
404877,X28,0,19,2,3,19,0,80.17281481481481,30.44864511916422,58.760593279910026,47.36842105263158,False,N,True
404877,X37,0,18,17,0,18,0,4.803497261930161,,4.803497261930161,50.0,False,N,True
404877,X38,0,15,15,0,15,0,5.780755871650679,,5.780755871650679,60.0,False,N,True
404878,X27,0,20,1,2,20,0,83.40462962962962,29.918374288000752,62.22370160132729,45.0,False,N,True
404878,X28,0,19,2,3,19,0,80.61171296296295,30.156986877591276,58.71476905473158,47.36842105263158,False,N,True
404878,X37,0,18,17,0,18,0,4.920370857443451,,4.920370857443451,50.0,False,N,True
404878,X38,0,15,15,0,15,0,5.818986820428336,,5.818986820428336,60.0,False,N,True
404879,X27,0,20,1,2,20,0,87.16666666666667,30.704918032786885,64.35761589403974,45.0,False,N,True
404879,X28,0,19,2,3,19,0,81.50555555555555,29.647887323943664,58.63664596273292,47.36842105263158,False,N,True
404879,X37,0,18,17,0,18,0,5.223926380368098,,5.223926380368098,50.0,False,N,True
404879,X38,0,15,15,0,15,0,5.905228758169935,,5.905228758169935,60.0,False,N,True
404890,X27,0,41,24,2,40,0,4.016901234567901,26.903887282366405,11.77014275801547,22.5,False,N,True
404890,X28,0,36,19,2,35,0,5.514631172839506,28.189129412347146,14.222062681800034,25.714285714285715,False,N,True
404897,X27,0,29,10,2,28,0,9.581944444444444,28.24645852749301,16.552714932126698,32.142857142857146,False,N,True
404900,X28,0,19,2,3,18,0,79.71188888888888,30.79016563146998,58.81958797524315,50.0,False,N,True
404903,X37,0,18,17,0,18,0,5.050908430232558,,5.050908430232558,50.0,False,N,True
404907,X27,0,20,0,3,20,0,93.0,31.553846153846155,67.23225806451613,45.0,False,N,True
404907,X28,0,19,2,3,19,0,82.38333333333334,29.026666666666664,58.13030303030303,47.36842105263158,False,N,True
404907,X37,0,18,18,0,18,0,5.342424242424243,,5.342424242424243,50.0,False,N,True
404907,X38,0,15,15,0,15,0,5.905228758169935,,5.905228758169935,60.0,False,N,True
404914,X27,1,29,1,6,22,1,46.391666666666666,14.610425925925927,18.7847013324754,40.90909090909091,False,S,True
404942,X27,1,29,1,6,23,1,44.0,14.488888888888889,18.943396226415093,39.130434782608695,False,S,True
404942,X37,1,15,0,13,15,0,,7.545714285714285,7.545714285714285,60.0,False,S,True
404942,X38,1,14,0,13,14,0,,7.127906976744186,7.127906976744186,64.28571428571429,False,S,True
405049,X27,1,22,1,0,16,1,41.93333333333333,112.48333333333333,100.68873123586263,56.25,False,S,True
405049,X28,1,18,1,0,15,0,41.95,90.83333333333333,82.66726052753354,60.0,False,S,True
405049,X37,1,15,0,14,15,0,,7.39609092594309,7.39609092594309,60.0,False,S,True
405049,X38,1,14,0,13,14,0,,7.045178260286824,7.045178260286824,64.28571428571429,False,S,True
405218,X27,1,29,1,6,22,1,51.25,14.877777777777776,18.100632911392402,40.90909090909091,False,S,True
405218,X28,1,28,1,9,25,0,51.25,11.030555555555557,14.594303797468354,36.0,False,S,True
405277,X27,1,29,1,6,22,1,50.0,14.844444444444443,18.36,40.90909090909091,False,S,True
405277,X28,1,28,1,8,25,0,50.0,10.877777777777776,14.79,36.0,False,S,True
405507,X37,1,15,0,13,15,0,,7.523809523809524,7.523809523809524,60.0,False,S,True
405507,X38,1,14,0,13,14,0,,7.410614525139665,7.410614525139665,64.28571428571429,False,S,True
405557,X28,0,28,11,2,27,0,8.831979938271605,31.864917803427772,18.363195650600666,33.333333333333336,False,N,True
450075,X27,0,41,24,2,40,0,4.111111111111111,27.352631578947367,12.139999999999999,22.5,False,N,True
450075,X28,0,36,19,2,35,0,5.311111111111112,28.804347826086957,14.469491525423729,25.714285714285715,False,N,True
450106,X27,0,20,0,3,20,0,91.61666666666666,31.877559601213697,66.77114296015864,45.0,False,N,True
450106,X28,0,19,2,3,19,0,82.1704537037037,29.12495313085864,58.220504486202806,47.36842105263158,False,N,True
450106,X37,0,18,18,0,18,0,5.333161372985367,,5.333161372985367,50.0,False,N,True
450106,X38,0,15,15,0,15,0,5.905228758169935,,5.905228758169935,60.0,False,N,True
450367,X27,0,41,24,2,39,0,4.020695987654321,26.039473769325312,11.133011032407698,23.076923076923077,False,N,True
450367,X28,0,36,19,2,34,0,5.860191358024691,26.962264150943394,13.681239316239317,26.470588235294116,False,N,True
450372,X37,1,15,0,12,15,0,,7.6188509227220305,7.6188509227220305,60.0,False,S,True
503454,B13,1,74,10,14,60,1,9.408334876543211,6.496794753086419,7.952564814814815,15.0,False,S,True
503454,B20,1,72,12,10,57,1,7.728518518518518,9.993703703703705,8.86111111111111,15.789473684210526,False,S,True
503455,B13,1,74,10,15,60,1,9.372222222222224,6.438888888888888,7.905555555555555,15.0,False,S,True
503455,B20,1,74,12,10,57,1,7.738888888888889,9.827777777777778,8.783333333333333,15.789473684210526,False,S,True
503592,B24,0,44,7,9,35,2,12.571912037037038,9.394813271604939,10.983362654320988,25.714285714285715,False,N,True
503593,B24,1,43,9,6,34,1,11.807311728395062,14.960594135802468,13.383952932098765,26.470588235294116,False,S,True
503594,B24,0,44,7,10,35,2,12.336462962962964,9.806013888888888,11.071238425925925,25.714285714285715,False,N,True
503615,B24,1,43,9,7,34,1,11.642421296296297,14.891833333333333,13.267127314814815,26.470588235294116,False,S,True
503626,B24,0,44,7,10,35,2,12.506319444444445,9.482037037037037,10.994178240740741,25.714285714285715,False,N,True
503627,B24,1,43,9,7,34,1,11.478680555555554,14.743083333333335,13.110881944444445,26.470588235294116,False,S,True
503628,B24,0,44,7,10,35,2,12.46708950617284,9.553208333333334,11.010148919753085,25.714285714285715,False,N,True
503639,B13,1,74,10,15,60,1,9.294444444444444,6.262254629629629,7.778349537037037,15.0,False,S,True
503640,B57,0,65,11,13,53,4,9.154814814814815,6.993163580246914,8.073989197530864,16.9811320754717,False,E,True
503641,B13,1,74,10,15,60,1,9.283333333333333,6.243827160493827,7.76358024691358,15.0,False,S,True
503642,B13,0,74,14,17,62,4,6.9759058641975304,5.507174382716049,6.24154012345679,14.516129032258064,False,N,True
503643,B13,0,74,15,17,62,4,6.9061913580246905,5.495907407407407,6.201049382716049,14.516129032258064,False,N,True
503707,B38,1,93,21,17,86,0,4.372222222222222,5.611111111111112,4.991666666666666,10.465116279069768,False,W,True
503743,B57,0,65,11,13,53,4,9.11111111111111,7.0055555555555555,8.058333333333334,16.9811320754717,False,E,True
503792,B15,1,111,12,11,73,11,7.864083333333334,8.395833333333334,8.129958333333333,12.32876712328767,False,W,True
503832,B24,0,44,7,10,35,2,12.297112654320987,9.886760802469135,11.091936728395062,25.714285714285715,False,N,True
503883,B38,0,93,16,19,82,3,6.956117283950618,4.957222222222223,5.95666975308642,10.975609756097562,False,E,True
503884,B38,0,93,16,19,82,3,7.1,4.8788888888888895,5.989444444444445,10.975609756097562,False,E,True
503885,B38,0,93,16,18,82,3,7.183333333333334,4.838888888888889,6.011111111111111,10.975609756097562,False,E,True
503907,B38,1,93,21,17,86,0,4.361851851851852,5.565697530864198,4.963774691358025,10.465116279069768,False,W,True
503908,B38,1,93,21,17,86,0,4.375716049382716,5.537179012345678,4.956447530864198,10.465116279069768,False,W,True
503962,B32,1,29,6,6,28,0,15.19639525419484,15.000347222222222,15.09767655103817,32.142857142857146,False,S,True
503963,B62,0,86,15,12,63,9,6.214280864197531,7.416148148148149,6.815214506172839,14.285714285714286,False,N,True
503991,B24,0,44,7,10,35,2,12.417283950617284,9.644864197530865,11.031074074074073,25.714285714285715,False,N,True
503993,B24,0,44,7,9,35,2,12.700854938271606,9.46478086419753,11.082817901234568,25.714285714285715,False,N,True
504095,B13,0,74,14,17,62,4,6.994537037037037,5.444351851851851,6.219444444444445,14.516129032258064,False,N,True
504096,B13,0,74,14,17,62,4,6.991574074074075,5.447314814814815,6.219444444444445,14.516129032258064,False,N,True
504099,B13,0,74,14,16,62,4,6.983333333333333,5.455555555555555,6.219444444444445,14.516129032258064,False,N,True
504100,B13,0,74,14,16,62,4,6.978554012345679,5.520729938271605,6.249641975308642,14.516129032258064,False,N,True
504101,B13,0,74,14,17,62,4,6.976304012345679,5.512882716049382,6.244593364197531,14.516129032258064,False,N,True
504102,B13,0,74,15,17,62,4,6.842121913580247,5.490152777777778,6.1661373456790125,14.516129032258064,False,N,True
504102,B20,0,75,18,9,59,5,6.3205,10.249888888888888,8.285194444444445,15.254237288135593,False,N,True
504104,B13,0,74,15,17,62,4,6.769592592592592,5.484462962962963,6.127027777777778,14.516129032258064,False,N,True
504104,B20,0,75,17,8,59,5,6.357154320987655,10.343199074074075,8.350176697530864,15.254237288135593,False,N,True
504105,B13,0,74,15,17,62,4,6.710037037037037,5.480925925925926,6.095481481481482,14.516129032258064,False,N,True
504105,B20,0,75,17,8,58,5,6.401557098765433,10.442649691358024,8.422103395061729,15.517241379310345,False,N,True
504106,B13,0,74,15,17,62,4,6.65370524691358,5.479020061728395,6.066362654320987,14.516129032258064,False,N,True
504106,B20,0,75,17,8,58,6,6.445649691358025,10.537524691358024,8.491587191358025,15.517241379310345,False,N,True
504107,B13,0,74,15,17,62,4,6.6,5.477777777777778,6.038888888888889,14.516129032258064,False,N,True
504107,B20,0,75,17,9,58,6,6.488888888888889,10.633333333333333,8.56111111111111,15.517241379310345,False,N,True
504109,B13,0,74,14,16,62,4,6.485925925925926,5.489450617283951,5.987688271604938,14.516129032258064,False,N,True
504109,B20,1,72,13,9,57,1,7.805555555555555,9.983333333333333,8.894444444444444,15.789473684210526,False,S,True
504110,B13,0,74,14,16,62,4,6.539259259259259,5.553024691358024,6.046141975308642,14.516129032258064,False,N,True
504111,B13,0,74,14,16,61,4,6.591851851851852,5.616966049382715,6.104408950617284,14.754098360655737,False,N,True
504112,B13,0,74,14,16,61,4,6.642962962962963,5.679712962962963,6.161337962962963,14.754098360655737,False,N,True
504113,B13,0,74,14,17,61,4,6.682222222222222,5.663467592592593,6.172844907407407,14.754098360655737,False,N,True
504114,B13,0,74,14,17,61,4,6.723703703703704,5.643972222222222,6.183837962962963,14.754098360655737,False,N,True
504115,B13,0,74,14,17,61,4,6.757777777777777,5.628319444444444,6.193048611111111,14.754098360655737,False,N,True
504116,B13,0,74,14,17,61,4,6.786666666666666,5.615925925925926,6.201296296296296,14.754098360655737,False,N,True
504118,B13,0,74,14,17,61,4,6.825925925925926,5.599498456790124,6.212712191358024,14.754098360655737,False,N,True
504119,B13,0,74,15,17,61,4,6.866666666666666,5.583333333333333,6.225,14.754098360655737,False,N,True
504120,B13,1,74,10,15,59,1,9.320902777777778,6.490046296296296,7.905474537037037,15.254237288135593,False,S,True
504121,B13,1,74,9,15,59,1,9.296162037037037,6.430330246913581,7.863246141975309,15.254237288135593,False,S,True
504122,B13,1,74,9,14,59,1,9.339111111111112,6.393598765432099,7.866354938271605,15.254237288135593,False,S,True
504123,B13,1,74,9,14,59,1,9.38162962962963,6.4098904320987655,7.8957600308641975,15.254237288135593,False,S,True
504124,B13,1,74,9,14,59,1,9.428487654320987,6.431449074074075,7.929968364197531,15.254237288135593,False,S,True
504125,B13,1,74,10,14,59,1,9.440958333333333,6.453166666666666,7.9470625,15.254237288135593,False,S,True
504126,B13,1,74,10,14,60,1,9.426649691358024,6.471672839506173,7.949161265432099,15.0,False,S,True
504127,B13,1,74,10,15,60,1,9.349722222222223,6.380432098765431,7.865077160493827,15.0,False,S,True
504127,B20,1,74,12,10,57,1,7.7254907407407405,9.695583333333333,8.710537037037037,15.789473684210526,False,S,True
504129,B13,1,74,10,15,60,1,9.34,6.355833333333334,7.847916666666666,15.0,False,S,True
504129,B20,1,74,12,10,57,1,7.720987654320988,9.639043209876544,8.680015432098767,15.789473684210526,False,S,True
504130,B13,1,74,10,15,60,1,9.322222222222223,6.317802469135803,7.820012345679013,15.0,False,S,True
504130,B20,1,74,13,9,57,2,7.697077160493827,9.615456790123456,8.656266975308643,15.789473684210526,False,S,True
504131,B13,1,74,11,15,60,1,9.251759259259261,6.219527777777778,7.735643518518518,15.0,False,S,True
504132,B13,1,74,11,16,60,1,9.19277777777778,6.151807098765432,7.672292438271605,15.0,False,S,True
504133,B13,1,74,11,15,60,1,9.127777777777776,6.072222222222222,7.6,15.0,False,S,True
504136,B13,1,74,11,15,60,1,9.044722222222221,6.085,7.564861111111111,15.0,False,S,True
504137,B13,1,74,11,15,60,1,9.003796296296295,6.091296296296296,7.547546296296296,15.0,False,S,True
504138,B13,1,74,11,15,61,1,8.973703703703704,6.0959259259259255,7.534814814814815,14.754098360655737,False,S,True
504170,B20,0,75,18,9,59,5,6.382908950617283,10.131945987654321,8.257427469135802,15.254237288135593,False,N,True
504171,B20,0,75,18,9,59,5,6.364746913580247,10.159104938271605,8.261925925925926,15.254237288135593,False,N,True
504172,B20,0,75,18,9,59,5,6.356057098765432,10.172927469135802,8.264492283950618,15.254237288135593,False,N,True
504173,B20,0,75,18,9,59,5,6.344939814814814,10.193868827160493,8.269404320987654,15.254237288135593,False,N,True
504174,B20,0,75,18,9,59,5,6.330013888888889,10.22359413580247,8.27680401234568,15.254237288135593,False,N,True
504177,B20,1,74,13,9,57,2,7.65483950617284,9.624706790123458,8.639773148148148,15.789473684210526,False,S,True
504178,B20,1,74,13,9,57,2,7.624106481481481,9.634592592592591,8.629349537037037,15.789473684210526,False,S,True
504179,B20,1,74,13,9,57,2,7.592819444444444,9.646833333333332,8.619826388888889,15.789473684210526,False,S,True
504180,B20,1,74,13,9,57,2,7.572538580246913,9.653932098765432,8.613235339506172,15.789473684210526,False,S,True
504181,B20,1,74,13,9,57,2,7.524496913580247,9.678777777777778,8.601637345679013,15.789473684210526,False,S,True
504182,B20,1,74,13,9,57,2,7.4977731481481475,9.692675925925926,8.595224537037037,15.789473684210526,False,S,True
504215,B24,1,43,8,6,34,1,12.553564814814814,14.884168209876544,13.718866512345679,26.470588235294116,False,S,True
504216,B24,1,43,8,6,34,1,12.457322530864197,14.880229938271606,13.6687762345679,26.470588235294116,False,S,True
504218,B24,1,43,8,6,34,1,12.353972222222222,14.88502160493827,13.619496913580246,26.470588235294116,False,S,True
504219,B24,1,43,8,6,34,1,12.316479938271605,14.889921296296297,13.603200617283951,26.470588235294116,False,S,True
504220,B24,1,43,8,6,34,1,12.244913580246912,14.903703703703703,13.574308641975309,26.470588235294116,False,S,True
504221,B24,1,43,9,6,34,1,12.151907407407407,14.921537037037037,13.536722222222222,26.470588235294116,False,S,True
504222,B24,1,43,9,6,34,1,12.055555555555555,14.933333333333334,13.494444444444444,26.470588235294116,False,S,True
504223,B24,0,44,7,9,35,2,12.773439814814814,9.506049382716048,11.13974459876543,25.714285714285715,False,N,True
504224,B24,0,44,8,9,36,2,12.607260802469137,9.630222222222223,11.118741512345679,25.0,False,N,True
504225,B24,0,44,8,9,36,2,12.538726851851852,9.673239197530865,11.105983024691358,25.0,False,N,True
504226,B24,0,44,8,9,36,2,12.475293209876543,9.714824074074073,11.095058641975308,25.0,False,N,True
504227,B24,0,44,8,9,36,2,12.431983024691359,9.746239197530864,11.089111111111112,25.0,False,N,True
504228,B24,0,44,8,9,36,2,12.352666666666666,9.808,11.080333333333334,25.0,False,N,True
504230,B38,0,191,32,37,166,8,3.838888888888889,2.7444444444444445,3.2916666666666665,5.421686746987952,True,E,True
504231,B38,0,191,32,37,166,8,3.8848518518518516,2.746847222222222,3.315849537037037,5.421686746987952,True,E,True
504233,B38,0,98,16,19,83,5,7.209603395061729,4.761111111111111,5.98535725308642,10.843373493975903,False,E,True
504236,B38,0,98,16,19,83,5,7.414930555555555,4.712777777777777,6.063854166666667,10.843373493975903,False,E,True
504238,B38,0,98,16,19,83,5,7.462199074074074,4.719537037037037,6.090868055555556,10.843373493975903,False,E,True
504239,B38,0,98,16,19,83,5,7.45037037037037,4.723981481481482,6.0871759259259255,10.843373493975903,False,E,True
504240,B38,0,93,16,18,82,3,6.913199074074074,4.964444444444444,5.938821759259259,10.975609756097562,False,E,True
504241,B38,1,98,21,17,83,5,4.438888888888888,5.75,5.094444444444445,10.843373493975903,False,W,True
504244,B38,1,98,21,17,83,5,4.3997222222222225,5.724413580246914,5.062067901234568,10.843373493975903,False,W,True
504246,B38,1,98,21,18,83,5,4.364166666666667,5.628736111111111,4.996451388888889,10.843373493975903,False,W,True
504249,B38,1,191,42,35,168,5,2.5722222222222224,3.7666666666666666,3.1694444444444443,5.357142857142857,True,W,True
504386,B57,0,65,10,13,54,4,8.380401234567902,7.004938271604939,7.692669753086419,16.666666666666668,False,E,True
504390,B57,0,65,10,13,53,4,9.014814814814816,6.979657407407407,7.9972361111111105,16.9811320754717,False,E,True
504392,B57,0,65,10,13,53,4,9.118611111111111,6.9895555555555555,8.054083333333333,16.9811320754717,False,E,True
504394,B57,1,65,12,9,52,1,8.13888888888889,11.427777777777777,9.783333333333333,17.307692307692307,False,W,True
504396,B57,1,65,12,9,52,1,8.1,10.927777777777777,9.51388888888889,17.307692307692307,False,W,True
504416,B32,1,29,6,6,28,0,15.128773085427762,15.000154320987654,15.064173603683207,32.142857142857146,False,S,True
504416,B62,1,86,18,14,65,6,6.099606481481482,6.623703703703703,6.361655092592593,13.846153846153847,False,S,True
504435,B24,1,43,8,6,34,1,12.520395061728395,14.880904320987655,13.700649691358025,26.470588235294116,False,S,True
504547,B20,0,75,18,9,59,5,6.3979691358024695,10.11396450617284,8.255966820987654,15.254237288135593,False,N,True
504560,B24,0,44,7,9,35,2,12.622222222222224,9.422222222222222,11.022222222222222,25.714285714285715,False,N,True
505054,B57,0,65,10,14,53,4,8.627777777777776,7.111111111111112,7.8694444444444445,16.9811320754717,False,E,True
505055,B24,0,44,8,9,36,2,12.715041666666668,9.56825,11.141645833333333,25.0,False,N,True
505056,B24,0,44,8,9,36,2,12.664564814814815,9.595620370370371,11.130092592592593,25.0,False,N,True
505074,B57,1,65,12,9,52,1,8.060908950617284,11.314729938271604,9.687819444444445,17.307692307692307,False,W,True
505075,B24,1,43,8,7,34,1,11.505296296296297,14.438121913580249,12.971709104938272,26.470588235294116,False,S,True
505076,B24,0,44,8,9,35,2,12.784751543209875,9.531208333333332,11.157979938271605,25.714285714285715,False,N,True
505085,B38,1,93,21,17,86,0,4.377182098765432,5.534486111111111,4.955834104938272,10.465116279069768,False,W,True
505086,B38,1,93,21,17,85,0,4.375925925925926,5.5354074074074076,4.955666666666667,10.588235294117647,False,W,True
505101,B13,1,74,10,15,59,1,9.37111111111111,6.565524691358024,7.968317901234568,15.254237288135593,False,S,True
505103,B26,0,112,17,23,88,10,7.301425925925926,3.8962962962962964,5.598861111111111,10.227272727272727,False,E,True
505168,B24,1,43,8,7,34,1,11.483333333333333,14.581888888888889,13.032611111111112,26.470588235294116,False,S,True
505218,B52,1,126,27,22,107,5,3.438888888888889,4.205555555555556,3.8222222222222224,8.411214953271028,True,W,True
505218,B54,1,97,19,17,80,6,5.127777777777778,5.416666666666667,5.272222222222222,11.25,False,W,True
505248,B32,0,30,7,6,29,0,13.940284401133457,14.95537037037037,14.476473800906453,31.03448275862069,False,N,True
505249,B32,0,30,7,6,29,0,13.927693935609215,14.959166666666667,14.473553671762708,31.03448275862069,False,N,True
505250,B32,0,30,7,6,29,0,13.899547072991936,14.965185185185186,14.465122364735368,31.03448275862069,False,N,True
505252,B32,1,29,6,6,28,0,15.0,15.0,15.0,32.142857142857146,False,S,True
505269,B26,0,112,17,23,88,10,7.315712962962963,3.9010185185185184,5.608365740740741,10.227272727272727,False,E,True
505274,B13,1,74,10,15,59,1,9.472222222222223,6.716666666666667,8.094444444444445,15.254237288135593,False,S,True
505277,B24,1,43,8,6,34,1,12.66596450617284,14.895506172839506,13.780735339506172,26.470588235294116,False,S,True
505305,B38,1,98,21,17,83,5,4.4366666666666665,5.748427469135803,5.092547067901235,10.843373493975903,False,W,True
505338,B32,1,29,6,6,28,0,15.050530366378643,15.000024691358025,15.025234197467885,32.142857142857146,False,S,True
505412,B62,1,86,17,14,65,6,6.073950617283951,6.661018518518518,6.367484567901235,13.846153846153847,False,S,True
505413,B62,0,86,15,12,62,10,6.271492283950618,7.4551543209876545,6.863323302469136,14.516129032258064,False,N,True
505511,B62,1,86,17,14,66,6,6.113337962962962,6.56712962962963,6.340233796296297,13.636363636363637,False,S,True
505530,B62,0,86,16,12,63,9,6.230737654320988,7.425027777777777,6.827882716049383,14.285714285714286,False,N,True
550523,B62,0,86,14,11,62,10,6.433609567901234,7.52625462962963,6.979932098765432,14.516129032258064,False,N,True
550658,B62,0,86,15,12,63,9,6.203652777777778,7.4353641975308635,6.81950848765432,14.285714285714286,False,N,True
550670,B62,0,86,15,12,63,9,6.229987654320988,7.4422500000000005,6.836118827160494,14.285714285714286,False,N,True
550671,B62,1,86,17,14,65,6,6.096222222222222,6.610716049382716,6.353469135802469,13.846153846153847,False,S,True
550680,B62,0,86,15,12,62,10,6.3069243827160495,7.470078703703704,6.888501543209876,14.516129032258064,False,N,True
550681,B62,1,86,18,14,65,6,6.148061728395062,6.7374120370370365,6.44273688271605,13.846153846153847,False,S,True
550685,B62,1,86,17,14,65,6,6.340385802469135,6.820703703703703,6.58054475308642,13.846153846153847,False,S,True
550689,B62,1,86,17,14,65,6,6.46108950617284,6.9020324074074075,6.681560956790124,13.846153846153847,False,S,True
551923,B62,1,86,17,14,66,6,6.13249537037037,6.633518518518518,6.383006944444444,13.636363636363637,False,S,True
552987,B62,1,86,17,14,65,6,6.580456790123457,6.990728395061728,6.785592592592593,13.846153846153847,False,S,True
552988,B62,0,86,14,12,62,10,6.543888888888889,7.521055555555555,7.032472222222222,14.516129032258064,False,N,True
553040,B62,0,86,15,12,62,10,6.34425,7.49045524691358,6.91735262345679,14.516129032258064,False,N,True
553049,B62,0,86,14,12,62,10,6.633333333333334,7.516666666666667,7.075,14.516129032258064,False,N,True
553050,B62,1,86,17,13,65,6,6.672222222222222,6.977777777777778,6.825,13.846153846153847,False,S,True
701185,B20,0,75,17,9,58,6,6.566666666666666,10.6,8.583333333333334,15.517241379310345,False,N,True
801007,B63,0,86,14,17,69,6,7.383333333333334,5.033333333333333,6.208333333333333,13.043478260869565,False,N,True
801012,B39,0,29,6,6,28,0,15.55732484076433,14.933333333333334,15.224035608308606,32.142857142857146,False,E,True
801012,B60,0,92,17,19,75,6,6.15,4.794444444444445,5.472222222222222,12.0,False,N,True
801020,B70,1,75,17,15,61,4,5.927777777777778,6.266666666666667,6.097222222222222,14.754098360655737,False,S,True
801026,B45,1,78,14,16,67,3,6.927777777777778,5.905555555555555,6.416666666666667,13.432835820895523,False,W,True
801030,B16,0,58,10,12,47,4,9.348837209302326,7.805555555555555,8.559659090909092,19.148936170212767,False,E,True
801030,B43,1,93,16,16,69,8,6.594444444444445,5.65,6.122222222222222,13.043478260869565,False,S,True
801030,B48,1,64,12,9,47,6,7.455555555555555,9.666666666666666,8.56111111111111,19.148936170212767,False,S,True
801031,B48,0,64,11,10,48,6,9.016666666666667,9.55,9.283333333333333,18.75,False,N,True
801039,B9,0,95,21,18,87,0,4.4944444444444445,5.2,4.847222222222222,10.344827586206897,False,E,True
801042,B63,1,89,9,21,71,7,9.283333333333333,4.405555555555555,6.844444444444445,12.67605633802817,False,S,True
801044,B67,1,63,12,15,51,5,8.25,6.622222222222222,7.436111111111112,17.647058823529413,False,S,True
801044,B69,1,50,12,11,47,0,7.175324675324675,8.35,7.808383233532934,19.148936170212767,False,S,True
801047,B69,0,54,13,12,52,0,7.65,7.472222222222222,7.561111111111112,17.307692307692307,False,N,True
801049,B64,0,68,15,13,56,3,6.344444444444445,7.472222222222222,6.908333333333333,16.071428571428573,False,N,True
801064,B83,0,108,26,15,89,4,3.4722222222222223,6.211111111111111,4.841666666666667,10.112359550561798,False,N,True
801067,B24,0,48,8,9,35,2,11.783333333333333,9.95,10.866666666666667,25.714285714285715,False,N,True
801068,B38,0,98,16,19,83,5,7.444444444444445,4.727777777777778,6.086111111111111,10.843373493975903,False,E,True
801071,B25,1,107,16,22,92,5,5.638888888888888,4.4,5.019444444444445,9.782608695652174,True,W,True
801074,B68,1,111,16,21,92,7,5.677777777777778,4.311111111111112,4.9944444444444445,9.782608695652174,True,S,True
801074,B74,1,118,25,28,103,0,3.905555555555556,3.211111111111111,3.558333333333333,8.737864077669903,True,E,True
801076,B17,0,43,13,9,38,0,7.1809259259259255,10.343108024691357,8.762016975308642,23.68421052631579,False,N,True
801077,B17,0,43,13,9,38,0,7.188888888888888,10.283333333333333,8.73611111111111,23.68421052631579,False,N,True
801078,B17,0,43,13,9,38,0,7.184259259259259,10.22562962962963,8.704944444444443,23.68421052631579,False,N,True
801079,B17,0,43,13,9,38,0,7.183524691358025,10.178055555555554,8.680790123456791,23.68421052631579,False,N,True
801080,B17,0,43,13,9,38,0,7.184567901234568,10.147291666666666,8.665929783950617,23.68421052631579,False,N,True
801081,B82,1,104,18,16,80,6,5.464932098765432,5.8757268518518515,5.670329475308642,11.25,False,W,True
801094,B46 SBS,0,169,39,36,157,0,2.772418209876543,2.521847222222222,2.647132716049383,5.732484076433121,True,N,True
801107,B15,1,111,12,11,73,11,7.748765432098765,8.207592592592594,7.978179012345679,12.32876712328767,False,W,True
801108,B15,1,111,11,11,74,11,7.764944444444444,8.446944444444444,8.105944444444445,12.162162162162161,False,W,True
801134,B54,1,97,19,19,80,6,5.211111111111111,4.983333333333333,5.097222222222222,11.25,False,W,True
801136,B61,1,99,18,18,79,6,5.183333333333334,4.822222222222222,5.002777777777778,11.39240506329114,False,S,True
801143,B49,1,96,20,17,78,8,5.238888888888889,5.4,5.319444444444445,11.538461538461538,False,S,True
801144,B41,1,117,14,23,95,7,8.35,5.222222222222222,6.786111111111111,9.473684210526315,True,S,True
801152,B17,1,55,8,18,44,0,59.06276234567902,5.575078703703704,32.31892052469136,20.454545454545453,False,S,True
801154,B15,1,37,12,11,37,0,7.655555555555555,8.255555555555555,7.955555555555555,24.324324324324323,False,W,True
801157,B69,1,50,12,12,48,0,8.266666666666667,7.561111111111112,7.913888888888889,18.75,False,S,True
801163,B44 SBS,0,129,24,26,117,0,3.8003703703703704,3.5711851851851852,3.685777777777778,7.6923076923076925,True,N,True
801168,B83,0,99,19,13,80,3,4.805555555555555,6.95,5.877777777777778,11.25,False,N,True
801170,B83,0,99,19,13,80,3,4.84787962962963,6.967129629629629,5.90750462962963,11.25,False,N,True
801171,B83,1,97,18,13,82,2,4.970740740740741,7.378074074074075,6.174407407407407,10.975609756097562,False,S,True
801172,B37,0,51,9,10,42,1,10.08888888888889,9.56111111111111,9.825,21.428571428571427,False,N,True
801192,B82 SBS,0,106,26,23,97,0,3.816666666666667,4.072222222222222,3.944444444444444,9.278350515463918,True,E,True
801194,B82 SBS,1,106,24,21,97,0,4.4403240740740735,4.35483024691358,4.397577160493827,9.278350515463918,True,W,True
801195,B82 SBS,1,106,24,21,96,0,4.2984182098765435,4.255765432098766,4.277091820987654,9.375,True,W,True
801197,B82 SBS,0,106,26,23,96,0,3.6213348765432096,4.052307098765432,3.836820987654321,9.375,True,E,True
801199,X27,1,40,0,16,32,1,,5.76845524691358,5.76845524691358,28.125,False,S,True
801199,X37,1,15,0,11,15,0,,7.436070322358609,7.436070322358609,60.0,False,S,True
801200,X27,1,40,0,15,32,2,,5.96433024691358,5.96433024691358,28.125,False,S,True
801200,X37,1,15,0,11,15,0,,7.668083573487032,7.668083573487032,60.0,False,S,True
801204,X37,0,18,15,0,18,0,4.176531743831439,,4.176531743831439,50.0,False,N,True
801205,X37,0,18,16,0,18,0,4.341126195684811,,4.341126195684811,50.0,False,N,True
801209,B69,0,54,13,13,52,0,7.735621913580247,7.556333333333333,7.6459776234567896,17.307692307692307,False,N,True
803042,X27,0,41,24,2,39,0,3.9776944444444444,25.982237702773418,11.031994422076831,23.076923076923077,False,N,True
803042,X28,0,36,19,2,34,0,5.892737654320987,26.81471209720021,13.608556399766218,26.470588235294116,False,N,True
803168,B84,0,32,6,6,30,0,14.843327160493827,14.91987962962963,14.881603395061727,30.0,False,N,True
803169,B84,0,32,6,6,30,0,14.822098765432099,14.90858024691358,14.86533950617284,30.0,False,N,True
803170,B84,0,32,6,6,30,0,14.811231481481482,14.90378086419753,14.857506172839505,30.0,False,N,True
803171,B84,0,32,6,6,30,0,14.788916666666667,14.890444444444444,14.839680555555557,30.0,False,N,True
803175,B84,1,32,6,6,30,0,15.0,15.0,15.0,30.0,False,E,True
803176,B84,0,32,6,6,30,0,15.0,15.0,15.0,30.0,False,N,True
803220,X37,0,18,17,0,18,0,4.532636698212408,,4.532636698212408,50.0,False,N,True
803220,X38,0,15,14,0,15,0,5.527118355293049,,5.527118355293049,60.0,False,N,True
803221,X37,0,18,16,0,18,0,4.387988661017643,,4.387988661017643,50.0,False,N,True
803221,X38,0,15,14,0,15,0,5.145959313176559,,5.145959313176559,60.0,False,N,True
803234,X27,1,40,1,16,33,1,57.0,5.933333333333334,7.580645161290322,27.272727272727273,False,S,True
803234,X28,1,36,1,17,32,1,57.0,5.833333333333333,7.483870967741936,28.125,False,S,True
805039,X27,0,41,25,2,39,0,4.7548966049382715,25.81395688991532,10.781712932363956,23.076923076923077,False,N,True
805039,X28,0,36,18,2,34,0,5.999452160493828,25.275,12.600667174023338,26.470588235294116,False,N,True
805039,X37,0,18,15,0,18,0,4.280334667556149,,4.280334667556149,50.0,False,N,True
805039,X38,0,15,13,0,15,0,4.99433913122254,,4.99433913122254,60.0,False,N,True
901001,B2,0,61,9,12,47,2,9.633333333333333,7.35,8.491666666666667,19.148936170212767,False,E,True
901003,B4,1,60,14,12,49,3,6.705555555555555,8.116666666666667,7.411111111111111,18.367346938775512,False,W,True
901007,B41,0,234,36,47,201,10,3.6,2.5444444444444443,3.0722222222222224,4.477611940298507,True,N,True
901009,B44,1,17,0,0,0,10,880.0,340.0,610.0,,False,S,True
901010,B44,0,15,0,0,0,6,866.0,326.0,596.0,,False,N,True
901010,B44 SBS,0,71,12,13,60,0,7.761111111111111,6.9944444444444445,7.377777777777778,15.0,False,N,True
901011,B44,1,78,11,11,50,10,8.5,9.016666666666667,8.758333333333333,18.0,False,S,True
901012,B6,0,95,18,18,82,0,5.383333333333334,5.066666666666666,5.225,10.975609756097562,False,E,True
901013,B7,0,70,15,12,57,4,6.205555555555555,7.422222222222222,6.813888888888888,15.789473684210526,False,N,True
901014,B7,1,58,15,14,58,0,6.211111111111111,6.588888888888889,6.4,15.517241379310345,False,S,True
901017,B15,1,148,21,21,109,12,4.322222222222222,4.233333333333333,4.277777777777778,8.256880733944953,True,W,True
901017,B47,0,99,21,17,78,7,4.422222222222222,5.35,4.886111111111111,11.538461538461538,False,N,True
901019,B17,0,123,27,18,101,7,3.488888888888889,4.916666666666667,4.2027777777777775,8.910891089108912,True,N,True
901020,B17,1,55,7,18,45,0,83.02777777777779,5.116666666666666,44.07222222222222,20.0,False,S,True
901024,X27,1,40,0,14,31,2,,7.216666666666667,7.216666666666667,29.032258064516128,False,S,True
901024,X37,1,15,0,10,15,0,,7.909836065573771,7.909836065573771,60.0,False,S,True
901029,B8,0,112,19,26,90,9,4.877777777777778,3.75,4.313888888888888,10.0,True,E,True
901055,B61,0,94,16,18,76,6,5.722222222222222,4.983333333333333,5.352777777777778,11.842105263157896,False,N,True
901055,B65,1,76,13,13,62,3,7.416666666666667,6.933333333333334,7.175,14.516129032258064,False,W,True
901058,B36,1,128,31,22,108,7,3.194444444444444,4.127777777777777,3.661111111111111,8.333333333333334,True,W,True
901067,B14,0,85,12,18,68,7,7.227777777777778,5.061111111111112,6.144444444444445,13.235294117647058,False,E,True
901067,B20,1,94,17,18,80,3,5.844444444444445,4.938888888888888,5.391666666666667,11.25,False,S,True
901070,B38,1,191,40,38,169,6,3.211111111111111,3.05,3.1305555555555555,5.325443786982248,True,W,True
901076,B60,1,88,14,19,69,7,6.322222222222222,4.866666666666666,5.594444444444445,13.043478260869565,False,S,True
901080,B82,0,104,15,20,79,9,6.266666666666667,4.627777777777778,5.447222222222222,11.39240506329114,False,E,True
901080,B82 SBS,0,106,24,21,93,0,4.338888888888889,4.216666666666667,4.277777777777778,9.67741935483871,True,E,True
901080,B83,1,8,0,7,8,0,,8.716981132075471,8.716981132075471,112.5,False,S,True
901082,B8,1,78,14,13,62,6,7.288888888888889,7.666666666666667,7.477777777777778,14.516129032258064,False,W,True
901086,B46,0,136,22,16,98,11,4.338888888888889,5.416666666666667,4.877777777777778,9.183673469387756,True,N,True
901087,B49,0,97,18,17,79,5,5.205555555555555,5.488888888888889,5.347222222222222,11.39240506329114,False,N,True
901088,X28,1,14,0,8,12,0,,12.792993630573248,12.792993630573248,75.0,False,S,True
901088,X38,1,7,0,5,7,0,,16.640495867768596,16.640495867768596,128.57142857142858,False,S,True
901089,B12,1,149,29,25,124,8,3.305555555555556,3.6444444444444444,3.475,7.258064516129032,True,W,True
901090,B82,1,104,16,14,80,6,5.831111111111111,6.490220679012345,6.160665895061729,11.25,False,W,True
901093,B46,1,139,19,23,96,17,4.9,4.177777777777778,4.538888888888889,9.375,True,S,True
901093,B46 SBS,1,160,38,32,141,0,2.538888888888889,2.9722222222222223,2.7555555555555555,6.382978723404255,True,S,True
901111,X37,0,18,17,0,18,0,4.515303245396112,,4.515303245396112,50.0,False,N,True
901111,X38,0,15,14,0,15,0,5.234339870844296,,5.234339870844296,60.0,False,N,True
901145,B57,1,65,12,11,53,2,7.522222222222222,8.3,7.911111111111111,16.9811320754717,False,W,True
901172,B67,1,50,12,15,48,0,8.820702160493827,6.603354938271605,7.712028549382716,18.75,False,S,True
901177,X37,1,15,0,12,15,0,,7.476798629255177,7.476798629255177,60.0,False,S,True
901190,X28,1,36,0,17,31,1,,6.338347222222223,6.338347222222223,29.032258064516128,False,S,True
901190,X38,1,14,0,11,14,0,,8.001612557904162,8.001612557904162,64.28571428571429,False,S,True
901193,X37,1,15,0,12,15,0,,7.619979962788035,7.619979962788035,60.0,False,S,True
901193,X38,1,14,0,13,14,0,,7.711159650516283,7.711159650516283,64.28571428571429,False,S,True
901194,X37,1,15,0,12,15,0,,7.525531475748194,7.525531475748194,60.0,False,S,True
901194,X38,1,14,0,13,14,0,,7.7708765173845515,7.7708765173845515,64.28571428571429,False,S,True
901195,X37,0,18,16,0,18,0,4.4042939164427075,,4.4042939164427075,50.0,False,N,True
901195,X38,0,15,14,0,15,0,5.151004289367319,,5.151004289367319,60.0,False,N,True
901196,X37,0,18,17,0,18,0,4.497235089751014,,4.497235089751014,50.0,False,N,True
901196,X38,0,15,14,0,15,0,5.337147256002495,,5.337147256002495,60.0,False,N,True
901197,X28,1,36,0,16,31,1,,6.279408950617284,6.279408950617284,29.032258064516128,False,S,True
901197,X38,1,14,0,11,14,0,,7.870821025524502,7.870821025524502,64.28571428571429,False,S,True
901200,B15,0,113,12,12,73,12,8.463703703703704,7.785185185185185,8.124444444444444,12.32876712328767,False,E,True
901201,B15,0,113,12,11,74,12,8.274444444444445,7.723506172839506,7.998975308641975,12.162162162162161,False,E,True
901236,B83,1,97,18,13,81,2,4.891111111111111,7.423410493827161,6.157260802469136,11.11111111111111,False,S,True
901258,B52,0,125,23,21,104,6,4.766666666666667,4.444444444444445,4.605555555555555,8.653846153846153,True,E,True
901258,B54,0,97,17,19,78,7,5.705555555555555,4.672222222222222,5.188888888888888,11.538461538461538,False,E,True
901263,B4,0,54,10,12,43,4,9.8,7.733333333333333,8.766666666666667,20.930232558139537,False,E,True
901267,B31,0,69,17,12,54,3,6.0,7.427777777777778,6.713888888888889,16.666666666666668,False,W,True
901269,B13,0,74,15,16,61,4,6.616666666666666,5.7,6.158333333333333,14.754098360655737,False,N,True
901273,B84,1,32,6,6,30,0,15.0,15.0,15.0,30.0,False,E,True
901278,B44 SBS,0,129,24,24,117,0,3.8,3.75,3.775,7.6923076923076925,True,N,True
901280,B44 SBS,0,129,24,26,117,0,3.7954999999999997,3.610574074074074,3.7030370370370367,7.6923076923076925,True,N,True
901295,B1,0,118,21,18,91,7,4.483333333333333,4.916666666666667,4.7,9.89010989010989,True,W,True
901297,B9,1,101,17,19,85,6,6.216666666666667,5.027777777777778,5.622222222222222,10.588235294117647,False,W,True
901311,B32,0,30,7,6,29,0,13.969921755139612,14.941944444444443,14.480095494970112,31.03448275862069,False,N,True
901314,B32,0,30,7,6,29,0,13.860759493670885,14.972222222222223,14.45266272189349,31.03448275862069,False,N,True
901325,B32,1,29,6,6,28,0,15.8375,14.972222222222223,15.379411764705882,32.142857142857146,False,S,True
901333,B67,0,53,13,13,49,0,7.544444444444445,6.976190476190476,7.2701149425287355,18.367346938775512,False,N,True
901340,B64,0,68,13,12,57,2,7.455555555555555,7.783333333333333,7.6194444444444445,15.789473684210526,False,N,True
901444,B39,1,29,6,6,28,0,15.060450718177316,14.991782407407408,15.026065621909002,32.142857142857146,False,W,True
901445,B16,1,59,9,13,50,2,9.355555555555556,7.155555555555555,8.255555555555555,18.0,False,W,True
901445,B37,1,51,8,9,42,2,12.144444444444444,9.322222222222223,10.733333333333333,21.428571428571427,False,S,True
901463,B26,1,111,20,22,92,6,4.788888888888889,4.2444444444444445,4.516666666666667,9.782608695652174,True,W,True
901463,B52,1,126,28,22,107,5,3.433333333333333,4.2444444444444445,3.838888888888889,8.411214953271028,True,W,True
901469,B82,1,104,18,16,81,6,5.548902777777778,5.958140432098765,5.753521604938271,11.11111111111111,False,W,True
901473,B1,0,123,20,18,95,6,4.516666666666667,5.0,4.758333333333334,9.473684210526315,True,W,True
901475,B13,1,74,12,16,62,2,7.933333333333334,5.727777777777778,6.830555555555555,14.516129032258064,False,S,True
901475,B83,1,97,18,14,81,3,5.033333333333333,7.25,6.141666666666667,11.11111111111111,False,S,True
901494,B46 SBS,1,164,39,35,145,0,2.538888888888889,2.6277777777777778,2.5833333333333335,6.206896551724138,True,S,True
901502,B26,0,112,16,23,89,9,7.411111111111111,3.9166666666666665,5.663888888888889,10.112359550561798,False,E,True
901518,B35,0,206,35,41,169,9,3.5055555555555555,2.9222222222222225,3.213888888888889,5.325443786982248,True,E,True
901534,B42,0,152,33,23,113,13,2.9555555555555557,3.938888888888889,3.4472222222222224,7.964601769911504,True,N,True
901628,B24,1,43,9,7,34,2,10.65,14.25,12.45,26.470588235294116,False,S,True
901681,B41,1,123,17,25,100,6,7.727777777777778,5.233333333333333,6.480555555555555,9.0,True,S,True
901794,B11,0,99,19,18,85,2,5.00028549382716,4.8623564814814815,4.9313209876543205,10.588235294117647,False,E,True
901798,B15,0,145,20,23,105,13,4.545371913580246,3.9756543209876543,4.260513117283951,8.571428571428571,True,E,True
901799,B70,0,75,17,13,63,5,5.411111111111111,6.811111111111112,6.111111111111112,14.285714285714286,False,N,True
901800,B35,0,121,20,23,97,6,4.772222222222222,3.961111111111111,4.366666666666666,9.278350515463918,True,E,True
901800,B70,1,75,14,13,59,3,7.738888888888889,7.433333333333334,7.586111111111111,15.254237288135593,False,S,True
901803,X28,0,7,4,0,7,0,12.241062214359427,,12.241062214359427,128.57142857142858,False,N,True
901824,B38,1,191,42,37,168,6,2.498570987654321,3.6444444444444444,3.071507716049383,5.357142857142857,True,W,True
901834,B63,0,86,15,18,70,6,7.0982006172839505,5.3059722222222225,6.202086419753086,12.857142857142858,False,N,True
904253,B15,0,113,11,11,74,12,8.227777777777778,7.7555555555555555,7.991666666666666,12.162162162162161,False,E,True
904254,B15,1,111,12,11,73,11,7.822222222222222,8.216666666666667,8.019444444444444,12.32876712328767,False,W,True
930032,B12,0,149,28,26,123,8,3.5363194444444446,3.4690246913580247,3.502672067901235,7.317073170731708,True,E,True
930032,B60,0,92,18,18,76,5,4.961111111111111,5.327777777777778,5.144444444444445,11.842105263157896,False,N,True
930049,B32,0,30,7,6,29,0,13.83819004451376,14.945879629629628,14.406262959621381,31.03448275862069,False,N,True
930105,B35,0,121,20,22,97,6,4.736296296296297,3.9753981481481477,4.355847222222223,9.278350515463918,True,E,True
930105,B70,1,75,15,13,59,3,7.585800925925926,7.419814814814814,7.502807870370371,15.254237288135593,False,S,True
930106,B24,1,43,8,6,34,1,13.133333333333333,15.0,14.066666666666666,26.470588235294116,False,S,True
300226,B100,0,111,24,29,99,2,4.594575617283951,3.140833333333333,3.867704475308642,9.090909090909092,True,E,True
300227,B100,0,111,24,29,99,2,4.589550925925925,3.148611111111111,3.8690810185185187,9.090909090909092,True,E,True
300228,BM1,1,27,14,0,25,0,16.267199074074075,,16.267199074074075,36.0,False,N,True
300240,BM1,0,31,0,15,26,1,,8.01503086419753,8.01503086419753,34.61538461538461,False,S,True
300241,BM1,0,31,0,15,26,1,,8.022848765432098,8.022848765432098,34.61538461538461,False,S,True
300242,B100,1,109,27,26,100,1,4.319098765432099,3.7219444444444445,4.0205216049382715,9.0,True,W,True
300357,BM3,0,25,0,10,20,1,,13.21070987654321,13.21070987654321,45.0,False,S,True
300368,BM3,0,25,0,9,19,1,,13.55,13.55,47.36842105263158,False,S,True
300549,B103,0,173,22,46,150,6,4.194063271604938,2.3697407407407405,3.2819020061728397,6.0,True,E,True
300549,BM2,0,27,0,12,22,2,,8.265283950617285,8.265283950617285,40.90909090909091,False,S,True
300551,B103,0,173,21,47,150,6,4.215125,2.3600262345679015,3.2875756172839505,6.0,True,E,True
300551,BM2,0,27,0,12,22,2,,8.303742283950617,8.303742283950617,40.90909090909091,False,S,True
300590,BM5,0,18,0,6,15,0,,14.988888888888889,14.988888888888889,60.0,False,S,True
300591,BM5,0,18,0,6,15,0,,15.096296296296297,15.096296296296297,60.0,False,S,True
300619,B103,1,149,50,20,137,1,2.096091049382716,5.12037037037037,3.608230709876543,6.569343065693431,True,W,True
300619,BM2,1,21,10,0,19,0,17.466828703703705,,17.466828703703705,47.36842105263158,False,N,True
300621,B103,1,149,51,20,137,1,2.073469135802469,5.169907407407408,3.6216882716049383,6.569343065693431,True,W,True
300621,BM2,1,21,10,0,19,0,17.246297839506173,,17.246297839506173,47.36842105263158,False,N,True
300624,B103,1,149,51,21,138,1,2.0450833333333334,5.147777777777778,3.5964305555555556,6.521739130434782,True,W,True
300624,BM2,1,21,11,0,19,0,16.94042438271605,,16.94042438271605,47.36842105263158,False,N,True
300627,B103,1,149,51,21,138,1,2.0524722222222223,5.124074074074074,3.588273148148148,6.521739130434782,True,W,True
300627,BM2,1,21,11,0,20,0,16.62340586419753,,16.62340586419753,45.0,False,N,True
300788,B100,0,111,23,30,100,2,4.933333333333334,3.088888888888889,4.011111111111111,9.0,True,E,True
300980,BM3,0,25,0,11,20,1,,10.548388888888889,10.548388888888889,45.0,False,S,True
301029,BM5,0,18,0,7,15,0,,14.296666666666665,14.296666666666665,60.0,False,S,True
301814,B103,0,173,21,47,149,6,4.34716049382716,2.3494753086419755,3.3483179012345676,6.040268456375839,True,E,True
301814,BM2,0,27,0,11,22,2,,8.894277777777777,8.894277777777777,40.90909090909091,False,S,True
301943,BM5,0,18,0,7,15,0,,14.401111111111112,14.401111111111112,60.0,False,S,True
301947,BM5,0,18,0,6,15,0,,14.710833333333333,14.710833333333333,60.0,False,S,True
302051,BM5,1,13,7,0,12,0,18.414970679012345,,18.414970679012345,75.0,False,N,True
302219,B103,0,87,11,22,75,5,7.783333333333333,4.022222222222222,5.902777777777778,12.0,False,E,True
302219,BM1,0,31,0,15,27,0,,7.083333333333333,7.083333333333333,33.333333333333336,False,S,True
302219,BM2,0,27,0,12,22,2,,8.016666666666667,8.016666666666667,40.90909090909091,False,S,True
302219,BM3,0,25,0,11,21,1,,9.488888888888889,9.488888888888889,42.857142857142854,False,S,True
302219,BM4,0,18,0,10,17,0,,11.466666666666667,11.466666666666667,52.94117647058823,False,S,True
302228,B103,1,77,21,11,67,2,4.60395987654321,7.799074074074074,6.201516975308642,13.432835820895523,False,W,True
302228,BM1,1,27,16,1,26,0,7.86220524691358,4.158333333333333,7.698630409770776,34.61538461538461,False,N,True
302228,BM2,1,21,11,0,20,0,14.525925925925925,,14.525925925925925,45.0,False,N,True
302228,BM3,1,21,12,0,20,0,12.188026234567902,,12.188026234567902,45.0,False,N,True
302228,BM4,1,18,11,0,18,0,10.978902777777778,,10.978902777777778,50.0,False,N,True
302585,BM4,0,18,0,11,17,0,,13.072376543209877,13.072376543209877,52.94117647058823,False,S,True
302586,BM4,0,18,0,10,17,0,,13.068981481481481,13.068981481481481,52.94117647058823,False,S,True
302588,BM4,0,18,0,10,17,0,,13.098913580246913,13.098913580246913,52.94117647058823,False,S,True
302592,BM4,0,18,0,10,17,0,,13.149913580246913,13.149913580246913,52.94117647058823,False,S,True
302594,BM4,0,18,0,10,17,0,,13.170538580246914,13.170538580246914,52.94117647058823,False,S,True
302596,BM4,0,18,0,10,17,0,,13.2,13.2,52.94117647058823,False,S,True
302599,BM4,1,18,9,0,17,0,12.916666666666666,,12.916666666666666,52.94117647058823,False,N,True
302601,BM4,1,18,9,0,17,0,12.929145061728395,,12.929145061728395,52.94117647058823,False,N,True
302603,BM4,1,18,9,0,17,0,12.940429012345678,,12.940429012345678,52.94117647058823,False,N,True
302609,BM4,1,18,10,0,17,0,12.890532407407408,,12.890532407407408,52.94117647058823,False,N,True
302610,BM4,1,18,10,0,17,0,12.835027777777778,,12.835027777777778,52.94117647058823,False,N,True
302693,B103,0,87,12,22,75,4,7.819197530864198,4.134081790123457,5.976639660493827,12.0,False,E,True
302693,BM3,0,25,0,12,21,1,,8.958618827160494,8.958618827160494,42.857142857142854,False,S,True
302693,BM4,0,18,0,11,17,0,,10.921791666666667,10.921791666666667,52.94117647058823,False,S,True
302695,B103,0,87,12,23,75,4,7.797248456790124,4.13295524691358,5.965101851851852,12.0,False,E,True
302695,BM3,0,25,0,11,21,1,,9.155555555555557,9.155555555555557,42.857142857142854,False,S,True
302695,BM4,0,18,0,10,17,0,,11.11111111111111,11.11111111111111,52.94117647058823,False,S,True
302766,B103,1,77,21,12,67,2,4.463246913580247,7.688532407407408,6.075889660493827,13.432835820895523,False,W,True
302766,BM3,1,21,12,0,20,0,11.21111111111111,,11.21111111111111,45.0,False,N,True
302766,BM4,1,18,12,0,18,0,9.766666666666667,,9.766666666666667,50.0,False,N,True
302915,B103,1,77,20,12,68,2,4.987259259259259,7.396444444444445,6.191851851851852,13.235294117647058,False,W,True
303235,B103,1,77,21,12,67,1,4.623069444444444,7.787962962962963,6.205516203703704,13.432835820895523,False,W,True
303235,BM2,1,21,11,0,20,0,15.140422839506174,,15.140422839506174,45.0,False,N,True
303259,B103,1,77,18,12,67,2,5.3496805555555556,7.34337037037037,6.346525462962963,13.432835820895523,False,W,True
303270,BM1,1,27,14,0,25,0,15.774361111111112,,15.774361111111112,36.0,False,N,True
303290,B103,0,87,13,21,76,4,7.458827160493827,4.502722222222222,5.980774691358024,11.842105263157896,False,E,True
303294,B103,0,87,13,20,76,4,7.349694444444444,4.441314814814815,5.895504629629629,11.842105263157896,False,E,True
303314,B103,0,87,11,23,74,5,8.18445987654321,3.955155864197531,6.06980787037037,12.162162162162161,False,E,True
303314,BM2,0,27,0,12,22,2,,8.118666666666666,8.118666666666666,40.90909090909091,False,S,True
303333,BM1,0,31,0,15,27,1,,7.977777777777778,7.977777777777778,33.333333333333336,False,S,True
303334,BM1,0,31,0,15,27,1,,7.988533950617284,7.988533950617284,33.333333333333336,False,S,True
303370,BM4,1,18,10,0,17,0,12.594444444444443,,12.594444444444443,52.94117647058823,False,N,True
303371,BM4,1,18,10,0,17,0,12.524537037037037,,12.524537037037037,52.94117647058823,False,N,True
303375,BM4,1,18,10,0,17,0,12.363527777777778,,12.363527777777778,52.94117647058823,False,N,True
303376,BM4,1,18,10,0,17,0,12.323711419753087,,12.323711419753087,52.94117647058823,False,N,True
303486,BM4,0,18,0,10,17,0,,13.172856481481482,13.172856481481482,52.94117647058823,False,S,True
303488,BM4,0,18,0,10,17,0,,13.325981481481481,13.325981481481481,52.94117647058823,False,S,True
303490,BM4,0,18,0,10,17,0,,13.542453703703703,13.542453703703703,52.94117647058823,False,S,True
303913,BM3,1,21,10,0,20,0,12.840055555555555,,12.840055555555555,45.0,False,N,True
303914,BM3,1,21,11,0,20,0,12.824425925925926,,12.824425925925926,45.0,False,N,True
303916,BM3,1,21,11,0,20,0,12.783333333333333,,12.783333333333333,45.0,False,N,True
303918,BM3,1,21,11,0,20,0,12.7475,,12.7475,45.0,False,N,True
303919,BM3,1,21,11,0,20,0,12.731212962962962,,12.731212962962962,45.0,False,N,True
303920,B100,1,109,29,27,99,1,3.9130185185185185,3.491111111111111,3.702064814814815,9.090909090909092,True,W,True
303921,BM3,1,21,11,0,20,0,12.704643518518518,,12.704643518518518,45.0,False,N,True
303923,BM3,1,21,11,0,20,0,12.671722222222222,,12.671722222222222,45.0,False,N,True
303926,BM1,1,27,17,1,26,0,10.622222222222224,1.5,10.472677595628417,34.61538461538461,False,N,True
303926,BM3,1,21,11,0,20,0,12.63888888888889,,12.63888888888889,45.0,False,N,True
303926,BM4,1,18,11,0,18,0,11.877777777777776,,11.877777777777776,50.0,False,N,True
303927,BM1,1,27,17,1,26,0,10.26456172839506,1.8166666666666667,10.097413323652205,34.61538461538461,False,N,True
303927,BM3,1,21,11,0,20,0,12.614660493827161,,12.614660493827161,45.0,False,N,True
303927,BM4,1,18,11,0,18,0,11.762662037037037,,11.762662037037037,50.0,False,N,True
303928,BM1,1,27,17,1,26,0,9.97108024691358,2.075,9.793134371134643,34.61538461538461,False,N,True
303928,BM3,1,21,11,0,20,0,12.594043209876542,,12.594043209876542,45.0,False,N,True
303928,BM4,1,18,11,0,18,0,11.668148148148147,,11.668148148148147,50.0,False,N,True
303930,BM1,1,27,17,1,26,0,9.21057561728395,2.7416666666666667,9.019339114026417,34.61538461538461,False,N,True
303930,BM3,1,21,11,0,20,0,12.545913580246914,,12.545913580246914,45.0,False,N,True
303930,BM4,1,18,11,0,18,0,11.436537037037036,,11.436537037037036,50.0,False,N,True
303996,BM1,0,31,0,15,27,0,,7.658265432098765,7.658265432098765,33.333333333333336,False,S,True
303996,BM3,0,25,0,11,20,1,,10.03216049382716,10.03216049382716,45.0,False,S,True
303996,BM4,0,18,0,10,17,0,,12.147853395061729,12.147853395061729,52.94117647058823,False,S,True
303998,BM1,0,31,0,16,27,0,,7.804668209876543,7.804668209876543,33.333333333333336,False,S,True
303998,BM3,0,25,0,11,20,1,,10.203919753086419,10.203919753086419,45.0,False,S,True
303998,BM4,0,18,0,10,17,0,,12.32359413580247,12.32359413580247,52.94117647058823,False,S,True
303999,BM1,0,31,0,16,27,1,,7.815538580246913,7.815538580246913,33.333333333333336,False,S,True
303999,BM3,0,25,0,11,20,1,,10.318086419753087,10.318086419753087,45.0,False,S,True
303999,BM4,0,18,0,10,17,0,,12.435557098765432,12.435557098765432,52.94117647058823,False,S,True
304000,BM3,0,25,0,11,20,1,,10.422222222222222,10.422222222222222,45.0,False,S,True
304005,BM3,0,25,0,10,20,1,,11.195001543209877,11.195001543209877,45.0,False,S,True
304007,BM3,0,25,0,10,20,1,,11.54507561728395,11.54507561728395,45.0,False,S,True
304008,BM3,0,25,0,10,20,1,,11.707444444444445,11.707444444444445,45.0,False,S,True
304012,BM3,0,25,0,10,20,1,,12.16524074074074,12.16524074074074,45.0,False,S,True
304072,B103,0,173,22,47,148,7,4.572111111111111,2.405990740740741,3.489050925925926,6.081081081081081,True,E,True
304072,BM2,0,27,0,11,21,2,,9.589773148148147,9.589773148148147,42.857142857142854,False,S,True
304078,BM2,0,7,0,5,7,0,,16.086501377410467,16.086501377410467,128.57142857142858,False,S,True
304078,BM5,0,18,0,6,15,0,,15.827407407407406,15.827407407407406,60.0,False,S,True
304083,BM2,1,5,2,0,5,0,12.86734693877551,,12.86734693877551,180.0,False,N,True
304083,BM5,1,13,6,0,12,0,18.88888888888889,,18.88888888888889,75.0,False,N,True
304084,BM2,1,5,3,0,5,0,12.793715846994536,,12.793715846994536,180.0,False,N,True
304084,BM5,1,13,6,0,12,0,18.838,,18.838,75.0,False,N,True
304085,BM2,1,5,3,0,5,0,12.625269251480884,,12.625269251480884,180.0,False,N,True
304085,BM5,1,13,6,0,12,0,18.817453703703702,,18.817453703703702,75.0,False,N,True
304086,BM2,1,5,3,0,5,0,12.3909138766056,,12.3909138766056,180.0,False,N,True
304086,BM5,1,13,6,0,12,0,18.78763271604938,,18.78763271604938,75.0,False,N,True
304090,B103,1,149,46,19,135,1,2.311111111111111,5.844444444444445,4.0777777777777775,6.666666666666667,True,W,True
304090,BM2,1,21,9,0,19,0,18.772222222222222,,18.772222222222222,47.36842105263158,False,N,True
305743,B103,0,87,12,23,75,5,7.756995370370371,4.05033487654321,5.90366512345679,12.0,False,E,True
305743,BM3,0,25,0,11,21,1,,9.31111111111111,9.31111111111111,42.857142857142854,False,S,True
305743,BM4,0,18,0,10,17,0,,11.271506172839507,11.271506172839507,52.94117647058823,False,S,True
306153,BM1,1,27,15,0,25,0,15.527777777777777,,15.527777777777777,36.0,False,N,True
306155,BM1,1,27,15,0,26,0,14.897692901234567,,14.897692901234567,34.61538461538461,False,N,True
306201,BM1,0,31,0,15,27,1,,7.9292438271604935,7.9292438271604935,33.333333333333336,False,S,True
306215,BM5,1,13,6,0,12,0,18.758996913580248,,18.758996913580248,75.0,False,N,True
306216,BM5,1,13,6,0,12,0,18.744763888888887,,18.744763888888887,75.0,False,N,True
306217,BM5,1,13,6,0,12,0,18.73064197530864,,18.73064197530864,75.0,False,N,True
306239,B103,0,87,11,23,75,5,7.940561728395062,4.031050925925926,5.9858063271604935,12.0,False,E,True
306239,BM1,0,31,0,15,27,0,,7.245199074074074,7.245199074074074,33.333333333333336,False,S,True
306239,BM2,0,27,0,12,22,2,,8.050222222222223,8.050222222222223,40.90909090909091,False,S,True
306239,BM3,0,25,0,11,21,1,,9.625347222222222,9.625347222222222,42.857142857142854,False,S,True
306239,BM4,0,18,0,10,17,0,,11.662598765432099,11.662598765432099,52.94117647058823,False,S,True
306260,BM5,0,18,0,6,15,0,,15.433518518518518,15.433518518518518,60.0,False,S,True
306261,BM5,0,18,0,6,15,0,,15.514783950617284,15.514783950617284,60.0,False,S,True
306262,BM5,0,18,0,6,15,0,,15.696583333333333,15.696583333333333,60.0,False,S,True
306420,B103,0,173,22,47,150,6,4.314649691358025,2.334246913580247,3.324448302469136,6.0,True,E,True
306420,BM2,0,27,0,11,22,2,,8.377796296296296,8.377796296296296,40.90909090909091,False,S,True
306452,BM2,1,5,3,0,5,0,12.957087486157254,,12.957087486157254,180.0,False,N,True
306452,BM5,1,13,6,0,12,0,18.855895061728397,,18.855895061728397,75.0,False,N,True
306533,B103,1,77,18,13,68,3,5.545913580246914,7.261202160493827,6.40355787037037,13.235294117647058,False,W,True
306562,B103,0,87,12,22,75,4,7.8481296296296295,4.112506172839506,5.980317901234568,12.0,False,E,True
306562,BM3,0,25,0,12,21,1,,8.65917438271605,8.65917438271605,42.857142857142854,False,S,True
306562,BM4,0,18,0,11,17,0,,10.567399691358025,10.567399691358025,52.94117647058823,False,S,True
306701,BM3,0,25,0,10,20,1,,13.024445987654321,13.024445987654321,45.0,False,S,True
306733,BM4,1,18,10,0,17,0,12.948722222222221,,12.948722222222221,52.94117647058823,False,N,True
306787,BM4,1,18,10,0,17,0,12.777961419753087,,12.777961419753087,52.94117647058823,False,N,True
306854,BM5,1,13,6,0,12,0,18.683333333333334,,18.683333333333334,75.0,False,N,True
306855,BM5,1,13,6,0,12,0,18.654583333333335,,18.654583333333335,75.0,False,N,True
306858,BM5,0,18,0,6,15,0,,15.305888888888889,15.305888888888889,60.0,False,S,True
306861,BM4,1,18,10,0,17,0,12.661072530864198,,12.661072530864198,52.94117647058823,False,N,True
306862,BM4,0,18,0,11,17,0,,13.2805,13.2805,52.94117647058823,False,S,True
306863,BM4,0,18,0,11,17,0,,13.204260802469134,13.204260802469134,52.94117647058823,False,S,True
306885,BM4,1,18,10,0,17,0,12.69603086419753,,12.69603086419753,52.94117647058823,False,N,True
306901,B103,0,87,13,21,76,4,7.424793209876543,4.473847222222222,5.949320216049383,11.842105263157896,False,E,True
307020,BM3,0,25,0,10,20,1,,13.110717592592591,13.110717592592591,45.0,False,S,True
307021,BM4,0,18,0,11,17,0,,13.121279320987655,13.121279320987655,52.94117647058823,False,S,True
307107,BM2,0,7,0,5,7,0,,15.754149510780538,15.754149510780538,128.57142857142858,False,S,True
307107,BM5,0,18,0,6,15,1,,16.440478395061728,16.440478395061728,60.0,False,S,True
307127,BM4,1,18,10,0,17,0,12.454848765432098,,12.454848765432098,52.94117647058823,False,N,True
307175,B103,0,87,12,20,77,4,7.45,4.533333333333333,5.991666666666666,11.688311688311689,False,E,True
307206,BM2,0,7,0,5,7,0,,15.848950503318827,15.848950503318827,128.57142857142858,False,S,True
307206,BM5,0,18,0,6,15,0,,16.287388888888888,16.287388888888888,60.0,False,S,True
307332,BM5,1,13,7,0,12,0,18.094,,18.094,75.0,False,N,True
307361,B100,1,109,27,26,100,1,4.288013888888888,3.702148148148148,3.9950810185185186,9.0,True,W,True
307520,BM3,1,21,11,0,20,0,12.648833333333332,,12.648833333333332,45.0,False,N,True
307626,BM3,0,25,0,10,20,1,,10.844149691358023,10.844149691358023,45.0,False,S,True
307771,BM3,1,21,9,0,19,0,12.76037037037037,,12.76037037037037,47.36842105263158,False,N,True
307806,BM3,1,21,10,0,19,0,13.039166666666667,,13.039166666666667,47.36842105263158,False,N,True
307839,B103,1,149,51,22,139,1,2.0055555555555555,4.972222222222222,3.488888888888889,6.474820143884892,True,W,True
307840,B103,0,173,22,47,151,5,4.177777777777778,2.361111111111111,3.2694444444444444,5.960264900662252,True,E,True
307854,BM3,0,25,0,10,20,1,,12.96901388888889,12.96901388888889,45.0,False,S,True
307894,BM3,0,25,0,10,20,1,,12.027777777777777,12.027777777777777,45.0,False,S,True
307988,B103,1,77,18,13,68,3,5.633333333333334,7.211111111111111,6.422222222222222,13.235294117647058,False,W,True
308057,BM4,0,18,0,10,17,0,,13.049587962962963,13.049587962962963,52.94117647058823,False,S,True
308086,BM5,1,13,7,0,12,0,17.9,,17.9,75.0,False,N,True
308259,B103,1,77,20,13,67,2,5.068302469135802,7.362171296296296,6.21523688271605,13.432835820895523,False,W,True
308437,B103,1,77,20,12,68,2,4.933333333333334,7.4,6.166666666666667,13.235294117647058,False,W,True
308570,B103,0,87,12,21,76,4,7.466666666666667,4.422222222222222,5.944444444444445,11.842105263157896,False,E,True
308734,B103,0,87,12,21,76,4,7.490358024691358,4.417705246913581,5.954031635802469,11.842105263157896,False,E,True
308735,B103,0,87,12,22,76,4,7.556520061728395,4.335211419753086,5.945865740740741,11.842105263157896,False,E,True
308736,B103,0,87,12,22,76,4,7.576606481481481,4.253807098765432,5.915206790123457,11.842105263157896,False,E,True
308769,BM2,0,7,0,5,7,0,,15.952859135285912,15.952859135285912,128.57142857142858,False,S,True
308769,BM5,0,18,0,6,15,0,,16.104699074074073,16.104699074074073,60.0,False,S,True
308940,B103,1,77,18,13,67,2,5.492378086419753,7.317257716049383,6.404817901234567,13.432835820895523,False,W,True
350017,B100,1,109,26,25,99,1,4.394677469135802,3.7322083333333333,4.063442901234568,9.090909090909092,True,W,True
350017,BM1,1,27,13,0,25,0,17.43541975308642,,17.43541975308642,36.0,False,N,True
350018,B100,1,109,26,25,99,1,4.391297839506174,3.7493827160493827,4.0703402777777775,9.090909090909092,True,W,True
350018,BM1,1,27,13,0,25,0,17.29973302469136,,17.29973302469136,36.0,False,N,True
350019,B100,1,109,26,25,99,1,4.397077160493827,3.724151234567901,4.060614197530864,9.090909090909092,True,W,True
350019,BM1,1,27,13,0,25,0,17.5,,17.5,36.0,False,N,True
350024,B103,0,173,22,47,150,6,4.183524691358024,2.336550925925926,3.2600378086419752,6.0,True,E,True
350024,BM2,0,27,0,12,22,2,,8.226135802469136,8.226135802469136,40.90909090909091,False,S,True
350025,B103,1,149,52,21,138,1,2.033689814814815,5.093333333333334,3.563511574074074,6.521739130434782,True,W,True
350025,BM2,1,21,11,0,20,0,16.211881172839508,,16.211881172839508,45.0,False,N,True
350026,B103,0,173,22,47,150,5,4.178047839506173,2.336472222222222,3.2572600308641975,6.0,True,E,True
350026,BM2,0,27,0,12,22,2,,8.188888888888888,8.188888888888888,40.90909090909091,False,S,True
350027,BM2,1,21,11,0,20,0,15.85,,15.85,45.0,False,N,True
350028,BM1,0,31,0,16,27,1,,7.79912962962963,7.79912962962963,33.333333333333336,False,S,True
350028,BM4,0,18,0,10,17,0,,12.729037037037038,12.729037037037038,52.94117647058823,False,S,True
350029,BM1,1,27,16,1,26,0,11.147233024691358,1.0166666666666666,11.034073429774766,34.61538461538461,False,N,True
350029,BM4,1,18,11,0,17,0,12.071822530864198,,12.071822530864198,52.94117647058823,False,N,True
350030,BM1,0,31,0,16,27,1,,7.776112654320987,7.776112654320987,33.333333333333336,False,S,True
350030,BM4,0,18,0,10,17,0,,12.88325,12.88325,52.94117647058823,False,S,True
350031,BM1,1,27,16,1,26,0,11.569672839506174,0.6166666666666667,11.495135184844584,34.61538461538461,False,N,True
350031,BM4,1,18,11,0,17,0,12.229538580246913,,12.229538580246913,52.94117647058823,False,N,True
350032,BM1,0,31,0,15,27,1,,7.754944444444445,7.754944444444445,33.333333333333336,False,S,True
350033,BM1,1,27,15,0,26,0,12.614984567901235,,12.614984567901235,34.61538461538461,False,N,True
350034,BM1,0,31,0,15,27,1,,7.790398148148148,7.790398148148148,33.333333333333336,False,S,True
350035,BM1,1,27,15,0,26,0,13.010319444444443,,13.010319444444443,34.61538461538461,False,N,True
350036,BM1,0,31,0,15,27,1,,7.8563734567901236,7.8563734567901236,33.333333333333336,False,S,True
350038,BM1,0,31,0,15,27,1,,7.889421296296296,7.889421296296296,33.333333333333336,False,S,True
350039,BM1,1,27,15,0,26,0,14.418819444444445,,14.418819444444445,34.61538461538461,False,N,True
350040,BM1,0,31,0,16,27,1,,7.751736111111112,7.751736111111112,33.333333333333336,False,S,True
350041,BM1,1,27,16,1,26,0,12.001554012345679,0.225,11.97218604722761,34.61538461538461,False,N,True
350043,BM1,0,31,0,16,27,1,,7.827777777777778,7.827777777777778,33.333333333333336,False,S,True
350043,BM4,0,18,0,10,17,0,,12.533333333333333,12.533333333333333,52.94117647058823,False,S,True
350044,BM1,0,31,0,15,27,1,,7.8210802469135805,7.8210802469135805,33.333333333333336,False,S,True
350045,BM1,1,27,15,0,26,0,13.439552469135803,,13.439552469135803,34.61538461538461,False,N,True
350046,B103,0,173,21,47,149,7,4.488779320987654,2.373569444444444,3.4311743827160495,6.040268456375839,True,E,True
350046,BM2,0,27,0,11,21,2,,9.318962962962962,9.318962962962962,42.857142857142854,False,S,True
350047,B103,1,149,48,19,136,1,2.2380370370370373,5.844444444444445,4.041240740740741,6.617647058823529,True,W,True
350047,BM2,1,21,9,0,19,0,18.465561728395063,,18.465561728395063,47.36842105263158,False,N,True
350048,B103,0,173,22,46,148,7,4.511645061728395,2.386882716049383,3.449263888888889,6.081081081081081,True,E,True
350048,BM2,0,27,0,11,21,2,,9.361391975308642,9.361391975308642,42.857142857142854,False,S,True
350049,B103,0,173,21,47,149,6,4.390001543209877,2.3621450617283952,3.376073302469136,6.040268456375839,True,E,True
350049,BM2,0,27,0,11,21,2,,8.96111111111111,8.96111111111111,42.857142857142854,False,S,True
350050,B103,1,149,49,20,136,1,2.1729197530864197,5.6124074074074075,3.8926635802469134,6.617647058823529,True,W,True
350050,BM2,1,21,9,0,19,0,18.22222222222222,,18.22222222222222,47.36842105263158,False,N,True
350052,B103,1,149,49,20,136,1,2.1846311728395063,5.651296296296296,3.917963734567901,6.617647058823529,True,W,True
350052,BM2,1,21,9,0,19,0,18.258203703703703,,18.258203703703703,47.36842105263158,False,N,True
350053,B103,1,149,48,20,136,1,2.2121527777777774,5.751759259259259,3.9819560185185185,6.617647058823529,True,W,True
350053,BM2,1,21,9,0,19,0,18.353273148148148,,18.353273148148148,47.36842105263158,False,N,True
350054,B103,0,173,22,47,149,7,4.431561728395062,2.3906141975308643,3.4110879629629633,6.040268456375839,True,E,True
350054,BM2,0,27,0,11,21,2,,9.154444444444444,9.154444444444444,42.857142857142854,False,S,True
350055,B103,0,173,22,47,149,7,4.433362654320987,2.3971111111111107,3.4152368827160493,6.040268456375839,True,E,True
350055,BM2,0,27,0,11,21,2,,9.114620370370371,9.114620370370371,42.857142857142854,False,S,True
350056,B103,1,149,49,20,136,1,2.2046003086419756,5.711574074074075,3.958087191358025,6.617647058823529,True,W,True
350056,BM2,1,21,9,0,19,0,18.315162037037037,,18.315162037037037,47.36842105263158,False,N,True
350058,B103,1,149,48,20,136,1,2.217057098765432,5.804907407407407,4.01098225308642,6.617647058823529,True,W,True
350058,BM2,1,21,9,0,19,0,18.403334876543212,,18.403334876543212,47.36842105263158,False,N,True
350059,B100,1,109,28,26,100,1,4.239782407407407,3.674336419753087,3.957059413580247,9.0,True,W,True
350060,B100,0,111,24,30,100,2,4.6191913580246915,3.151712962962963,3.885452160493827,9.0,True,E,True
350061,B100,0,111,24,30,100,2,4.611055555555556,3.139777777777778,3.8754166666666667,9.0,True,E,True
350062,B100,1,109,27,26,100,1,4.268121913580247,3.689751543209877,3.9789367283950616,9.0,True,W,True
350067,BM3,0,25,0,10,20,1,,12.33044598765432,12.33044598765432,45.0,False,S,True
350069,BM3,0,25,0,10,20,1,,12.396273148148147,12.396273148148147,45.0,False,S,True
350071,BM3,0,25,0,10,20,1,,12.234543209876543,12.234543209876543,45.0,False,S,True
350074,BM3,1,21,10,0,19,0,12.84037037037037,,12.84037037037037,47.36842105263158,False,N,True
350075,BM3,0,25,0,10,20,1,,12.706112654320988,12.706112654320988,45.0,False,S,True
350076,B103,1,77,22,12,67,2,4.472222222222222,7.861111111111112,6.166666666666667,13.432835820895523,False,W,True
350076,BM1,1,27,16,1,26,0,7.922222222222222,5.0,7.768421052631579,34.61538461538461,False,N,True
350076,BM2,1,21,13,0,20,0,13.91111111111111,,13.91111111111111,45.0,False,N,True
350076,BM3,1,21,12,0,20,0,11.922222222222222,,11.922222222222222,45.0,False,N,True
350076,BM4,1,18,11,0,18,0,10.733333333333333,,10.733333333333333,50.0,False,N,True
350078,B103,0,173,22,47,148,7,4.552222222222222,2.413611111111111,3.4829166666666667,6.081081081081081,True,E,True
350078,BM2,0,27,0,11,21,2,,9.488888888888889,9.488888888888889,42.857142857142854,False,S,True
350080,B103,0,173,22,47,148,7,4.536228395061729,2.4261635802469135,3.481195987654321,6.081081081081081,True,E,True
350080,BM2,0,27,0,11,21,2,,9.44553549382716,9.44553549382716,42.857142857142854,False,S,True
350081,B103,1,149,47,19,135,1,2.2905555555555557,5.844444444444445,4.0675,6.666666666666667,True,W,True
350081,BM2,1,21,9,0,19,0,18.575950617283947,,18.575950617283947,47.36842105263158,False,N,True
350082,B103,0,173,22,46,148,7,4.523751543209877,2.407283950617284,3.4655177469135805,6.081081081081081,True,E,True
350082,BM2,0,27,0,11,21,2,,9.404606481481482,9.404606481481482,42.857142857142854,False,S,True
350083,B103,1,149,47,19,135,1,2.2800925925925926,5.844444444444445,4.062268518518518,6.666666666666667,True,W,True
350083,BM2,1,21,9,0,19,0,18.53996913580247,,18.53996913580247,47.36842105263158,False,N,True
350084,B103,1,149,48,19,135,1,2.2668533950617284,5.844444444444445,4.055648919753087,6.666666666666667,True,W,True
350084,BM2,1,21,9,0,19,0,18.506876543209877,,18.506876543209877,47.36842105263158,False,N,True
350086,B100,0,111,25,29,99,2,4.3788580246913575,3.1574074074074074,3.7681327160493825,9.090909090909092,True,E,True
350086,BM1,0,31,0,15,26,1,,8.128,8.128,34.61538461538461,False,S,True
350087,BM1,1,27,14,0,25,0,16.465637345679013,,16.465637345679013,36.0,False,N,True
350088,B100,0,111,25,30,99,2,4.4607777777777775,3.1770370370370373,3.8189074074074076,9.090909090909092,True,E,True
350088,BM1,0,31,0,15,26,1,,8.095214506172839,8.095214506172839,34.61538461538461,False,S,True
350089,B100,1,109,26,26,99,1,4.385236111111111,3.7857654320987653,4.085500771604938,9.090909090909092,True,W,True
350089,BM1,1,27,13,0,25,0,17.012376543209875,,17.012376543209875,36.0,False,N,True
350090,B100,1,109,26,25,99,1,4.387882716049382,3.766817901234568,4.077350308641975,9.090909090909092,True,W,True
350090,BM1,1,27,13,0,25,0,17.16949074074074,,17.16949074074074,36.0,False,N,True
350091,B100,0,111,25,29,99,2,4.498895061728395,3.1927777777777777,3.8458364197530863,9.090909090909092,True,E,True
350091,BM1,0,31,0,15,26,1,,8.079354938271605,8.079354938271605,34.61538461538461,False,S,True
350092,B100,1,109,26,26,99,1,4.385253086419753,3.7700308641975306,4.077641975308642,9.090909090909092,True,W,True
350092,BM1,1,27,13,0,25,0,16.889649691358024,,16.889649691358024,36.0,False,N,True
350093,B100,0,111,25,30,99,2,4.423543209876543,3.158148148148148,3.7908456790123455,9.090909090909092,True,E,True
350093,BM1,0,31,0,15,26,1,,8.109807098765433,8.109807098765433,34.61538461538461,False,S,True
350094,B100,0,111,25,29,99,2,4.537061728395061,3.1780555555555554,3.8575586419753085,9.090909090909092,True,E,True
350094,BM1,0,31,0,15,26,1,,8.06384413580247,8.06384413580247,34.61538461538461,False,S,True
350095,B100,1,109,27,26,100,1,4.367223765432099,3.7547777777777775,4.061000771604938,9.0,True,W,True
350095,BM1,1,27,13,0,25,0,16.765046296296298,,16.765046296296298,36.0,False,N,True
350096,B100,0,111,25,29,99,2,4.576760802469136,3.1630555555555557,3.869908179012346,9.090909090909092,True,E,True
350096,BM1,0,31,0,15,26,1,,8.048728395061728,8.048728395061728,34.61538461538461,False,S,True
350097,B100,1,109,27,26,100,1,4.342083333333333,3.7378240740740742,4.039953703703704,9.0,True,W,True
350097,BM1,1,27,14,0,25,0,16.625,,16.625,36.0,False,N,True
350099,B103,1,149,50,21,137,1,2.1170401234567904,5.530555555555555,3.8237978395061725,6.569343065693431,True,W,True
350099,BM2,1,21,9,0,19,0,18.05440586419753,,18.05440586419753,47.36842105263158,False,N,True
350100,B103,1,149,50,20,137,1,2.1462114197530866,5.574166666666667,3.8601890432098767,6.569343065693431,True,W,True
350100,BM2,1,21,9,0,19,0,18.141038580246914,,18.141038580246914,47.36842105263158,False,N,True
350101,B103,0,173,22,48,150,6,4.283333333333333,2.3722222222222222,3.3277777777777775,6.0,True,E,True
350101,BM2,0,27,0,11,22,2,,8.692243827160494,8.692243827160494,40.90909090909091,False,S,True
350102,B103,1,149,50,21,137,1,2.0944444444444446,5.366666666666666,3.7305555555555556,6.569343065693431,True,W,True
350102,BM2,1,21,10,0,19,0,17.869475308641977,,17.869475308641977,47.36842105263158,False,N,True
350104,B103,0,173,21,48,150,6,4.309438271604938,2.3402993827160494,3.324868827160494,6.0,True,E,True
350104,BM2,0,27,0,11,22,2,,8.829663580246914,8.829663580246914,40.90909090909091,False,S,True
350105,BM3,1,21,10,0,19,0,13.246759259259258,,13.246759259259258,47.36842105263158,False,N,True
350106,BM3,1,21,10,0,19,0,13.382222222222222,,13.382222222222222,47.36842105263158,False,N,True
350107,BM3,1,21,10,0,19,0,13.63027777777778,,13.63027777777778,47.36842105263158,False,N,True
350109,B100,1,109,28,26,100,1,4.017682098765432,3.6084305555555556,3.813056327160494,9.0,True,W,True
350110,B100,0,111,24,29,100,2,4.653333333333333,3.1069444444444443,3.880138888888889,9.0,True,E,True
350111,B100,1,109,28,26,100,1,4.055970679012345,3.588925925925926,3.8224483024691356,9.0,True,W,True
350112,B100,0,111,24,30,100,2,4.606873456790123,3.109351851851852,3.858112654320988,9.0,True,E,True
350113,B100,1,109,28,26,100,1,4.011898148148148,3.599408950617284,3.805653549382716,9.0,True,W,True
350114,B100,0,111,23,30,100,2,4.608177469135802,3.1056481481481484,3.856912808641975,9.0,True,E,True
350115,B100,0,111,23,30,100,2,4.6381250000000005,3.09962962962963,3.868877314814815,9.0,True,E,True
350116,B100,1,109,27,26,100,1,3.999503086419753,3.591932098765432,3.7957175925925926,9.0,True,W,True
350117,B100,0,111,24,29,100,2,4.646135802469136,3.1452345679012343,3.8956851851851853,9.0,True,E,True
350118,B100,1,109,28,27,100,1,4.139802469135803,3.641259259259259,3.890530864197531,9.0,True,W,True
350119,B100,0,111,24,29,100,2,4.639870370370371,3.161,3.9004351851851853,9.0,True,E,True
350120,B100,1,109,28,26,100,1,4.166797839506173,3.653574074074074,3.9101859567901234,9.0,True,W,True
350121,B100,0,111,24,30,100,2,4.63373611111111,3.174486111111111,3.9041111111111113,9.0,True,E,True
350122,B100,1,109,28,26,100,1,4.195388888888889,3.661375,3.9283819444444443,9.0,True,W,True
350123,B100,0,111,24,30,100,2,4.627074074074074,3.16429012345679,3.895682098765432,9.0,True,E,True
350124,B100,1,109,28,26,100,1,4.217925925925926,3.6679243827160497,3.942925154320988,9.0,True,W,True
350125,B100,1,109,28,26,100,1,4.009185185185185,3.5957407407407405,3.802462962962963,9.0,True,W,True
350126,B100,0,111,24,29,100,2,4.655555555555555,3.1222222222222222,3.888888888888889,9.0,True,E,True
350127,B100,1,109,28,26,100,1,4.094444444444444,3.588888888888889,3.841666666666667,9.0,True,W,True
350129,B100,1,109,28,26,99,1,4.019975308641976,3.61279012345679,3.816382716049383,9.090909090909092,True,W,True
350130,B100,0,111,24,30,100,2,4.63849537037037,3.1134259259259256,3.8759606481481486,9.0,True,E,True
350131,B100,1,109,28,26,100,1,4.014804012345679,3.6035956790123453,3.809199845679012,9.0,True,W,True
350132,B100,0,111,24,30,100,2,4.649132716049382,3.0957407407407405,3.8724367283950616,9.0,True,E,True
350133,B100,1,109,28,26,100,1,4.0226296296296296,3.5906635802469133,3.8066466049382717,9.0,True,W,True
350148,B103,0,173,22,47,149,6,4.289168209876544,2.3807098765432095,3.334939043209877,6.040268456375839,True,E,True
350148,BM2,0,27,0,11,22,2,,8.617692901234568,8.617692901234568,40.90909090909091,False,S,True
350149,B103,1,149,50,21,137,1,2.0911188271604937,5.281944444444445,3.686531635802469,6.569343065693431,True,W,True
350149,BM2,1,21,10,0,19,0,17.73806790123457,,17.73806790123457,47.36842105263158,False,N,True
350154,BM1,0,31,0,15,27,0,,7.426543209876543,7.426543209876543,33.333333333333336,False,S,True
350154,BM3,0,25,0,11,20,1,,9.793364197530865,9.793364197530865,45.0,False,S,True
350154,BM4,0,18,0,10,17,0,,11.877709876543209,11.877709876543209,52.94117647058823,False,S,True
350158,B100,1,109,29,27,99,1,3.968518518518519,3.5444444444444443,3.7564814814814813,9.090909090909092,True,W,True
350159,B100,0,111,24,30,100,2,4.8509876543209876,3.088888888888889,3.9699382716049385,9.0,True,E,True
350164,B100,0,111,24,30,100,2,4.783333333333333,3.088888888888889,3.936111111111111,9.0,True,E,True
350168,BM3,1,21,10,0,19,0,12.96,,12.96,47.36842105263158,False,N,True
350183,B100,0,111,25,29,99,2,4.329112654320988,3.170185185185185,3.7496489197530862,9.090909090909092,True,E,True
350183,BM1,0,31,0,15,26,1,,8.149324074074075,8.149324074074075,34.61538461538461,False,S,True
350184,B100,1,109,26,25,99,1,4.405555555555555,3.7,4.052777777777778,9.090909090909092,True,W,True
350184,BM1,0,31,0,15,26,1,,8.172222222222222,8.172222222222222,34.61538461538461,False,S,True
350192,BM3,1,21,10,0,19,0,13.496574074074074,,13.496574074074074,47.36842105263158,False,N,True
350194,BM1,1,27,15,0,26,0,13.722359567901234,,13.722359567901234,34.61538461538461,False,N,True
350198,BM3,0,25,0,10,20,1,,12.775557098765432,12.775557098765432,45.0,False,S,True
350199,BM3,1,21,10,0,19,0,12.859751543209876,,12.859751543209876,47.36842105263158,False,N,True
350200,BM3,1,21,9,0,19,0,12.83574074074074,,12.83574074074074,47.36842105263158,False,N,True
350203,BM3,1,21,10,0,19,0,13.783333333333333,,13.783333333333333,47.36842105263158,False,N,True
350204,BM3,0,25,0,9,20,1,,13.405185185185186,13.405185185185186,45.0,False,S,True
350205,BM3,1,21,10,0,19,0,13.199259259259259,,13.199259259259259,47.36842105263158,False,N,True
350207,BM5,1,13,6,0,12,0,18.7185,,18.7185,75.0,False,N,True
350208,B103,0,87,12,20,76,4,7.496064814814815,4.573135802469136,6.034600308641975,11.842105263157896,False,E,True
350217,B100,1,109,29,27,99,1,4.027777777777778,3.588888888888889,3.808333333333333,9.090909090909092,True,W,True
350220,BM5,1,13,6,0,12,0,18.706753086419756,,18.706753086419756,75.0,False,N,True
350224,BM1,1,27,17,1,26,0,8.33509413580247,3.5166666666666666,8.153898592051327,34.61538461538461,False,N,True
350224,BM3,1,21,12,0,20,0,12.386719135802469,,12.386719135802469,45.0,False,N,True
350224,BM4,1,18,11,0,18,0,11.178780864197531,,11.178780864197531,50.0,False,N,True
350225,BM4,0,18,0,11,17,0,,13.394444444444444,13.394444444444444,52.94117647058823,False,S,True
350226,B100,0,111,24,29,100,2,4.738478395061729,3.093888888888889,3.9161836419753087,9.0,True,E,True
350226,BM4,0,18,0,11,17,0,,13.357277777777776,13.357277777777776,52.94117647058823,False,S,True
350228,B103,0,173,21,46,149,6,4.435013888888889,2.3845354938271606,3.4097746913580247,6.040268456375839,True,E,True
350228,BM2,0,27,0,11,21,2,,9.01769135802469,9.01769135802469,42.857142857142854,False,S,True
350240,BM1,0,31,0,15,26,1,,8.038976851851851,8.038976851851851,34.61538461538461,False,S,True
350241,BM1,1,27,14,0,25,0,16.092395061728396,,16.092395061728396,36.0,False,N,True
350243,B103,0,173,22,46,147,7,4.611111111111112,2.405555555555556,3.5083333333333333,6.122448979591836,True,E,True
350243,BM2,0,20,0,6,14,2,,15.622222222222224,15.622222222222224,64.28571428571429,False,S,True
350244,BM2,0,7,0,5,7,0,,16.272727272727273,16.272727272727273,128.57142857142858,False,S,True
350245,B103,1,149,46,19,135,1,2.3071358024691357,5.844444444444445,4.07579012345679,6.666666666666667,True,W,True
350245,BM2,1,21,9,0,19,0,18.665740740740738,,18.665740740740738,47.36842105263158,False,N,True
350246,B103,1,149,47,19,135,1,2.2997824074074074,5.844444444444445,4.0721134259259255,6.666666666666667,True,W,True
350246,BM2,1,21,9,0,19,0,18.605555555555554,,18.605555555555554,47.36842105263158,False,N,True
350247,BM3,0,25,0,10,20,1,,12.496297839506173,12.496297839506173,45.0,False,S,True
350248,BM3,0,25,0,10,20,1,,12.651228395061729,12.651228395061729,45.0,False,S,True
350264,B103,0,173,22,47,149,7,4.432,2.3601543209876543,3.396077160493827,6.040268456375839,True,E,True
350264,BM2,0,27,0,11,21,2,,9.245833333333334,9.245833333333334,42.857142857142854,False,S,True
350274,B100,0,111,24,30,100,2,4.670225308641975,3.1175925925925925,3.8939089506172837,9.0,True,E,True
400070,BM1,1,18,10,1,18,0,10.433333333333334,17.0,11.47663551401869,50.0,False,N,True
400070,BM2,1,15,6,1,15,0,15.294444444444444,5.0,14.752631578947367,60.0,False,N,True
400070,BM3,1,15,6,0,14,0,18.0,,18.0,64.28571428571429,False,N,True
400070,BM4,1,14,8,0,14,0,13.333333333333334,,13.333333333333334,64.28571428571429,False,N,True
400071,BM1,1,18,10,1,18,0,10.338737654320989,17.475,11.499065028042699,50.0,False,N,True
400071,BM2,1,15,6,1,15,0,15.327195987654322,5.475,14.762223240522534,60.0,False,N,True
400071,BM3,1,15,6,0,14,0,17.937882716049383,,17.937882716049383,64.28571428571429,False,N,True
400071,BM4,1,14,8,0,14,0,13.25414351851852,,13.25414351851852,64.28571428571429,False,N,True
400354,BM1,1,19,9,1,19,0,9.857729938271605,27.575,14.012981666548539,47.36842105263158,False,N,True
400354,BM2,1,16,8,1,16,0,13.668888888888889,15.575,13.950088799431684,56.25,False,N,True
400354,BM3,1,17,7,1,17,0,13.811663580246913,7.575,13.327495231588237,52.94117647058823,False,N,True
400354,BM4,1,14,7,0,14,0,14.35457561728395,,14.35457561728395,64.28571428571429,False,N,True
400354,BM5,1,13,8,0,13,0,13.01558487654321,,13.01558487654321,69.23076923076923,False,N,True
401822,BM5,0,18,0,7,16,0,,11.814814814814815,11.814814814814815,56.25,False,S,True
401823,BM5,0,18,0,7,15,0,,11.94212962962963,11.94212962962963,60.0,False,S,True
401824,BM5,0,18,0,7,15,0,,12.083333333333334,12.083333333333334,60.0,False,S,True
401826,BM5,0,18,0,7,15,0,,12.340277777777777,12.340277777777777,60.0,False,S,True
401827,BM5,0,18,0,7,15,0,,12.5,12.5,60.0,False,S,True
401840,BM5,1,13,7,0,13,0,12.905555555555557,,12.905555555555557,69.23076923076923,False,N,True
402082,BM1,0,9,0,8,9,0,,11.466731928196204,11.466731928196204,100.0,False,S,True
402082,BM1,1,18,9,1,18,0,10.398319444444445,19.5,12.019166666666667,50.0,False,N,True
402082,BM2,0,7,0,6,7,0,,14.505502110928486,14.505502110928486,128.57142857142858,False,S,True
402082,BM2,1,15,6,1,15,0,15.508155864197532,7.5,14.892143874643875,60.0,False,N,True
402082,BM3,0,5,0,5,5,0,,13.452380952380953,13.452380952380953,180.0,False,S,True
402082,BM3,1,15,6,0,14,0,17.626930555555553,,17.626930555555553,64.28571428571429,False,N,True
402082,BM4,0,5,0,5,5,0,,15.0,15.0,180.0,False,S,True
402082,BM4,1,14,8,0,14,0,12.858658950617285,,12.858658950617285,64.28571428571429,False,N,True
402132,BM1,0,22,0,10,19,0,,9.223265432098765,9.223265432098765,47.36842105263158,False,S,True
402132,BM2,0,20,0,7,16,1,,13.355555555555556,13.355555555555556,56.25,False,S,True
402132,BM3,0,20,0,8,17,0,,12.559584876543209,12.559584876543209,52.94117647058823,False,S,True
402132,BM4,0,13,0,6,13,0,,14.248148148148148,14.248148148148148,69.23076923076923,False,S,True
402134,BM1,0,22,0,10,19,0,,9.190864197530864,9.190864197530864,47.36842105263158,False,S,True
402134,BM2,0,20,0,7,16,1,,13.355555555555556,13.355555555555556,56.25,False,S,True
402134,BM3,0,20,0,8,17,0,,12.677308641975308,12.677308641975308,52.94117647058823,False,S,True
402134,BM4,0,13,0,6,13,0,,14.37037037037037,14.37037037037037,69.23076923076923,False,S,True
402135,BM1,0,22,0,9,19,0,,9.166666666666666,9.166666666666666,47.36842105263158,False,S,True
402135,BM2,0,20,0,7,16,1,,13.355555555555556,13.355555555555556,56.25,False,S,True
402135,BM3,0,20,0,8,17,0,,12.755555555555556,12.755555555555556,52.94117647058823,False,S,True
402135,BM4,0,13,0,6,13,0,,14.444444444444445,14.444444444444445,69.23076923076923,False,S,True
402143,BM1,1,19,10,1,19,0,9.794444444444444,24.5,12.941048034934498,47.36842105263158,False,N,True
402143,BM2,1,16,8,1,16,0,14.488888888888889,12.5,14.246341463414634,56.25,False,N,True
402143,BM3,1,17,7,1,17,0,13.355555555555556,4.5,12.933862433862434,52.94117647058823,False,N,True
402143,BM4,1,14,7,0,14,0,13.827777777777778,,13.827777777777778,64.28571428571429,False,N,True
402145,BM1,1,19,10,1,19,0,9.725824074074074,25.266666666666666,13.132405533063428,47.36842105263158,False,N,True
402145,BM2,1,16,8,1,16,0,14.284444444444444,13.266666666666667,14.153690553044976,56.25,False,N,True
402145,BM3,1,17,7,1,17,0,13.498148148148148,5.266666666666667,13.043083741544203,52.94117647058823,False,N,True
402145,BM4,1,14,7,0,14,0,13.970416666666667,,13.970416666666667,64.28571428571429,False,N,True
402215,BM1,1,19,9,1,19,0,10.3,32.0,15.991803278688526,47.36842105263158,False,N,True
402215,BM2,1,16,8,1,16,0,12.488888888888889,20.0,13.854545454545454,56.25,False,N,True
402215,BM3,1,17,7,1,17,0,14.044444444444444,12.0,13.803921568627452,52.94117647058823,False,N,True
402215,BM4,1,14,7,0,14,0,16.32122905027933,,16.32122905027933,64.28571428571429,False,N,True
402215,BM5,1,13,8,0,13,0,12.36111111111111,,12.36111111111111,69.23076923076923,False,N,True
403293,BM1,0,21,0,8,18,0,,11.527777777777777,11.527777777777777,50.0,False,S,True
403293,BM1,1,8,8,0,8,0,9.948529411764705,,9.948529411764705,112.5,False,N,True
403293,BM2,0,19,0,6,15,1,,14.583333333333334,14.583333333333334,60.0,False,S,True
403293,BM2,1,5,5,0,5,0,13.74074074074074,,13.74074074074074,180.0,False,N,True
403293,BM3,0,18,0,6,15,0,,15.694444444444445,15.694444444444445,60.0,False,S,True
403293,BM3,1,4,4,0,4,0,13.537037037037036,,13.537037037037036,225.0,False,N,True
403293,BM4,0,12,0,6,12,0,,15.972222222222223,15.972222222222223,75.0,False,S,True
403293,BM4,1,4,4,0,4,0,12.623287671232877,,12.623287671232877,225.0,False,N,True
403457,BM1,1,19,9,1,19,0,10.13252160493827,28.383333333333333,14.508296963724247,47.36842105263158,False,N,True
403457,BM2,1,16,8,1,16,0,13.453333333333335,16.383333333333333,13.904561595905792,56.25,False,N,True
403457,BM3,1,17,7,1,17,0,13.884074074074075,8.383333333333333,13.415350951493592,52.94117647058823,False,N,True
403457,BM4,1,14,7,0,14,0,14.475577160493827,,14.475577160493827,64.28571428571429,False,N,True
403457,BM5,1,13,8,0,13,0,12.896797839506172,,12.896797839506172,69.23076923076923,False,N,True
403617,BM1,0,22,0,10,19,0,,9.166666666666666,9.166666666666666,47.36842105263158,False,S,True
403617,BM2,0,20,0,7,16,1,,13.355555555555556,13.355555555555556,56.25,False,S,True
403617,BM3,0,20,0,8,17,0,,12.02111111111111,12.02111111111111,52.94117647058823,False,S,True
403617,BM4,0,13,0,7,13,0,,17.75638888888889,17.75638888888889,69.23076923076923,False,S,True
403617,BM5,0,18,0,8,16,0,,11.877777777777776,11.877777777777776,56.25,False,S,True
404299,BM1,1,19,10,1,19,0,10.35,29.5,15.077405857740585,47.36842105263158,False,N,True
404299,BM2,1,16,8,1,16,0,13.155555555555557,17.5,13.86279069767442,56.25,False,N,True
404299,BM3,1,17,7,1,17,0,13.95,9.5,13.525125628140703,52.94117647058823,False,N,True
404299,BM4,1,14,6,0,14,0,14.916666666666666,,14.916666666666666,64.28571428571429,False,N,True
404299,BM5,1,13,8,0,13,0,12.694444444444445,,12.694444444444445,69.23076923076923,False,N,True
404833,BM1,1,19,10,1,19,0,9.666768518518518,25.816666666666666,13.266738619465631,47.36842105263158,False,N,True
404833,BM2,1,16,8,1,16,0,14.137777777777778,13.816666666666666,14.095042007812918,56.25,False,N,True
404833,BM3,1,17,7,1,17,0,13.586342592592592,5.816666666666666,13.114675015944803,52.94117647058823,False,N,True
404833,BM4,1,14,7,0,14,0,14.068200617283951,,14.068200617283951,64.28571428571429,False,N,True
405220,BM1,0,21,0,8,18,0,,11.591228395061728,11.591228395061728,50.0,False,S,True
405220,BM1,1,8,8,0,8,0,9.927738970588235,,9.927738970588235,112.5,False,N,True
405220,BM2,0,19,0,6,15,1,,14.719444444444443,14.719444444444443,60.0,False,S,True
405220,BM2,1,5,5,0,5,0,13.74074074074074,,13.74074074074074,180.0,False,N,True
405220,BM3,0,18,0,6,15,1,,15.846598765432098,15.846598765432098,60.0,False,S,True
405220,BM3,1,4,4,0,4,0,13.537037037037036,,13.537037037037036,225.0,False,N,True
405220,BM4,0,12,0,6,12,0,,16.179376543209877,16.179376543209877,75.0,False,S,True
405220,BM4,1,4,4,0,4,0,12.739079164788944,,12.739079164788944,225.0,False,N,True
405380,BM1,1,19,9,1,19,0,9.547194444444445,26.75,13.488736616702356,47.36842105263158,False,N,True
405380,BM2,1,16,8,1,16,0,13.88888888888889,14.75,14.010143198090693,56.25,False,N,True
405380,BM3,1,17,7,1,17,0,13.717930555555556,6.75,13.231795865633075,52.94117647058823,False,N,True
405380,BM4,1,14,7,0,14,0,14.224902777777777,,14.224902777777777,64.28571428571429,False,N,True
450054,BM3,0,20,0,8,17,0,,12.381186728395061,12.381186728395061,52.94117647058823,False,S,True
450054,BM4,0,13,0,6,13,0,,14.027777777777777,14.027777777777777,69.23076923076923,False,S,True
450057,BM1,0,22,0,10,19,0,,9.241351851851851,9.241351851851851,47.36842105263158,False,S,True
450057,BM2,0,20,0,7,16,1,,13.355555555555556,13.355555555555556,56.25,False,S,True
450057,BM3,0,20,0,8,17,0,,12.166598765432099,12.166598765432099,52.94117647058823,False,S,True
450057,BM4,0,13,0,7,13,0,,14.66311111111111,14.66311111111111,69.23076923076923,False,S,True
450057,BM5,0,18,0,8,16,0,,11.543055555555556,11.543055555555556,56.25,False,S,True
450059,BM1,0,22,0,10,19,0,,9.166666666666666,9.166666666666666,47.36842105263158,False,S,True
450059,BM2,0,20,0,7,16,1,,13.355555555555556,13.355555555555556,56.25,False,S,True
450059,BM3,0,20,0,8,17,0,,12.105555555555556,12.105555555555556,52.94117647058823,False,S,True
450059,BM4,0,13,0,7,13,0,,15.444444444444445,15.444444444444445,69.23076923076923,False,S,True
450059,BM5,0,18,0,8,16,0,,11.666666666666666,11.666666666666666,56.25,False,S,True
450062,BM1,0,22,0,10,19,0,,9.166666666666666,9.166666666666666,47.36842105263158,False,S,True
450062,BM2,0,20,0,7,16,1,,13.355555555555556,13.355555555555556,56.25,False,S,True
450062,BM3,0,20,0,8,17,0,,12.06962962962963,12.06962962962963,52.94117647058823,False,S,True
450062,BM4,0,13,0,7,13,0,,16.435885802469137,16.435885802469137,69.23076923076923,False,S,True
450062,BM5,0,18,0,8,16,0,,11.756481481481481,11.756481481481481,56.25,False,S,True
450106,BM1,1,19,10,1,19,0,10.279658950617284,30.441666666666666,15.375612329620148,47.36842105263158,False,N,True
450106,BM2,1,16,8,1,16,0,12.904444444444444,18.441666666666666,13.846108378800688,56.25,False,N,True
450106,BM3,1,17,7,1,17,0,13.997899691358024,10.441666666666666,13.628202522193645,52.94117647058823,False,N,True
450106,BM4,1,14,6,0,14,0,15.502291666666668,,15.502291666666668,64.28571428571429,False,N,True
450106,BM5,1,13,8,0,13,0,12.573391975308642,,12.573391975308642,69.23076923076923,False,N,True
450157,BM1,0,22,0,10,19,0,,9.263333333333332,9.263333333333332,47.36842105263158,False,S,True
450157,BM2,0,20,0,7,16,1,,13.355555555555556,13.355555555555556,56.25,False,S,True
450157,BM3,0,20,0,8,17,0,,12.299666666666667,12.299666666666667,52.94117647058823,False,S,True
450157,BM4,0,13,0,6,13,0,,13.907407407407408,13.907407407407408,69.23076923076923,False,S,True
450176,BM3,0,5,0,5,5,0,,13.452380952380953,13.452380952380953,180.0,False,S,True
450176,BM4,0,5,0,5,5,0,,15.0,15.0,180.0,False,S,True
450202,BM1,0,21,0,7,18,0,,11.666666666666666,11.666666666666666,50.0,False,S,True
450202,BM1,1,8,8,0,8,0,9.904411764705882,,9.904411764705882,112.5,False,N,True
450202,BM2,0,19,0,5,15,1,,15.0,15.0,60.0,False,S,True
450202,BM2,1,5,5,0,5,0,13.74074074074074,,13.74074074074074,180.0,False,N,True
450202,BM3,0,18,0,6,14,1,,16.105555555555558,16.105555555555558,64.28571428571429,False,S,True
450202,BM3,1,4,4,0,4,0,13.537037037037036,,13.537037037037036,225.0,False,N,True
450202,BM4,0,12,0,6,12,0,,16.555555555555557,16.555555555555557,75.0,False,S,True
450202,BM4,1,4,4,0,4,0,13.013157894736842,,13.013157894736842,225.0,False,N,True
450387,BM1,0,9,0,8,9,0,,11.470588235294118,11.470588235294118,100.0,False,S,True
450387,BM2,0,7,0,6,7,0,,14.411764705882353,14.411764705882353,128.57142857142858,False,S,True
450391,BM1,0,21,0,8,18,0,,11.636567901234567,11.636567901234567,50.0,False,S,True
450391,BM1,1,8,8,0,8,0,9.913457924836601,,9.913457924836601,112.5,False,N,True
450391,BM2,0,19,0,6,15,1,,14.852777777777778,14.852777777777778,60.0,False,S,True
450391,BM2,1,5,5,0,5,0,13.74074074074074,,13.74074074074074,180.0,False,N,True
450391,BM3,0,18,0,6,14,1,,15.97916049382716,15.97916049382716,64.28571428571429,False,S,True
450391,BM3,1,4,4,0,4,0,13.537037037037036,,13.537037037037036,225.0,False,N,True
450391,BM4,0,12,0,6,12,0,,16.36767901234568,16.36767901234568,75.0,False,S,True
450391,BM4,1,4,4,0,4,0,12.864353499406882,,12.864353499406882,225.0,False,N,True
450419,BM1,1,18,10,1,18,0,10.45204012345679,16.375,11.36380010445228,50.0,False,N,True
450419,BM2,1,15,6,1,15,0,15.21957561728395,4.375,14.716846946284031,60.0,False,N,True
450419,BM3,1,15,6,0,14,0,18.033623456790124,,18.033623456790124,64.28571428571429,False,N,True
450419,BM4,1,14,8,0,14,0,13.349162037037038,,13.349162037037038,64.28571428571429,False,N,True
450420,BM1,1,18,10,1,18,0,10.18694598765432,18.216666666666665,11.538630063144925,50.0,False,N,True
450420,BM2,1,15,6,1,15,0,15.386314814814815,6.216666666666667,14.793853571222359,60.0,False,N,True
450420,BM3,1,15,6,0,14,0,17.831983024691358,,17.831983024691358,64.28571428571429,False,N,True
450420,BM4,1,14,8,0,14,0,13.120972222222223,,13.120972222222223,64.28571428571429,False,N,True
450552,BM5,1,13,8,0,13,0,13.038168209876543,,13.038168209876543,69.23076923076923,False,N,True
503792,BM5,0,18,0,7,15,0,,14.216666666666667,14.216666666666667,60.0,False,S,True
550426,BM5,1,13,7,0,12,0,17.147055555555553,,17.147055555555553,75.0,False,N,True
550427,BM5,0,18,0,7,15,0,,14.020677469135801,14.020677469135801,60.0,False,S,True
550449,BM5,1,13,8,0,12,0,15.658978395061729,,15.658978395061729,75.0,False,N,True
550450,BM5,0,18,0,7,15,0,,13.487,13.487,60.0,False,S,True
550454,BM5,1,13,8,0,12,0,14.77245061728395,,14.77245061728395,75.0,False,N,True
550462,BM5,1,13,8,0,13,0,13.983333333333333,,13.983333333333333,69.23076923076923,False,N,True
550473,BM5,0,18,0,8,15,0,,13.572222222222223,13.572222222222223,60.0,False,S,True
553141,BM5,0,18,0,7,15,0,,13.236077160493828,13.236077160493828,60.0,False,S,True
901731,B103,1,77,19,12,67,2,5.211754629629629,7.237018518518519,6.2243865740740745,13.432835820895523,False,W,True
901732,B103,1,77,18,12,67,2,5.278330246913581,7.310194444444445,6.294262345679012,13.432835820895523,False,W,True
981004,BM1,1,18,9,1,18,0,10.623520061728394,19.866666666666667,12.294914290048544,50.0,False,N,True
981004,BM2,1,15,6,1,15,0,15.578337962962962,7.866666666666666,14.95846247729337,60.0,False,N,True
981004,BM3,1,15,6,0,14,0,17.76107561728395,,17.76107561728395,64.28571428571429,False,N,True
981004,BM4,1,14,8,0,14,0,13.101662037037038,,13.101662037037038,64.28571428571429,False,N,True
981005,BM1,0,22,0,10,19,0,,9.166666666666666,9.166666666666666,47.36842105263158,False,S,True
981005,BM2,0,20,0,7,16,1,,13.355555555555556,13.355555555555556,56.25,False,S,True
981005,BM3,0,20,0,8,17,0,,11.994444444444444,11.994444444444444,52.94117647058823,False,S,True
981005,BM4,0,13,0,7,13,0,,18.47222222222222,18.47222222222222,69.23076923076923,False,S,True
981005,BM5,0,18,0,8,16,0,,11.944444444444445,11.944444444444445,56.25,False,S,True
981012,BM1,0,22,0,10,19,0,,9.258638888888889,9.258638888888889,47.36842105263158,False,S,True
981012,BM2,0,20,0,7,16,1,,13.355555555555556,13.355555555555556,56.25,False,S,True
982178,B100,0,111,24,29,99,2,4.277777777777778,3.183333333333333,3.7305555555555556,9.090909090909092,True,E,True
982483,B103,1,77,19,12,67,2,5.165407407407407,7.178473765432099,6.171940586419753,13.432835820895523,False,W,True
983012,B100,1,109,30,27,99,1,3.8666666666666667,3.533333333333333,3.7,9.090909090909092,True,W,True
983014,BM1,0,31,0,15,26,1,,8.205555555555556,8.205555555555556,34.61538461538461,False,S,True
983015,BM2,0,7,0,4,7,0,,15.7,15.7,128.57142857142858,False,S,True
983015,BM5,0,18,0,6,15,1,,16.522222222222222,16.522222222222222,60.0,False,S,True
983069,B100,0,111,23,30,100,2,4.904598765432099,3.088888888888889,3.996743827160494,9.0,True,E,True
983070,B103,1,77,21,12,67,2,4.436597222222222,7.740638888888889,6.088618055555556,13.432835820895523,False,W,True
983070,BM3,1,21,12,0,20,0,11.427072530864198,,11.427072530864198,45.0,False,N,True
983070,BM4,1,18,12,0,18,0,10.217069444444444,,10.217069444444444,50.0,False,N,True
200008,SIM33,1,16,0,12,16,0,,8.449720670391061,8.449720670391061,56.25,False,W,True
200008,SIM33C,1,32,3,2,19,5,25.148936170212767,126.16111111111111,91.50729927007299,47.36842105263158,False,W,True
200368,SIM1,1,41,0,31,41,0,,3.093185185185185,3.093185185185185,21.951219512195124,False,S,True
200368,SIM1C,1,65,5,0,29,17,16.47574074074074,173.96666666666667,95.2212037037037,31.03448275862069,False,S,True
200371,SIM1,1,41,0,31,41,0,,3.1021975308641974,3.1021975308641974,21.951219512195124,False,S,True
200371,SIM1C,1,65,5,0,29,17,16.56361111111111,175.11666666666667,95.8401388888889,31.03448275862069,False,S,True
200377,SIM1,1,41,0,31,41,0,,3.124736581133011,3.124736581133011,21.951219512195124,False,S,True
200377,SIM1C,1,65,5,0,29,17,16.805555555555557,178.28333333333333,97.54444444444445,31.03448275862069,False,S,True
200381,SIM1,1,41,0,31,41,0,,3.146136491821771,3.146136491821771,21.951219512195124,False,S,True
200381,SIM1C,1,65,5,0,29,17,16.941574074074072,180.05,98.49578703703703,31.03448275862069,False,S,True
200384,SIM1,1,41,0,31,41,0,,3.150709943964289,3.150709943964289,21.951219512195124,False,S,True
200384,SIM1C,1,65,5,0,29,18,17.065555555555555,181.68333333333334,99.37444444444444,31.03448275862069,False,S,True
200386,SIM4C,1,33,0,4,20,4,,73.01666666666667,73.01666666666667,45.0,False,S,True
200393,SIM4,0,29,21,0,26,0,2.9020669958369636,,2.9020669958369636,34.61538461538461,False,N,True
200393,SIM4C,0,32,4,6,28,0,45.44481481481481,16.526408950617284,30.98561188271605,32.142857142857146,False,N,True
200394,SIM4,0,29,21,0,26,0,2.896578366445916,,2.896578366445916,34.61538461538461,False,N,True
200394,SIM4C,0,32,4,6,28,0,46.13370370370371,16.45457098765432,31.29413734567901,32.142857142857146,False,N,True
200395,SIM4,0,29,21,0,26,0,2.9026900085397096,,2.9026900085397096,34.61538461538461,False,N,True
200395,SIM4C,0,32,4,6,28,0,47.05222222222222,16.36134722222222,31.70678472222222,32.142857142857146,False,N,True
200399,SIM4,0,29,22,0,27,0,2.9070910973084887,,2.9070910973084887,33.333333333333336,False,N,True
200399,SIM4C,0,32,4,6,28,0,49.56666666666667,16.111574074074074,32.83912037037037,32.142857142857146,False,N,True
200400,SIM33,1,16,0,12,16,0,,8.010964506172838,8.010964506172838,56.25,False,W,True
200400,SIM33C,1,32,3,2,19,4,24.514591567852438,136.41531790123457,95.0855605839416,47.36842105263158,False,W,True
200400,SIM4,0,29,22,0,27,0,2.901639344262295,,2.901639344262295,33.333333333333336,False,N,True
200400,SIM4C,0,32,4,6,28,0,50.42777777777778,16.02777777777778,33.22777777777778,32.142857142857146,False,N,True
200401,SIM33,1,16,0,12,16,0,,7.952691358024691,7.952691358024691,56.25,False,W,True
200401,SIM33C,1,32,3,2,19,4,24.590233545647557,135.70935802469137,94.85291178766587,47.36842105263158,False,W,True
200401,SIM4,0,29,22,0,27,0,2.911730103027849,,2.911730103027849,33.333333333333336,False,N,True
200401,SIM4C,0,32,4,6,28,0,51.44962962962963,15.92064814814815,33.685138888888886,32.142857142857146,False,N,True
200407,SIM3,1,15,0,13,15,0,,6.87176944868163,6.87176944868163,60.0,False,S,True
200407,SIM3C,1,30,0,2,15,6,,123.37134567901235,123.37134567901235,60.0,False,S,True
200408,SIM3,1,15,0,13,15,0,,6.8210385360681505,6.8210385360681505,60.0,False,S,True
200408,SIM3C,1,30,0,2,14,6,,122.89114814814815,122.89114814814815,64.28571428571429,False,S,True
200411,SIM3,1,15,0,12,15,0,,6.676322839919624,6.676322839919624,60.0,False,S,True
200411,SIM3C,1,30,0,2,14,6,,121.65400925925925,121.65400925925925,64.28571428571429,False,S,True
200428,SIM3,0,19,9,0,15,0,8.456762037824484,,8.456762037824484,60.0,False,N,True
200428,SIM3C,0,23,1,6,21,0,13.591666666666667,19.575185185185187,18.90204549812365,42.857142857142854,False,N,True
200434,SIM33,1,16,0,11,16,0,,8.020006172839507,8.020006172839507,56.25,False,W,True
200434,SIM33C,1,32,3,2,19,5,24.93755673641094,131.7488950617284,93.51218840407404,47.36842105263158,False,W,True
200441,SIM4,1,21,0,19,21,0,,4.094202898550725,4.094202898550725,42.857142857142854,False,S,True
200441,SIM4C,1,33,0,3,21,3,,76.88888888888889,76.88888888888889,42.857142857142854,False,S,True
200442,SIM33,0,15,8,0,12,0,8.425529205094422,,8.425529205094422,75.0,False,E,True
200442,SIM33C,0,24,2,6,22,0,10.396268656716417,19.962904320987654,18.461816289357273,40.90909090909091,False,E,True
200442,SIM4,1,21,0,19,21,0,,4.098285951484226,4.098285951484226,42.857142857142854,False,S,True
200442,SIM4C,1,33,0,3,21,3,,76.79272685185184,76.79272685185184,42.857142857142854,False,S,True
200443,SIM33,0,15,8,0,12,0,8.501180220162729,,8.501180220162729,75.0,False,E,True
200443,SIM33C,0,24,2,6,22,0,10.55580625752106,19.79476851851852,18.388508386320222,40.90909090909091,False,E,True
200443,SIM4,1,21,0,19,21,0,,4.0964087495919035,4.0964087495919035,42.857142857142854,False,S,True
200443,SIM4C,1,33,0,3,21,3,,76.65397530864198,76.65397530864198,42.857142857142854,False,S,True
200444,SIM4,1,21,0,19,21,0,,4.084222661396574,4.084222661396574,42.857142857142854,False,S,True
200444,SIM4C,1,33,0,3,21,3,,76.52007407407407,76.52007407407407,42.857142857142854,False,S,True
200446,SIM4,1,21,0,19,21,0,,4.064936519790889,4.064936519790889,42.857142857142854,False,S,True
200446,SIM4C,1,33,0,3,20,3,,76.39792592592592,76.39792592592592,45.0,False,S,True
200447,SIM4,1,21,0,18,21,0,,4.043363423604146,4.043363423604146,42.857142857142854,False,S,True
200447,SIM4C,1,33,0,3,20,3,,76.28086419753087,76.28086419753087,45.0,False,S,True
200450,SIM4,1,21,0,18,21,0,,4.100139975210497,4.100139975210497,42.857142857142854,False,S,True
200450,SIM4C,1,33,0,3,20,3,,75.93079012345679,75.93079012345679,45.0,False,S,True
200452,SIM4,1,21,0,18,21,0,,4.104591748662179,4.104591748662179,42.857142857142854,False,S,True
200452,SIM4C,1,33,0,3,20,3,,75.78554320987655,75.78554320987655,45.0,False,S,True
200459,SIM4,1,21,0,17,21,0,,4.077746092099704,4.077746092099704,42.857142857142854,False,S,True
200459,SIM4C,1,33,0,4,20,4,,73.78599537037037,73.78599537037037,45.0,False,S,True
200462,SIM1,0,29,12,0,21,0,3.0712121212121213,,3.0712121212121213,42.857142857142854,False,N,True
200462,SIM1C,0,57,13,4,44,6,19.959259259259262,24.325160493827163,22.142209876543212,20.454545454545453,False,N,True
200466,SIM1,0,29,13,0,22,0,3.058200118413262,,3.058200118413262,40.90909090909091,False,N,True
200466,SIM1C,0,57,13,4,44,6,20.64296296296296,24.35864197530864,22.500802469135802,20.454545454545453,False,N,True
200470,SIM1,0,29,13,0,22,0,3.032864843354316,,3.032864843354316,40.90909090909091,False,N,True
200470,SIM1C,0,57,13,4,44,6,21.32009259259259,24.39079938271605,22.85544598765432,20.454545454545453,False,N,True
200474,SIM1,0,29,13,0,22,0,3.0511904761904765,,3.0511904761904765,40.90909090909091,False,N,True
200474,SIM1C,0,57,12,4,44,6,22.2125,24.432645061728397,23.322572530864196,20.454545454545453,False,N,True
200476,SIM1,0,29,13,0,22,0,3.0815935977731383,,3.0815935977731383,40.90909090909091,False,N,True
200476,SIM1C,0,57,12,4,44,6,22.712037037037035,24.45911111111111,23.585574074074074,20.454545454545453,False,N,True
200534,SIM3,0,19,11,0,16,0,8.14935064935065,,8.14935064935065,56.25,False,N,True
200534,SIM3C,0,23,1,6,21,0,22.0,16.85,17.016129032258064,42.857142857142854,False,N,True
200535,SIM3,0,19,11,0,16,0,8.035782841823057,,8.035782841823057,56.25,False,N,True
200535,SIM3C,0,23,1,6,21,0,22.708333333333332,16.701256172839507,16.85041610233258,42.857142857142854,False,N,True
200537,SIM3,0,19,11,0,16,0,7.924680302388017,,7.924680302388017,56.25,False,N,True
200537,SIM3C,0,23,1,6,21,0,23.633333333333333,16.512771604938273,16.619281284202845,42.857142857142854,False,N,True
200584,SIM3,1,15,0,13,15,0,,7.0588235294117645,7.0588235294117645,60.0,False,S,True
200584,SIM3C,1,30,0,1,15,5,,131.08888888888887,131.08888888888887,60.0,False,S,True
200586,SIM3,1,15,0,13,15,0,,7.093055830855633,7.093055830855633,60.0,False,S,True
200586,SIM3C,1,30,0,1,15,5,,130.32004629629628,130.32004629629628,60.0,False,S,True
200700,SIM1,1,41,0,30,41,0,,3.1047685185185183,3.1047685185185183,21.951219512195124,False,S,True
200700,SIM1C,1,65,5,0,31,15,17.407407407407405,153.38333333333333,85.39537037037037,29.032258064516128,False,S,True
200902,SIM3,1,15,0,12,15,0,,6.7585891605078645,6.7585891605078645,60.0,False,S,True
200902,SIM3C,1,30,0,3,14,6,,120.22430555555555,120.22430555555555,64.28571428571429,False,S,True
200930,SIM4,1,21,0,18,21,0,,4.080821917808219,4.080821917808219,42.857142857142854,False,S,True
200930,SIM4C,1,33,0,3,20,3,,76.10125925925925,76.10125925925925,45.0,False,S,True
200968,SIM2,0,23,12,0,18,0,7.491173773498395,,7.491173773498395,50.0,False,N,True
200970,SIM2,0,23,12,0,18,0,7.453818115545835,,7.453818115545835,50.0,False,N,True
200972,SIM2,0,23,12,0,18,0,7.421719641401793,,7.421719641401793,50.0,False,N,True
200974,SIM2,0,23,12,0,18,0,7.377234461758912,,7.377234461758912,50.0,False,N,True
200978,SIM2,0,23,12,0,18,0,7.335194918966272,,7.335194918966272,50.0,False,N,True
200979,SIM2,0,23,12,0,18,0,7.334293153789166,,7.334293153789166,50.0,False,N,True
200981,SIM2,0,23,12,0,18,0,7.339344705322783,,7.339344705322783,50.0,False,N,True
200983,SIM2,0,23,13,0,18,0,7.361538461538461,,7.361538461538461,50.0,False,N,True
201003,SIM1,0,29,14,0,23,0,3.0783132530120483,,3.0783132530120483,39.130434782608695,False,N,True
201003,SIM1C,0,57,12,5,44,6,24.17222222222222,24.37222222222222,24.272222222222222,20.454545454545453,False,N,True
201005,SIM1,0,29,14,0,23,0,3.0714009518143963,,3.0714009518143963,39.130434782608695,False,N,True
201005,SIM1C,0,57,12,5,44,6,24.65638888888889,24.331388888888892,24.49388888888889,20.454545454545453,False,N,True
201008,SIM1,0,29,14,0,23,0,3.085642922018944,,3.085642922018944,39.130434782608695,False,N,True
201008,SIM1C,0,57,12,5,44,5,25.386481481481482,24.269722222222224,24.82810185185185,20.454545454545453,False,N,True
201010,SIM1,0,29,14,0,23,0,3.113260340632604,,3.113260340632604,39.130434782608695,False,N,True
201010,SIM1C,0,57,12,5,44,5,25.909074074074073,24.225555555555555,25.067314814814814,20.454545454545453,False,N,True
201012,SIM1,0,29,15,0,23,0,3.0836477987421387,,3.0836477987421387,39.130434782608695,False,N,True
201012,SIM1C,0,57,11,5,44,5,26.705555555555556,24.164722222222224,25.43513888888889,20.454545454545453,False,N,True
201014,SIM1,0,29,15,0,24,0,3.071528297182747,,3.071528297182747,37.5,False,N,True
201014,SIM1C,0,57,11,5,44,5,27.11888888888889,24.133055555555554,25.625972222222224,20.454545454545453,False,N,True
201016,SIM1,0,29,15,0,24,0,3.067385428185281,,3.067385428185281,37.5,False,N,True
201016,SIM1C,0,57,11,5,44,5,27.790555555555557,24.083055555555557,25.936805555555555,20.454545454545453,False,N,True
201020,SIM1,0,29,15,0,24,0,3.1026578521316783,,3.1026578521316783,37.5,False,N,True
201020,SIM1C,0,57,11,5,44,5,28.935833333333335,23.97548765432099,26.45566049382716,20.454545454545453,False,N,True
201031,SIM1,0,29,17,0,25,0,3.0957347760442877,,3.0957347760442877,36.0,False,N,True
201031,SIM1C,0,57,10,6,44,5,32.528055555555554,23.36588888888889,27.94697222222222,20.454545454545453,False,N,True
201034,SIM1,0,29,17,0,25,0,3.060438221930257,,3.060438221930257,36.0,False,N,True
201034,SIM1C,0,57,10,6,44,5,33.7487962962963,23.070203703703704,28.409499999999998,20.454545454545453,False,N,True
201036,SIM1,0,29,17,0,25,0,3.0603229386606032,,3.0603229386606032,36.0,False,N,True
201036,SIM1C,0,57,10,6,44,5,34.39731481481481,22.91597222222222,28.65664351851852,20.454545454545453,False,N,True
201038,SIM1,0,29,17,0,25,0,3.0801333333333334,,3.0801333333333334,36.0,False,N,True
201038,SIM1C,0,57,10,6,44,5,35.28425925925926,22.70401234567901,28.994135802469135,20.454545454545453,False,N,True
201052,SIM1,0,29,18,0,26,0,3.1215506076907746,,3.1215506076907746,34.61538461538461,False,N,True
201052,SIM1C,0,57,9,6,44,4,39.751481481481484,21.878171296296294,30.81482638888889,20.454545454545453,False,N,True
201106,SIM1,1,41,0,31,41,0,,3.084100308641975,3.084100308641975,21.951219512195124,False,S,True
201106,SIM1C,1,65,5,0,31,15,17.56574074074074,156.06666666666666,86.8162037037037,29.032258064516128,False,S,True
201108,SIM1,1,41,0,31,41,0,,3.077986111111111,3.077986111111111,21.951219512195124,False,S,True
201108,SIM1C,1,65,5,0,31,15,17.618518518518517,156.96666666666667,87.2925925925926,29.032258064516128,False,S,True
201110,SIM1,1,41,0,31,41,0,,3.0738641975308645,3.0738641975308645,21.951219512195124,False,S,True
201110,SIM1C,1,65,5,0,31,15,17.662962962962965,157.71666666666667,87.68981481481481,29.032258064516128,False,S,True
201113,SIM1,1,41,0,31,41,0,,3.068512345679012,3.068512345679012,21.951219512195124,False,S,True
201113,SIM1C,1,65,5,0,31,15,17.743518518518517,159.08333333333334,88.41342592592592,29.032258064516128,False,S,True
201117,SIM1,1,41,0,32,41,0,,3.0649413580246914,3.0649413580246914,21.951219512195124,False,S,True
201117,SIM1C,1,65,6,0,31,15,17.779629629629632,160.65,89.21481481481482,29.032258064516128,False,S,True
201124,SIM1,1,41,0,31,41,0,,3.011723765432099,3.011723765432099,21.951219512195124,False,S,True
201124,SIM1C,1,65,6,0,30,16,17.43148148148148,163.6,90.51574074074074,30.0,False,S,True
201126,SIM1,1,41,0,31,41,0,,3.0218364197530865,3.0218364197530865,21.951219512195124,False,S,True
201126,SIM1C,1,65,6,0,30,16,17.316666666666666,164.58333333333334,90.95,30.0,False,S,True
201128,SIM1,1,41,0,31,41,0,,3.0349999999999997,3.0349999999999997,21.951219512195124,False,S,True
201128,SIM1C,1,65,6,0,30,16,17.185185185185183,165.71666666666667,91.45092592592593,30.0,False,S,True
201130,SIM1,1,41,0,31,41,0,,3.051296296296296,3.051296296296296,21.951219512195124,False,S,True
201130,SIM1C,1,65,6,0,30,16,17.046296296296298,166.88333333333333,91.96481481481482,30.0,False,S,True
201132,SIM1,1,41,0,31,41,0,,3.062611111111111,3.062611111111111,21.951219512195124,False,S,True
201132,SIM1C,1,65,6,0,30,16,16.955555555555556,167.65,92.30277777777778,30.0,False,S,True
201133,SIM1C,1,65,6,0,30,16,16.83888888888889,168.63333333333333,92.73611111111111,30.0,False,S,True
201134,SIM1,1,41,0,31,41,0,,3.086287037037037,3.086287037037037,21.951219512195124,False,S,True
201136,SIM1,1,41,0,31,41,0,,3.076933641975309,3.076933641975309,21.951219512195124,False,S,True
201136,SIM1C,1,65,6,0,30,17,16.662962962962965,170.13333333333333,93.39814814814814,30.0,False,S,True
201139,SIM1,1,41,0,31,41,0,,3.0805648148148146,3.0805648148148146,21.951219512195124,False,S,True
201139,SIM1C,1,65,6,0,30,17,16.494444444444444,171.58333333333334,94.03888888888888,30.0,False,S,True
201141,SIM1,1,41,0,31,41,0,,3.084682098765432,3.084682098765432,21.951219512195124,False,S,True
201141,SIM1C,1,65,6,0,29,17,16.37962962962963,172.55,94.46481481481482,31.03448275862069,False,S,True
201181,SIM2,1,23,0,14,22,0,,7.033333333333333,7.033333333333333,40.90909090909091,False,S,True
201182,SIM2,1,23,0,14,22,0,,7.038765432098765,7.038765432098765,40.90909090909091,False,S,True
201184,SIM2,1,23,0,13,22,0,,7.112222222222223,7.112222222222223,40.90909090909091,False,S,True
201186,SIM2,1,23,0,13,22,0,,7.195185185185185,7.195185185185185,40.90909090909091,False,S,True
201187,SIM2,1,23,0,13,22,0,,7.257407407407408,7.257407407407408,40.90909090909091,False,S,True
201191,SIM2,1,23,0,12,22,0,,7.512962962962963,7.512962962962963,40.90909090909091,False,S,True
201193,SIM2,1,23,0,12,22,0,,7.662962962962963,7.662962962962963,40.90909090909091,False,S,True
201195,SIM2,1,23,0,12,22,0,,7.746296296296296,7.746296296296296,40.90909090909091,False,S,True
201325,SIM3,0,19,10,0,16,0,8.183576933051759,,8.183576933051759,56.25,False,N,True
201325,SIM3C,0,23,1,6,21,0,19.975,17.410416666666666,17.54603393843725,42.857142857142854,False,N,True
201422,SIM3,1,15,0,13,15,0,,7.118599410207433,7.118599410207433,60.0,False,S,True
201422,SIM3C,1,30,0,1,15,5,,129.3203348765432,129.3203348765432,60.0,False,S,True
201428,SIM3,1,15,0,13,15,0,,7.109048529969324,7.109048529969324,60.0,False,S,True
201428,SIM3C,1,30,0,2,15,6,,127.29012037037037,127.29012037037037,60.0,False,S,True
201525,SIM33,1,16,0,11,16,0,,8.433635802469135,8.433635802469135,56.25,False,W,True
201525,SIM33C,1,32,3,2,19,5,25.14149132035771,127.05368209876544,91.83552636894302,47.36842105263158,False,W,True
201563,SIM3,0,19,9,0,15,0,8.369266055045872,,8.369266055045872,60.0,False,N,True
201563,SIM3C,0,23,1,6,21,0,15.85,18.73406635802469,18.467911974001233,42.857142857142854,False,N,True
201569,SIM33,1,16,0,11,16,0,,8.140746913580248,8.140746913580248,56.25,False,W,True
201569,SIM33C,1,32,3,2,19,5,25.03153153153153,130.22141358024692,92.97714912280702,47.36842105263158,False,W,True
201572,SIM33,1,16,0,11,16,0,,8.237577160493826,8.237577160493826,56.25,False,W,True
201572,SIM33C,1,32,3,2,19,5,25.08439425051335,129.1013888888889,92.57919971160779,47.36842105263158,False,W,True
201630,SIM1,0,29,16,0,25,0,3.0670103092783507,,3.0670103092783507,36.0,False,N,True
201630,SIM1C,0,57,10,6,44,5,31.183333333333334,23.694444444444446,27.438888888888886,20.454545454545453,False,N,True
201948,SIM33,0,15,9,0,12,0,8.483095974567169,,8.483095974567169,75.0,False,E,True
201948,SIM33C,0,24,2,6,22,0,10.728277204417887,19.569675925925928,18.282039263771324,40.90909090909091,False,E,True
201951,SIM33,0,15,9,0,12,0,8.393971923158116,,8.393971923158116,75.0,False,E,True
201951,SIM33C,0,24,2,6,22,0,10.886094819159334,19.26124074074074,18.119327602292415,40.90909090909091,False,E,True
202091,SIM4C,0,32,5,5,28,0,33.981944444444444,16.660567901234568,25.321256172839508,32.142857142857146,False,N,True
202094,SIM4C,0,32,5,5,28,0,36.00416666666667,16.94953086419753,26.4768487654321,32.142857142857146,False,N,True
202097,SIM1,0,29,12,0,21,0,3.0416666666666665,,3.0416666666666665,42.857142857142854,False,N,True
202097,SIM1C,0,57,13,4,44,6,19.433333333333334,24.305555555555554,21.869444444444447,20.454545454545453,False,N,True
202237,SIM4C,1,33,0,4,19,4,,70.93908950617285,70.93908950617285,47.36842105263158,False,S,True
202239,SIM2,0,23,14,0,19,0,6.979166666666667,,6.979166666666667,47.36842105263158,False,N,True
202289,SIM2,1,23,0,14,23,0,,6.914296296296296,6.914296296296296,39.130434782608695,False,S,True
202292,SIM2,1,23,0,14,23,0,,6.922824074074074,6.922824074074074,39.130434782608695,False,S,True
202292,SIM4C,1,33,0,4,19,4,,70.6397962962963,70.6397962962963,47.36842105263158,False,S,True
202616,SIM3,1,15,0,13,15,0,,7.006041466794585,7.006041466794585,60.0,False,S,True
202616,SIM33,1,16,0,11,16,0,,7.899507716049383,7.899507716049383,56.25,False,W,True
202616,SIM33C,1,32,3,2,19,4,24.80278139939157,133.47697685185184,94.10375629822076,47.36842105263158,False,W,True
202616,SIM3C,1,30,0,2,15,6,,124.97194907407408,124.97194907407408,60.0,False,S,True
202681,SIM4,0,29,22,0,27,0,2.921538122418674,,2.921538122418674,33.333333333333336,False,N,True
202681,SIM4C,0,32,4,6,28,0,48.854814814814816,16.180756172839505,32.51778549382716,32.142857142857146,False,N,True
202823,SIM33,0,15,8,0,12,0,8.40909090909091,,8.40909090909091,75.0,False,E,True
202823,SIM33C,0,24,3,5,22,0,12.0,20.0,18.26086956521739,40.90909090909091,False,E,True
202824,SIM33,0,15,8,0,12,0,8.31117551732735,,8.31117551732735,75.0,False,E,True
202824,SIM33C,0,24,3,5,22,0,11.891866781017724,20.0,18.276689148134647,40.90909090909091,False,E,True
202840,SIM4,0,29,20,0,26,0,2.893934718249787,,2.893934718249787,34.61538461538461,False,N,True
202840,SIM4C,0,32,5,6,28,0,43.019629629629634,16.82133333333333,29.92048148148148,32.142857142857146,False,N,True
202841,SIM4,0,29,20,0,26,0,2.891811351406234,,2.891811351406234,34.61538461538461,False,N,True
202841,SIM4C,0,32,5,6,28,0,42.27814814814815,16.91780864197531,29.597978395061727,32.142857142857146,False,N,True
202842,SIM4,0,29,20,0,26,0,2.9074074074074074,,2.9074074074074074,34.61538461538461,False,N,True
202842,SIM4C,0,32,5,6,28,0,41.45,17.02777777777778,29.238888888888887,32.142857142857146,False,N,True
202845,SIM4,0,29,19,0,26,0,2.8993019403691433,,2.8993019403691433,34.61538461538461,False,N,True
202845,SIM4C,0,32,5,6,28,0,40.08416666666667,17.23648148148148,28.660324074074076,32.142857142857146,False,N,True
202849,SIM4,1,21,0,17,21,0,,4.071332124143491,4.071332124143491,42.857142857142854,False,S,True
202849,SIM4C,1,33,0,4,20,3,,75.08575925925926,75.08575925925926,45.0,False,S,True
202850,SIM4,1,21,0,17,21,0,,4.09349593495935,4.09349593495935,42.857142857142854,False,S,True
202850,SIM4C,1,33,0,4,20,3,,74.88333333333334,74.88333333333334,45.0,False,S,True
202855,SIM1,1,41,0,31,41,0,,3.1167824074074075,3.1167824074074075,21.951219512195124,False,S,True
202855,SIM1C,1,65,5,0,29,17,16.675555555555555,176.56666666666666,96.6211111111111,31.03448275862069,False,S,True
202861,SIM4C,0,32,5,5,28,0,35.41111111111111,16.863092592592594,26.137101851851853,32.142857142857146,False,N,True
202886,SIM2,0,23,14,0,19,0,7.023191759421988,,7.023191759421988,47.36842105263158,False,N,True
202886,SIM4C,0,32,6,5,28,0,33.32824074074074,16.552675925925925,24.940458333333332,32.142857142857146,False,N,True
202888,SIM4C,0,32,6,5,28,0,32.62777777777778,16.43509413580247,24.531435956790123,32.142857142857146,False,N,True
202889,SIM2,0,23,13,0,19,0,7.153472471753104,,7.153472471753104,47.36842105263158,False,N,True
202889,SIM4C,0,32,6,5,28,0,32.194907407407406,16.362472222222223,24.278689814814815,32.142857142857146,False,N,True
202910,SIM2,1,23,0,14,22,0,,6.961111111111111,6.961111111111111,40.90909090909091,False,S,True
202910,SIM4C,1,33,0,5,19,4,,69.41111111111111,69.41111111111111,47.36842105263158,False,S,True
202912,SIM2,1,23,0,14,23,0,,6.947947530864197,6.947947530864197,39.130434782608695,False,S,True
202912,SIM4C,1,33,0,5,19,4,,69.91377777777778,69.91377777777778,47.36842105263158,False,S,True
202913,SIM2,1,23,0,14,23,0,,6.943111111111111,6.943111111111111,39.130434782608695,False,S,True
202913,SIM4C,1,33,0,4,19,4,,70.08266203703703,70.08266203703703,47.36842105263158,False,S,True
202918,SIM4,0,29,18,0,25,0,2.877551020408163,,2.877551020408163,36.0,False,N,True
202918,SIM4C,1,33,0,4,19,4,,71.6343549382716,71.6343549382716,47.36842105263158,False,S,True
202990,SIM4,0,29,20,0,26,0,2.9083035359555027,,2.9083035359555027,34.61538461538461,False,N,True
202990,SIM4C,0,32,5,6,28,0,43.68407407407407,16.73808641975309,30.211080246913582,32.142857142857146,False,N,True
202991,SIM4,1,21,0,18,21,0,,4.076980198019802,4.076980198019802,42.857142857142854,False,S,True
202991,SIM4C,1,33,0,3,20,3,,75.49956018518519,75.49956018518519,45.0,False,S,True
203002,SIM2,0,23,13,0,19,0,7.136783877889793,,7.136783877889793,47.36842105263158,False,N,True
203002,SIM4C,0,32,6,5,28,0,31.494444444444447,16.25,23.87222222222222,32.142857142857146,False,N,True
203078,SIM4,1,21,0,17,21,0,,4.100283132251652,4.100283132251652,42.857142857142854,False,S,True
203078,SIM4C,1,33,0,4,20,3,,74.21751388888889,74.21751388888889,45.0,False,S,True
203087,SIM33,0,15,8,0,12,0,8.250853212821653,,8.250853212821653,75.0,False,E,True
203087,SIM33C,0,24,3,5,22,0,11.778320472348884,20.0,18.282909066490856,40.90909090909091,False,E,True
203110,SIM4,0,29,21,0,26,0,2.914094592048238,,2.914094592048238,34.61538461538461,False,N,True
203110,SIM4C,0,32,4,6,28,0,47.626296296296296,16.302595679012345,31.96444598765432,32.142857142857146,False,N,True
203161,SIM3,0,19,10,0,16,0,8.163055003313453,,8.163055003313453,56.25,False,N,True
203161,SIM3C,0,23,1,6,21,0,20.45,17.27687962962963,17.42957870615195,42.857142857142854,False,N,True
203164,SIM3,0,19,10,0,16,0,8.145947226474233,,8.145947226474233,56.25,False,N,True
203164,SIM3C,0,23,1,6,21,0,21.216666666666665,17.063407407407407,17.230954919732245,42.857142857142854,False,N,True
203165,SIM3,1,15,0,13,15,0,,7.125466531440162,7.125466531440162,60.0,False,S,True
203165,SIM3C,1,30,0,1,15,6,,128.7341049382716,128.7341049382716,60.0,False,S,True
203167,SIM3,1,15,0,13,15,0,,7.11826896740619,7.11826896740619,60.0,False,S,True
203167,SIM3C,1,30,0,2,15,6,,127.81148148148148,127.81148148148148,60.0,False,S,True
203200,SIM33,1,16,0,12,16,0,,8.147734567901235,8.147734567901235,56.25,False,W,True
203200,SIM33C,1,32,3,1,19,4,24.333416355334165,137.78107098765432,95.46873161480106,47.36842105263158,False,W,True
203342,SIM1,0,29,18,0,26,0,3.080296588723555,,3.080296588723555,34.61538461538461,False,N,True
203342,SIM1C,0,57,9,6,44,4,38.642407407407404,22.036175925925928,30.339291666666668,20.454545454545453,False,N,True
203343,SIM33C,0,24,1,6,22,0,11.783333333333333,16.690135802469136,16.47053187098296,40.90909090909091,False,E,True
203343,SIM3C,0,23,0,6,20,0,,14.337141975308642,14.337141975308642,45.0,False,N,True
203344,SIM1,0,29,19,0,27,0,3.263157894736842,,3.263157894736842,33.333333333333336,False,N,True
203344,SIM1C,0,57,9,6,44,4,41.3,21.666666666666668,31.483333333333334,20.454545454545453,False,N,True
203344,SIM33C,0,24,1,6,22,0,12.5,16.505555555555556,16.355614973262032,40.90909090909091,False,E,True
203344,SIM3C,0,23,0,6,20,0,,14.36111111111111,14.36111111111111,45.0,False,N,True
203345,SIM1,1,41,0,31,41,0,,3.1444444444444444,3.1444444444444444,21.951219512195124,False,S,True
203345,SIM1C,1,65,5,0,32,15,17.15,149.0,83.075,28.125,False,S,True
203345,SIM33C,1,32,4,0,20,4,22.663934426229506,145.0,95.57947019867551,45.0,False,W,True
203345,SIM3C,1,30,0,0,16,5,,132.0,132.0,56.25,False,S,True
203390,SIM2,1,23,0,12,22,0,,7.851851851851851,7.851851851851851,40.90909090909091,False,S,True
203399,SIM1,0,29,14,0,23,0,3.114679290344592,,3.114679290344592,39.130434782608695,False,N,True
203399,SIM1C,0,57,12,5,44,6,23.44212962962963,24.47533333333333,23.958731481481482,20.454545454545453,False,N,True
203478,SIM4,1,21,0,17,21,0,,4.044,4.044,42.857142857142854,False,S,True
203478,SIM4C,1,33,0,4,20,3,,75.27444444444444,75.27444444444444,45.0,False,S,True
203483,SIM2,1,23,0,12,22,0,,7.961111111111111,7.961111111111111,40.90909090909091,False,S,True
203537,SIM33,0,15,8,0,12,0,8.150467898602226,,8.150467898602226,75.0,False,E,True
203537,SIM33C,0,24,3,5,22,0,10.910672514619883,19.985779320987653,18.24409215612919,40.90909090909091,False,E,True
203559,SIM33,1,16,0,11,16,0,,8.357734567901234,8.357734567901234,56.25,False,W,True
203559,SIM33C,1,32,3,1,19,4,23.80764836758162,141.0837222222222,96.32047813973016,47.36842105263158,False,W,True
203580,SIM2,1,23,0,14,22,0,,6.9687222222222225,6.9687222222222225,40.90909090909091,False,S,True
203582,SIM2,1,23,0,14,22,0,,6.983765432098766,6.983765432098766,40.90909090909091,False,S,True
203586,SIM2,0,23,14,0,19,0,7.108549217666865,,7.108549217666865,47.36842105263158,False,N,True
203592,SIM2,0,23,14,0,19,0,6.965753424657534,,6.965753424657534,47.36842105263158,False,N,True
203593,SIM4C,1,33,0,4,19,4,,71.37601543209877,71.37601543209877,47.36842105263158,False,S,True
203603,SIM3,0,19,10,0,16,0,8.281485671191554,,8.281485671191554,56.25,False,N,True
203603,SIM3C,0,23,1,6,21,0,18.666666666666668,17.78364197530864,17.841695501730104,42.857142857142854,False,N,True
203605,SIM3,0,19,9,0,15,0,8.390035647429004,,8.390035647429004,60.0,False,N,True
203605,SIM3C,0,23,1,6,21,0,14.741666666666667,19.14071296296296,18.69060690438589,42.857142857142854,False,N,True
203607,SIM3,0,19,10,0,16,0,8.240208754965895,,8.240208754965895,56.25,False,N,True
203607,SIM3C,0,23,1,6,21,0,19.116666666666667,17.652938271604935,17.742751607856768,42.857142857142854,False,N,True
203608,SIM33,0,15,9,0,12,0,8.345831256231305,,8.345831256231305,75.0,False,E,True
203608,SIM33C,0,24,2,6,22,0,10.91455160744501,18.97762962962963,17.95085110967464,40.90909090909091,False,E,True
203609,SIM33,0,15,9,0,12,0,8.331094664865086,,8.331094664865086,75.0,False,E,True
203609,SIM33C,0,24,2,6,22,0,10.818066026959105,18.725458333333332,17.784363188949616,40.90909090909091,False,E,True
203612,SIM33,0,15,9,0,13,0,8.382213010457672,,8.382213010457672,69.23076923076923,False,E,True
203612,SIM33C,0,24,2,6,22,0,10.08672281566694,18.2224012345679,17.398475076974286,40.90909090909091,False,E,True
203613,SIM33,0,15,9,0,13,0,8.450091080032907,,8.450091080032907,69.23076923076923,False,E,True
203613,SIM33C,0,24,2,6,22,0,9.296478765658417,17.970791666666667,17.17492291088498,40.90909090909091,False,E,True
203614,SIM33,0,15,9,0,13,0,8.5,,8.5,69.23076923076923,False,E,True
203614,SIM33C,0,24,2,6,22,0,8.676470588235295,17.833333333333332,17.043147208121827,40.90909090909091,False,E,True
203615,SIM3,0,19,11,0,16,0,7.8375,,7.8375,56.25,False,N,True
203615,SIM3C,0,23,0,6,21,0,,16.244444444444444,16.244444444444444,42.857142857142854,False,N,True
203649,SIM4C,1,33,0,4,19,4,,71.16787037037037,71.16787037037037,47.36842105263158,False,S,True
203653,SIM3,0,19,10,0,15,0,8.356164383561644,,8.356164383561644,60.0,False,N,True
203653,SIM33,0,15,8,0,12,0,8.306451612903226,,8.306451612903226,75.0,False,E,True
203653,SIM33C,0,24,2,5,22,0,10.0,19.988888888888887,18.324074074074073,40.90909090909091,False,E,True
203653,SIM3C,0,23,1,6,21,0,18.0,17.977777777777778,17.97938144329897,42.857142857142854,False,N,True
203685,SIM4,0,29,19,0,26,0,2.8849333333333336,,2.8849333333333336,34.61538461538461,False,N,True
203685,SIM4C,0,32,5,6,28,0,39.2179012345679,17.36740740740741,28.292654320987655,32.142857142857146,False,N,True
203693,SIM3,0,19,9,0,15,0,8.378691848058045,,8.378691848058045,60.0,False,N,True
203693,SIM33,0,15,8,0,12,0,8.187889165628892,,8.187889165628892,75.0,False,E,True
203693,SIM33C,0,24,3,5,22,0,10.003613569321535,19.981703703703705,18.18423859409398,40.90909090909091,False,E,True
203693,SIM3C,0,23,1,6,21,0,16.591666666666665,18.46854938271605,18.30818231857058,42.857142857142854,False,N,True
203694,SIM1,1,41,0,31,41,0,,3.107041666666667,3.107041666666667,21.951219512195124,False,S,True
203694,SIM1C,1,65,5,0,32,15,17.225925925925928,150.3,83.76296296296296,28.125,False,S,True
203694,SIM33C,1,32,4,0,20,4,22.61038047973532,146.23333333333332,96.56229644400132,45.0,False,W,True
203694,SIM3C,1,30,0,0,16,5,,133.16666666666666,133.16666666666666,56.25,False,S,True
203695,SIM1,1,41,0,31,41,0,,3.095280864197531,3.095280864197531,21.951219512195124,False,S,True
203695,SIM1C,1,65,5,0,31,15,17.48425925925926,154.68333333333334,86.08379629629628,29.032258064516128,False,S,True
203696,SIM1,1,41,0,31,41,0,,3.0025925925925927,3.0025925925925927,21.951219512195124,False,S,True
203696,SIM1C,1,65,6,0,31,16,17.553703703703704,162.56666666666666,90.06018518518519,29.032258064516128,False,S,True
203700,SIM1,0,29,18,0,26,0,3.1263653483992466,,3.1263653483992466,34.61538461538461,False,N,True
203700,SIM1C,0,57,10,6,44,5,36.44777777777778,22.43570987654321,29.441743827160494,20.454545454545453,False,N,True
203701,SIM1,0,29,18,0,26,0,3.0925925925925926,,3.0925925925925926,34.61538461538461,False,N,True
203701,SIM1C,0,57,9,6,44,5,37.53333333333333,22.2,29.866666666666667,20.454545454545453,False,N,True
203710,SIM3,1,15,0,13,15,0,,7.1103323338330835,7.1103323338330835,60.0,False,S,True
203710,SIM3C,1,30,0,1,15,5,,129.71875,129.71875,60.0,False,S,True
203714,SIM3,1,15,0,13,15,0,,7.079390005583473,7.079390005583473,60.0,False,S,True
203714,SIM3C,1,30,0,2,15,6,,126.3414074074074,126.3414074074074,60.0,False,S,True
203715,SIM3,1,15,0,13,15,0,,7.053896503250747,7.053896503250747,60.0,False,S,True
203715,SIM3C,1,30,0,2,15,6,,125.78689814814814,125.78689814814814,60.0,False,S,True
203720,SIM33,1,16,0,11,16,0,,8.350546296296296,8.350546296296296,56.25,False,W,True
203720,SIM33C,1,32,3,2,19,5,25.12462969391888,127.88506481481481,92.13825805607551,47.36842105263158,False,W,True
203724,SIM33C,0,24,1,6,22,0,10.508333333333333,17.02098148148148,16.646443116036885,40.90909090909091,False,E,True
203724,SIM3C,0,23,0,7,21,0,,14.907925925925925,14.907925925925925,42.857142857142854,False,N,True
203728,SIM1,1,41,0,30,41,0,,3.0643425925925927,3.0643425925925927,21.951219512195124,False,S,True
203728,SIM1C,1,65,5,0,32,15,17.331481481481482,152.08333333333334,84.7074074074074,28.125,False,S,True
203730,SIM33,0,15,8,0,12,0,8.18421052631579,,8.18421052631579,75.0,False,E,True
203730,SIM33C,0,24,3,5,22,0,11.565217391304348,20.0,18.283185840707965,40.90909090909091,False,E,True
203733,SIM33C,1,32,3,0,20,4,22.52929292929293,148.6,98.47550200803214,45.0,False,W,True
203733,SIM3C,1,30,0,0,15,5,,135.41666666666666,135.41666666666666,60.0,False,S,True
203765,SIM33,1,16,0,11,16,0,,8.238888888888889,8.238888888888889,56.25,False,W,True
203765,SIM33C,1,32,3,1,19,4,23.36842105263158,143.5111111111111,96.92517006802721,47.36842105263158,False,W,True
203766,SIM33,1,16,0,11,16,0,,8.271922839506173,8.271922839506173,56.25,False,W,True
203766,SIM33C,1,32,3,1,19,4,23.513602309014985,142.73211419753085,96.73281916406027,47.36842105263158,False,W,True
203767,SIM33,1,16,0,11,16,0,,8.318092592592594,8.318092592592594,56.25,False,W,True
203767,SIM33C,1,32,3,1,19,4,23.681052487969442,141.81950925925926,96.51028549955286,47.36842105263158,False,W,True
203769,SIM33,1,16,0,12,16,0,,8.382112654320988,8.382112654320988,56.25,False,W,True
203769,SIM33C,1,32,3,1,19,4,24.03082191780822,139.74427469135802,95.97701017079255,47.36842105263158,False,W,True
203770,SIM33,1,16,0,12,16,0,,8.276407407407408,8.276407407407408,56.25,False,W,True
203770,SIM33C,1,32,3,1,19,4,24.16851624141818,138.88810185185184,95.76053777110059,47.36842105263158,False,W,True
203772,SIM33,1,16,0,12,16,0,,7.908905864197531,7.908905864197531,56.25,False,W,True
203772,SIM33C,1,32,3,2,19,4,24.647640401452062,135.15325925925927,94.6699757490417,47.36842105263158,False,W,True
203772,SIM4,0,29,22,0,27,0,2.93153695283944,,2.93153695283944,33.333333333333336,False,N,True
203772,SIM4C,0,32,4,6,28,0,52.24185185185185,15.837592592592593,34.039722222222224,32.142857142857146,False,N,True
203814,SIM4,0,29,18,0,25,0,2.8958333333333335,,2.8958333333333335,36.0,False,N,True
203814,SIM4,1,21,0,16,21,0,,4.080357142857143,4.080357142857143,42.857142857142854,False,S,True
203814,SIM4C,1,33,0,4,19,4,,71.90555555555555,71.90555555555555,47.36842105263158,False,S,True
203815,SIM4,0,29,22,0,27,0,2.9682539682539684,,2.9682539682539684,33.333333333333336,False,N,True
203815,SIM4C,0,32,4,6,28,0,53.18333333333333,15.738888888888889,34.46111111111111,32.142857142857146,False,N,True
203824,SIM2,0,23,13,0,18,0,7.144269170963254,,7.144269170963254,50.0,False,N,True
203827,SIM2,1,23,0,15,23,0,,6.932180555555556,6.932180555555556,39.130434782608695,False,S,True
203833,SIM2,0,23,12,0,18,0,7.558333333333334,,7.558333333333334,50.0,False,N,True
203903,SIM4,0,29,19,0,25,0,2.9257425742574257,,2.9257425742574257,36.0,False,N,True
203903,SIM4C,0,32,5,5,28,0,37.35555555555556,17.15,27.25277777777778,32.142857142857146,False,N,True
203941,SIM4,1,21,0,18,21,0,,4.091303424250149,4.091303424250149,42.857142857142854,False,S,True
203941,SIM4C,1,33,0,3,20,3,,76.02062654320987,76.02062654320987,45.0,False,S,True
203974,SIM2,1,23,0,14,23,0,,6.930484567901234,6.930484567901234,39.130434782608695,False,S,True
203974,SIM4C,1,33,0,4,19,4,,70.4141975308642,70.4141975308642,47.36842105263158,False,S,True
204067,SIM2,0,23,13,0,18,0,7.175679173396281,,7.175679173396281,50.0,False,N,True
204088,SIM33,0,15,9,0,13,0,8.354852752367197,,8.354852752367197,69.23076923076923,False,E,True
204088,SIM33C,0,24,2,6,22,0,10.405882352941177,18.37720987654321,17.525493439188445,40.90909090909091,False,E,True
250054,SIM1,0,29,15,0,24,0,3.0869565217391304,,3.0869565217391304,37.5,False,N,True
250054,SIM1C,0,57,11,5,44,5,28.6,24.022222222222222,26.311111111111114,20.454545454545453,False,N,True
250058,SIM2,0,23,15,0,19,0,6.837748344370861,,6.837748344370861,47.36842105263158,False,N,True
250059,SIM2,1,23,0,14,23,0,,6.783333333333333,6.783333333333333,39.130434782608695,False,S,True
250065,SIM2,0,23,13,0,18,0,7.203808927826449,,7.203808927826449,50.0,False,N,True
250066,SIM2,1,23,0,14,22,0,,6.994027777777777,6.994027777777777,40.90909090909091,False,S,True
400070,SIM1,0,29,21,0,28,0,3.8022554051952095,,3.8022554051952095,32.142857142857146,False,N,True
400070,SIM1C,0,57,5,8,44,4,62.13096296296296,16.555962962962962,39.34346296296296,20.454545454545453,False,N,True
400070,SIM2,0,23,16,0,21,0,8.06225,,8.06225,42.857142857142854,False,N,True
400070,SIM33C,0,24,0,6,21,0,,13.998956790123456,13.998956790123456,42.857142857142854,False,E,True
400070,SIM3C,0,23,0,7,20,0,,14.352546296296298,14.352546296296298,45.0,False,N,True
400070,SIM4,0,29,25,0,28,0,4.1580600525806,,4.1580600525806,32.142857142857146,False,N,True
400070,SIM4C,0,32,1,6,28,0,81.30444444444444,14.783956790123456,48.044200617283956,32.142857142857146,False,N,True
400145,SIM1C,1,65,6,0,35,12,15.696654320987655,108.45,62.073327160493825,25.714285714285715,False,S,True
400145,SIM33C,1,32,5,0,22,3,19.04409670298369,104.45,64.79272062956717,40.90909090909091,False,W,True
400145,SIM3C,1,30,0,1,18,3,,89.6885,89.6885,50.0,False,S,True
400145,SIM4C,1,27,0,0,17,1,,103.0,103.0,52.94117647058823,False,S,True
400153,SIM33,1,16,0,10,16,0,,8.583364197530864,8.583364197530864,56.25,False,W,True
400153,SIM33C,1,32,5,0,22,3,19.693155120207216,110.08333333333333,68.65809090301114,40.90909090909091,False,W,True
400354,SIM33C,0,24,0,7,21,0,,13.54952160493827,13.54952160493827,42.857142857142854,False,E,True
400354,SIM4C,0,32,0,6,29,0,119.16666666666667,14.65462962962963,66.91064814814814,31.03448275862069,False,N,True
400723,SIM1C,0,57,2,9,43,4,79.15851851851852,15.848395061728395,47.50345679012346,20.930232558139537,False,N,True
400723,SIM33,0,15,11,0,14,0,9.688246913580247,,9.688246913580247,64.28571428571429,False,E,True
400723,SIM33C,0,24,0,7,21,0,,14.20958950617284,14.20958950617284,42.857142857142854,False,E,True
400723,SIM3C,0,23,0,6,20,0,,13.824626543209877,13.824626543209877,45.0,False,N,True
400723,SIM4C,0,32,0,6,29,0,101.66666666666667,14.039987654320987,57.853327160493826,31.03448275862069,False,N,True
400726,SIM1C,0,57,1,9,43,4,82.75925925925927,15.694666666666667,49.226962962962965,20.930232558139537,False,N,True
400726,SIM33C,0,24,0,7,21,0,,14.026086419753087,14.026086419753087,42.857142857142854,False,E,True
400726,SIM3C,0,23,0,6,20,0,,14.105333333333334,14.105333333333334,45.0,False,N,True
400726,SIM4C,0,32,0,6,29,0,106.15,14.138308641975309,60.14415432098766,31.03448275862069,False,N,True
400919,SIM1,0,29,23,0,29,0,3.952830188679245,,3.952830188679245,31.03448275862069,False,N,True
400929,SIM1C,0,57,1,9,43,5,86.22222222222221,15.56111111111111,50.891666666666666,20.930232558139537,False,N,True
400929,SIM3,0,19,13,0,19,0,8.154856481481481,,8.154856481481481,47.36842105263158,False,N,True
400929,SIM3C,0,23,0,7,20,0,,14.405555555555557,14.405555555555557,45.0,False,N,True
400933,SIM1C,0,57,0,10,43,5,93.26666666666667,15.062555555555555,54.16461111111111,20.930232558139537,False,N,True
400933,SIM3,0,19,13,0,19,0,7.873282407407407,,7.873282407407407,47.36842105263158,False,N,True
400933,SIM3C,0,23,0,7,20,0,,13.922555555555556,13.922555555555556,45.0,False,N,True
401833,SIM3,1,15,0,12,15,0,,7.201219512195122,7.201219512195122,60.0,False,S,True
402130,SIM33C,0,24,0,7,21,0,,13.8,13.8,42.857142857142854,False,E,True
402130,SIM4C,0,32,0,6,29,0,113.0,14.35,63.675,31.03448275862069,False,N,True
402132,SIM3,1,15,0,12,15,0,,7.250918573468464,7.250918573468464,60.0,False,S,True
402134,SIM3,1,15,0,12,15,0,,7.209409101862371,7.209409101862371,60.0,False,S,True
402135,SIM3,1,15,0,12,15,0,,7.198774635379308,7.198774635379308,60.0,False,S,True
402143,SIM3,0,19,12,0,18,0,8.216666666666667,,8.216666666666667,50.0,False,N,True
402144,SIM3,0,19,12,0,18,0,8.242091049382717,,8.242091049382717,50.0,False,N,True
402145,SIM3,0,19,12,0,18,0,8.258145061728396,,8.258145061728396,50.0,False,N,True
403132,SIM1C,0,57,0,11,44,4,102.61666666666666,14.022814814814815,58.31974074074074,20.454545454545453,False,N,True
403132,SIM3,0,19,12,0,19,0,8.186243827160494,,8.186243827160494,47.36842105263158,False,N,True
403132,SIM3C,0,23,0,7,20,0,,13.271148148148148,13.271148148148148,45.0,False,N,True
403311,SIM1,1,41,0,29,41,0,,3.5,3.5,21.951219512195124,False,S,True
403311,SIM1C,1,65,5,0,34,12,15.90816049382716,116.63333333333334,66.27074691358024,26.470588235294116,False,S,True
403311,SIM33C,1,32,5,0,22,3,19.920766932270915,112.61666666666666,70.39040381125227,40.90909090909091,False,W,True
403311,SIM3C,1,30,0,0,17,3,,98.91666666666667,98.91666666666667,52.94117647058823,False,S,True
403311,SIM4C,1,27,0,0,17,1,,112.06666666666666,112.06666666666666,52.94117647058823,False,S,True
403458,SIM33C,0,24,0,7,21,0,,13.45,13.45,42.857142857142854,False,E,True
403458,SIM4C,0,32,0,6,29,0,122.0,14.794444444444444,68.39722222222221,31.03448275862069,False,N,True
403621,SIM1C,1,65,6,1,37,10,15.221302469135802,88.40488580246914,51.813094135802466,24.324324324324323,False,S,True
403621,SIM3,1,15,0,10,15,0,,7.378754436336084,7.378754436336084,60.0,False,S,True
403621,SIM33C,1,32,6,1,23,2,17.320748028887564,84.9302561728395,52.32135621384975,39.130434782608695,False,W,True
403621,SIM3C,1,30,0,2,19,2,,71.68858950617283,71.68858950617283,47.36842105263158,False,S,True
403621,SIM4C,1,27,0,1,18,1,,84.88565432098765,84.88565432098765,50.0,False,S,True
403971,SIM1,1,41,0,29,41,0,,3.365770061728395,3.365770061728395,21.951219512195124,False,S,True
403971,SIM1C,1,65,5,0,33,13,17.445162037037036,127.51666666666667,72.48091435185185,27.272727272727273,False,S,True
403971,SIM33C,1,32,4,0,21,3,21.36002257512066,123.48333333333333,78.31786993045515,42.857142857142854,False,W,True
403971,SIM3C,1,30,0,0,17,4,,110.5,110.5,52.94117647058823,False,S,True
404132,SIM1C,0,57,2,9,43,4,75.21037037037037,16.040277777777778,45.62532407407408,20.930232558139537,False,N,True
404132,SIM33,0,15,11,0,14,0,9.70220987654321,,9.70220987654321,64.28571428571429,False,E,True
404132,SIM33C,0,24,0,6,21,0,,14.203287037037036,14.203287037037036,42.857142857142854,False,E,True
404132,SIM3C,0,23,0,6,20,0,,13.551277777777779,13.551277777777779,45.0,False,N,True
404132,SIM4C,0,32,0,7,28,0,96.6,14.091000000000001,55.3455,32.142857142857146,False,N,True
404184,SIM1C,1,65,6,0,34,12,15.652296296296296,114.01666666666667,64.83448148148149,26.470588235294116,False,S,True
404184,SIM3C,1,30,0,0,17,3,,95.95,95.95,52.94117647058823,False,S,True
404184,SIM4C,1,27,0,0,17,1,,109.15,109.15,52.94117647058823,False,S,True
404189,SIM1,1,41,0,30,41,0,,3.3182638888888887,3.3182638888888887,21.951219512195124,False,S,True
404189,SIM1C,1,65,5,0,33,13,17.658229938271607,129.43333333333334,73.54578163580247,27.272727272727273,False,S,True
404189,SIM33C,1,32,4,0,21,3,21.828628746754777,125.41666666666667,79.87318667635155,42.857142857142854,False,W,True
404189,SIM3C,1,30,0,0,17,4,,112.41666666666667,112.41666666666667,52.94117647058823,False,S,True
404190,SIM1,1,41,0,30,41,0,,3.261111111111111,3.261111111111111,21.951219512195124,False,S,True
404190,SIM1C,1,65,6,0,34,14,17.816666666666666,131.0,74.40833333333333,26.470588235294116,False,S,True
404190,SIM4,1,21,0,21,21,0,,4.073333333333333,4.073333333333333,42.857142857142854,False,S,True
404190,SIM4C,1,33,0,2,22,2,,77.92777777777778,77.92777777777778,40.90909090909091,False,S,True
404197,SIM33,1,16,0,10,16,0,,8.472222222222221,8.472222222222221,56.25,False,W,True
404201,SIM33C,1,32,4,0,21,3,20.729095589365297,121.08333333333333,76.37839563223112,42.857142857142854,False,W,True
404202,SIM4,1,21,0,21,21,0,,4.079712351009262,4.079712351009262,42.857142857142854,False,S,True
404202,SIM4C,1,33,0,2,22,2,,76.33158950617283,76.33158950617283,40.90909090909091,False,S,True
404205,SIM4C,1,27,0,0,17,1,,95.0,95.0,52.94117647058823,False,S,True
404206,SIM1C,1,65,6,0,36,11,15.659654320987654,102.71666666666667,59.188160493827155,25.0,False,S,True
404206,SIM3,1,15,0,11,15,0,,7.364676171889117,7.364676171889117,60.0,False,S,True
404206,SIM33C,1,32,5,0,22,3,18.341849319834395,98.71666666666667,60.93289133670248,40.90909090909091,False,W,True
404206,SIM3C,1,30,0,1,18,3,,84.41481481481482,84.41481481481482,50.0,False,S,True
404206,SIM4C,1,27,0,0,17,1,,97.95,97.95,52.94117647058823,False,S,True
404208,SIM1,1,41,0,29,41,0,,3.388888888888889,3.388888888888889,21.951219512195124,False,S,True
404208,SIM1C,1,65,5,0,34,13,16.716666666666665,122.0,69.35833333333333,26.470588235294116,False,S,True
404208,SIM3C,1,30,0,0,17,4,,105.0,105.0,52.94117647058823,False,S,True
404208,SIM4,1,21,0,20,21,0,,3.9217687074829928,3.9217687074829928,42.857142857142854,False,S,True
404208,SIM4C,1,33,0,2,22,1,,69.26666666666667,69.26666666666667,40.90909090909091,False,S,True
404219,SIM2,1,23,0,13,23,0,,6.952728395061729,6.952728395061729,39.130434782608695,False,S,True
404220,SIM2,1,23,0,13,23,0,,6.976543209876543,6.976543209876543,39.130434782608695,False,S,True
404221,SIM2,1,23,0,13,23,0,,7.013033950617284,7.013033950617284,39.130434782608695,False,S,True
404222,SIM2,1,23,0,14,23,0,,7.066992283950617,7.066992283950617,39.130434782608695,False,S,True
404224,SIM1,1,41,0,29,41,0,,3.3812283950617283,3.3812283950617283,21.951219512195124,False,S,True
404224,SIM33C,1,32,4,0,21,3,20.325148673376027,119.63333333333334,75.20277834629555,42.857142857142854,False,W,True
404224,SIM3C,1,30,0,0,17,4,,106.68333333333334,106.68333333333334,52.94117647058823,False,S,True
404228,SIM1C,1,65,6,0,36,11,15.58888888888889,99.0,57.294444444444444,25.0,False,S,True
404228,SIM3,1,15,0,11,15,0,,7.253333333333333,7.253333333333333,60.0,False,S,True
404228,SIM33C,1,32,5,0,22,3,17.833333333333332,95.0,58.44736842105263,40.90909090909091,False,W,True
404228,SIM3C,1,30,0,1,18,3,,81.11111111111111,81.11111111111111,50.0,False,S,True
404238,SIM1,1,41,0,29,41,0,,3.3651604938271604,3.3651604938271604,21.951219512195124,False,S,True
404238,SIM1C,1,65,5,0,33,13,17.17584413580247,125.31666666666666,71.24625540123456,27.272727272727273,False,S,True
404238,SIM3C,1,30,0,0,17,4,,108.31666666666666,108.31666666666666,52.94117647058823,False,S,True
404238,SIM4,1,21,0,20,21,0,,4.0606060606060606,4.0606060606060606,42.857142857142854,False,S,True
404238,SIM4C,1,33,0,2,22,1,,72.44398456790124,72.44398456790124,40.90909090909091,False,S,True
404240,SIM4,1,21,0,21,21,0,,4.090936042882843,4.090936042882843,42.857142857142854,False,S,True
404240,SIM4C,1,33,0,2,22,1,,74.11799537037037,74.11799537037037,40.90909090909091,False,S,True
404243,SIM2,1,23,0,13,23,0,,6.944444444444445,6.944444444444445,39.130434782608695,False,S,True
404300,SIM33C,0,24,0,7,21,0,,13.236652777777778,13.236652777777778,42.857142857142854,False,E,True
404300,SIM4C,0,32,0,7,29,0,129.05,14.166074074074073,71.60803703703704,31.03448275862069,False,N,True
404833,SIM3,0,19,12,0,18,0,8.281212962962963,,8.281212962962963,50.0,False,N,True
404873,SIM1C,1,65,6,0,36,11,15.485692901234568,95.2,55.34284645061728,25.0,False,S,True
404873,SIM3,1,15,0,11,15,0,,7.231326949384405,7.231326949384405,60.0,False,S,True
404873,SIM33C,1,32,6,0,23,2,17.345439995935372,91.2,55.9883956688145,39.130434782608695,False,W,True
404873,SIM3C,1,30,0,1,18,3,,77.73333333333333,77.73333333333333,50.0,False,S,True
404873,SIM4C,1,27,0,0,18,1,,91.06666666666666,91.06666666666666,50.0,False,S,True
404883,SIM1,0,29,23,0,29,0,3.8881103400917993,,3.8881103400917993,31.03448275862069,False,N,True
404883,SIM1C,0,57,3,8,43,4,71.41685185185185,16.0071512345679,43.71200154320988,20.930232558139537,False,N,True
404883,SIM33C,0,24,0,6,21,0,,14.099859567901234,14.099859567901234,42.857142857142854,False,E,True
404883,SIM3C,0,23,0,7,20,0,,13.456456790123458,13.456456790123458,45.0,False,N,True
404883,SIM4C,0,32,0,7,28,0,91.58333333333333,14.664135802469136,53.12373456790124,32.142857142857146,False,N,True
404887,SIM1,0,29,21,0,28,0,3.807142857142857,,3.807142857142857,32.142857142857146,False,N,True
404887,SIM1C,0,57,6,8,44,4,59.85555555555556,17.116666666666667,38.48611111111111,20.454545454545453,False,N,True
404887,SIM33C,0,24,0,6,21,0,,14.0,14.0,42.857142857142854,False,E,True
404887,SIM3C,0,23,0,7,20,0,,14.605555555555556,14.605555555555556,45.0,False,N,True
404887,SIM4,0,29,25,0,28,0,4.063291139240507,,4.063291139240507,32.142857142857146,False,N,True
404887,SIM4C,0,32,1,6,28,0,78.8,14.761111111111111,46.78055555555556,32.142857142857146,False,N,True
404891,SIM1,0,29,22,0,29,0,3.7972525838352293,,3.7972525838352293,31.03448275862069,False,N,True
404891,SIM1C,0,57,4,8,43,4,67.63353395061728,16.002811728395063,41.81817283950617,20.930232558139537,False,N,True
404891,SIM2,0,23,17,0,21,0,8.584418209876542,,8.584418209876542,42.857142857142854,False,N,True
404891,SIM4,0,29,25,0,29,0,4.5211827096257755,,4.5211827096257755,31.03448275862069,False,N,True
404891,SIM4C,0,32,1,6,28,0,87.04444444444445,14.883287037037038,50.963865740740744,32.142857142857146,False,N,True
404923,SIM1C,1,65,6,1,37,10,15.0,84.33333333333333,49.666666666666664,24.324324324324323,False,S,True
404923,SIM3,1,15,0,10,15,0,,7.225925925925925,7.225925925925925,60.0,False,S,True
404923,SIM33C,1,32,6,1,23,2,17.205882352941174,81.11111111111111,50.07142857142857,39.130434782608695,False,W,True
404923,SIM3C,1,30,0,2,19,2,,68.33333333333333,68.33333333333333,47.36842105263158,False,S,True
404923,SIM4C,1,27,0,1,18,1,,81.11111111111111,81.11111111111111,50.0,False,S,True
404931,SIM33,1,16,0,11,16,0,,8.629841049382716,8.629841049382716,56.25,False,W,True
404940,SIM33,1,16,0,11,16,0,,8.508328703703704,8.508328703703704,56.25,False,W,True
404942,SIM1C,1,65,6,0,35,12,15.68888888888889,107.0,61.34444444444444,25.714285714285715,False,S,True
404942,SIM3,1,15,0,12,15,0,,7.310126582278481,7.310126582278481,60.0,False,S,True
404942,SIM33C,1,32,5,0,22,3,18.843949044585987,103.0,63.79376854599407,40.90909090909091,False,W,True
404942,SIM3C,1,30,0,1,18,3,,88.22222222222221,88.22222222222221,50.0,False,S,True
404942,SIM4C,1,27,0,0,17,1,,101.51666666666667,101.51666666666667,52.94117647058823,False,S,True
404956,SIM2,1,23,0,14,23,0,,6.927777777777778,6.927777777777778,39.130434782608695,False,S,True
404992,SIM1C,0,57,0,12,44,4,106.53333333333333,13.404,59.968666666666664,20.454545454545453,False,N,True
404992,SIM3,0,19,13,0,19,0,8.248313271604937,,8.248313271604937,47.36842105263158,False,N,True
404992,SIM3C,0,23,0,7,20,0,,13.079740740740741,13.079740740740741,45.0,False,N,True
404993,SIM1C,1,65,6,0,35,12,15.689149691358024,111.26666666666667,63.477908179012346,25.714285714285715,False,S,True
404993,SIM33C,1,32,5,0,22,3,19.391145945945944,107.25,66.71661346633417,40.90909090909091,False,W,True
404993,SIM3C,1,30,0,0,18,3,,92.83333333333333,92.83333333333333,50.0,False,S,True
404993,SIM4C,1,27,0,0,17,1,,106.1,106.1,52.94117647058823,False,S,True
405017,SIM33,0,15,11,0,14,0,9.020000000000001,,9.020000000000001,64.28571428571429,False,E,True
405024,SIM1,0,29,22,0,29,0,3.8046357615894038,,3.8046357615894038,31.03448275862069,False,N,True
405024,SIM1C,0,57,4,8,43,4,68.97777777777779,15.994444444444444,42.48611111111111,20.930232558139537,False,N,True
405024,SIM2,0,23,17,0,21,0,8.56111111111111,,8.56111111111111,42.857142857142854,False,N,True
405024,SIM33C,0,24,0,6,21,0,,14.050819444444445,14.050819444444445,42.857142857142854,False,E,True
405024,SIM3C,0,23,0,7,20,0,,13.703842592592594,13.703842592592594,45.0,False,N,True
405024,SIM4,0,29,25,0,29,0,4.636904761904762,,4.636904761904762,31.03448275862069,False,N,True
405024,SIM4C,0,32,1,6,28,0,88.41333333333334,14.91630864197531,51.66482098765432,32.142857142857146,False,N,True
405136,SIM33,0,15,10,0,14,0,9.335611111111112,,9.335611111111112,64.28571428571429,False,E,True
405230,SIM4C,1,33,0,2,22,1,,70.02753858024691,70.02753858024691,40.90909090909091,False,S,True
405277,SIM1,1,41,0,29,41,0,,3.457777777777778,3.457777777777778,21.951219512195124,False,S,True
405277,SIM1C,1,65,5,0,34,13,16.230038580246916,118.68333333333334,67.45668595679012,26.470588235294116,False,S,True
405277,SIM33C,1,32,5,0,21,3,20.068001265728537,114.65,71.77831747156694,42.857142857142854,False,W,True
405277,SIM3C,1,30,0,0,17,3,,101.23333333333333,101.23333333333333,52.94117647058823,False,S,True
405277,SIM4C,1,27,0,0,16,1,,114.31666666666666,114.31666666666666,56.25,False,S,True
405305,SIM33,1,16,0,11,16,0,,8.333333333333334,8.333333333333334,56.25,False,W,True
450063,SIM1C,1,65,6,0,37,10,15.355787037037036,91.46666666666667,53.41122685185186,24.324324324324323,False,S,True
450063,SIM3,1,15,0,11,15,0,,7.307268756824209,7.307268756824209,60.0,False,S,True
450063,SIM33C,1,32,6,1,23,2,17.35633888833116,87.7343086419753,53.967391984971826,39.130434782608695,False,W,True
450063,SIM3C,1,30,0,1,18,3,,74.41481481481482,74.41481481481482,50.0,False,S,True
450063,SIM4C,1,27,0,1,18,1,,87.64487345679012,87.64487345679012,50.0,False,S,True
450180,SIM33C,0,24,0,7,21,0,,13.33079475308642,13.33079475308642,42.857142857142854,False,E,True
450180,SIM4C,0,32,0,7,29,0,125.41666666666667,14.570246913580245,69.99345679012346,31.03448275862069,False,N,True
450402,SIM1,0,29,22,0,28,0,3.823520755003608,,3.823520755003608,32.142857142857146,False,N,True
450402,SIM1C,0,57,5,8,43,4,64.95813888888888,16.052,40.505069444444445,20.930232558139537,False,N,True
450402,SIM2,0,23,16,0,21,0,8.355777777777778,,8.355777777777778,42.857142857142854,False,N,True
450402,SIM33C,0,24,0,6,21,0,,14.010805555555555,14.010805555555555,42.857142857142854,False,E,True
450402,SIM3C,0,23,0,7,20,0,,14.067631172839505,14.067631172839505,45.0,False,N,True
450402,SIM4,0,29,25,0,28,0,4.32359513386949,,4.32359513386949,32.142857142857146,False,N,True
450402,SIM4C,0,32,1,6,28,0,84.2911111111111,14.82824074074074,49.55967592592593,32.142857142857146,False,N,True
803031,SIM3,1,15,0,12,15,0,,7.225514164734348,7.225514164734348,60.0,False,S,True
805031,SIM2,1,23,0,14,23,0,,6.6587700617283945,6.6587700617283945,39.130434782608695,False,S,True
805031,SIM4,1,21,0,21,21,0,,4.078738145319016,4.078738145319016,42.857142857142854,False,S,True
805031,SIM4C,1,33,0,2,21,2,,79.494375,79.494375,42.857142857142854,False,S,True
805032,SIM2,1,23,0,14,23,0,,6.667441358024691,6.667441358024691,39.130434782608695,False,S,True
805032,SIM4,1,21,0,21,21,0,,4.075854842878771,4.075854842878771,42.857142857142854,False,S,True
805032,SIM4C,1,33,0,2,21,2,,79.95439969135802,79.95439969135802,42.857142857142854,False,S,True
805033,SIM2,0,23,17,0,20,0,6.706537335285505,,6.706537335285505,45.0,False,N,True
805033,SIM3,0,19,12,0,17,0,7.826058766391452,,7.826058766391452,52.94117647058823,False,N,True
805033,SIM33,0,15,10,0,13,0,8.525500876533934,,8.525500876533934,69.23076923076923,False,E,True
805033,SIM33C,0,24,1,7,22,0,15.116666666666667,16.014293209876545,16.005568800048902,40.90909090909091,False,E,True
805033,SIM3C,0,23,0,6,20,0,,14.320975308641975,14.320975308641975,45.0,False,N,True
805033,SIM4,0,29,24,0,28,0,3.433541715813478,,3.433541715813478,32.142857142857146,False,N,True
805033,SIM4C,0,32,3,6,28,0,64.74087962962963,14.585726851851852,39.663303240740746,32.142857142857146,False,N,True
805034,SIM2,0,23,17,0,21,0,6.737752104176592,,6.737752104176592,42.857142857142854,False,N,True
805034,SIM4,0,29,24,0,28,0,3.5745123809523807,,3.5745123809523807,32.142857142857146,False,N,True
805034,SIM4C,0,32,3,6,28,0,68.30160493827161,14.614953703703703,41.45827932098766,32.142857142857146,False,N,True
805035,SIM2,0,23,17,0,20,0,6.702254335260116,,6.702254335260116,45.0,False,N,True
805035,SIM33,0,15,10,0,13,0,8.60197142054631,,8.60197142054631,69.23076923076923,False,E,True
805035,SIM33C,0,24,0,7,22,0,,15.328469135802468,15.328469135802468,40.90909090909091,False,E,True
805035,SIM4,0,29,24,0,28,0,3.4914251207729468,,3.4914251207729468,32.142857142857146,False,N,True
805035,SIM4C,0,32,3,6,28,0,66.6618287037037,14.601407407407407,40.631618055555556,32.142857142857146,False,N,True
805036,SIM2,1,23,0,14,23,0,,6.686106481481482,6.686106481481482,39.130434782608695,False,S,True
805036,SIM4,1,21,0,21,21,0,,4.074392293767779,4.074392293767779,42.857142857142854,False,S,True
805036,SIM4C,1,33,0,2,21,2,,80.29489351851852,80.29489351851852,42.857142857142854,False,S,True
805037,SIM2,0,23,17,0,21,0,6.750141001267427,,6.750141001267427,42.857142857142854,False,N,True
805037,SIM4,0,29,24,0,28,0,3.595717025559227,,3.595717025559227,32.142857142857146,False,N,True
805037,SIM4C,0,32,3,6,28,0,68.65685802469135,14.619907407407407,41.63838271604938,32.142857142857146,False,N,True
805038,SIM2,0,23,16,0,21,0,7.184993827160494,,7.184993827160494,42.857142857142854,False,N,True
805038,SIM4,0,29,25,0,28,0,3.8278016693884953,,3.8278016693884953,32.142857142857146,False,N,True
805038,SIM4C,0,32,2,6,28,0,74.47378858024692,14.691055555555556,44.582422067901234,32.142857142857146,False,N,True
805039,SIM2,0,23,17,0,21,0,6.940671225230253,,6.940671225230253,42.857142857142854,False,N,True
805039,SIM4,0,29,25,0,28,0,3.7704354088189675,,3.7704354088189675,32.142857142857146,False,N,True
805039,SIM4C,0,32,2,6,28,0,72.1560462962963,14.661378086419752,43.40871219135803,32.142857142857146,False,N,True
805154,SIM3,0,19,11,0,16,0,7.832624039858833,,7.832624039858833,56.25,False,N,True
805158,SIM4,1,21,0,19,21,0,,4.091311116467799,4.091311116467799,42.857142857142854,False,S,True
805159,SIM2,1,23,0,15,23,0,,6.681594135802469,6.681594135802469,39.130434782608695,False,S,True
805159,SIM4,1,21,0,20,21,0,,4.087544844798003,4.087544844798003,42.857142857142854,False,S,True
805160,SIM4,1,21,0,19,21,0,,4.058500019843632,4.058500019843632,42.857142857142854,False,S,True
805161,SIM2,1,23,0,14,23,0,,6.6160910493827165,6.6160910493827165,39.130434782608695,False,S,True
805162,SIM2,0,23,15,0,20,0,6.780509080509081,,6.780509080509081,45.0,False,N,True
805168,SIM1,0,29,16,0,24,0,3.0808917197452232,,3.0808917197452232,37.5,False,N,True
805168,SIM1C,0,57,11,5,44,5,29.736666666666668,23.870413580246915,26.80354012345679,20.454545454545453,False,N,True
805187,SIM33C,1,32,4,0,21,3,22.192857142857143,127.0,81.146875,42.857142857142854,False,W,True
805187,SIM3C,1,30,0,0,17,4,,114.0,114.0,52.94117647058823,False,S,True
901108,SIM3,0,19,12,0,17,0,7.83897014736975,,7.83897014736975,52.94117647058823,False,N,True
901108,SIM3C,0,23,0,6,20,0,,14.359834876543209,14.359834876543209,45.0,False,N,True
901109,SIM1,1,41,0,31,41,0,,3.1575555555555557,3.1575555555555557,21.951219512195124,False,S,True
901109,SIM1C,1,65,5,0,33,14,16.75185185185185,141.83333333333334,79.2925925925926,27.272727272727273,False,S,True
901109,SIM3,1,15,0,13,15,0,,7.295006172839506,7.295006172839506,60.0,False,S,True
901109,SIM33,1,16,0,11,16,0,,8.307007716049382,8.307007716049382,56.25,False,W,True
901109,SIM33C,1,32,4,0,20,4,22.761182795698925,137.83333333333334,89.75736747529201,45.0,False,W,True
901109,SIM3C,1,30,0,0,16,5,,124.83333333333333,124.83333333333333,56.25,False,S,True
901110,SIM3,1,15,0,13,15,0,,7.1981883351214275,7.1981883351214275,60.0,False,S,True
901111,SIM3,0,19,13,0,18,0,8.051399691358025,,8.051399691358025,50.0,False,N,True
901112,SIM3,0,19,12,0,18,0,8.0874737654321,,8.0874737654321,50.0,False,N,True
901113,SIM3,1,15,0,13,15,0,,7.153369614075643,7.153369614075643,60.0,False,S,True
901114,SIM1,0,29,19,0,27,0,3.4113370405109653,,3.4113370405109653,33.333333333333336,False,N,True
901114,SIM1C,0,57,8,7,44,4,48.22724074074074,19.976685185185186,34.101962962962965,20.454545454545453,False,N,True
901114,SIM2,0,23,17,0,21,0,6.725745199197478,,6.725745199197478,42.857142857142854,False,N,True
901114,SIM33,0,15,10,0,13,0,8.668440546823497,,8.668440546823497,69.23076923076923,False,E,True
901114,SIM33C,0,24,0,7,22,0,,14.9052237654321,14.9052237654321,40.90909090909091,False,E,True
901114,SIM4,0,29,24,0,28,0,3.5505285392055663,,3.5505285392055663,32.142857142857146,False,N,True
901114,SIM4C,0,32,3,6,28,0,67.89462191358025,14.612666666666666,41.25364429012346,32.142857142857146,False,N,True
901116,SIM2,1,23,0,14,23,0,,6.680140432098765,6.680140432098765,39.130434782608695,False,S,True
901116,SIM4,1,21,0,21,21,0,,4.074735889479905,4.074735889479905,42.857142857142854,False,S,True
901116,SIM4C,1,33,0,2,21,2,,80.17045833333333,80.17045833333333,42.857142857142854,False,S,True
901169,SIM2,1,23,0,14,23,0,,6.680745370370371,6.680745370370371,39.130434782608695,False,S,True
901169,SIM4,1,21,0,21,21,0,,4.072805752735877,4.072805752735877,42.857142857142854,False,S,True
901169,SIM4C,1,33,0,2,22,2,,81.03449074074074,81.03449074074074,40.90909090909091,False,S,True
901171,SIM2,0,23,16,0,21,0,7.386481481481481,,7.386481481481481,42.857142857142854,False,N,True
901171,SIM4,0,29,25,0,28,0,3.8945167886353853,,3.8945167886353853,32.142857142857146,False,N,True
901171,SIM4C,0,32,2,6,28,0,76.03918518518519,14.714358024691359,45.37677160493828,32.142857142857146,False,N,True
901177,SIM2,1,23,0,14,23,0,,6.714949074074074,6.714949074074074,39.130434782608695,False,S,True
901177,SIM4,1,21,0,21,21,0,,4.0723035952063915,4.0723035952063915,42.857142857142854,False,S,True
901177,SIM4C,1,33,0,2,22,2,,81.40254783950618,81.40254783950618,40.90909090909091,False,S,True
903013,SIM33,1,16,0,11,16,0,,8.216666666666667,8.216666666666667,56.25,False,W,True
903017,SIM33,0,15,11,0,14,0,9.65,,9.65,64.28571428571429,False,E,True
903036,SIM1C,0,57,0,12,44,4,108.0,13.144444444444444,60.57222222222222,20.454545454545453,False,N,True
903036,SIM3,0,19,13,0,19,0,8.227777777777778,,8.227777777777778,47.36842105263158,False,N,True
903036,SIM3C,0,23,0,7,20,0,,13.03888888888889,13.03888888888889,45.0,False,N,True
903037,SIM1C,0,57,0,10,43,4,98.0,14.694444444444445,56.34722222222222,20.930232558139537,False,N,True
903037,SIM3,0,19,12,0,19,0,7.966666666666667,,7.966666666666667,47.36842105263158,False,N,True
903037,SIM3C,0,23,0,7,20,0,,13.65,13.65,45.0,False,N,True
903165,SIM33C,0,24,0,6,21,0,,13.155555555555557,13.155555555555557,42.857142857142854,False,E,True
903165,SIM4C,0,32,0,6,29,0,135.0,13.694444444444445,74.34722222222221,31.03448275862069,False,N,True
905019,SIM3,0,19,9,0,15,0,8.566666666666666,,8.566666666666666,60.0,False,N,True
905019,SIM3C,0,23,1,6,21,0,12.5,20.0,19.085365853658534,42.857142857142854,False,N,True
905021,SIM3,1,15,0,11,15,0,,6.826388888888888,6.826388888888888,60.0,False,S,True
905021,SIM3C,1,30,0,3,14,6,,118.85,118.85,64.28571428571429,False,S,True
905046,SIM1,1,41,0,30,41,0,,3.1436781609195403,3.1436781609195403,21.951219512195124,False,S,True
905046,SIM1C,1,65,5,0,28,18,17.166666666666668,183.0,100.08333333333333,32.142857142857146,False,S,True
905046,SIM4,1,21,0,16,21,0,,4.1,4.1,42.857142857142854,False,S,True
905148,SIM33C,1,32,4,0,21,3,22.238463989802423,127.53333333333333,81.56570673344463,42.857142857142854,False,W,True
905148,SIM3C,1,30,0,0,17,4,,114.53333333333333,114.53333333333333,52.94117647058823,False,S,True
905149,SIM33,1,16,0,11,16,0,,8.184083333333334,8.184083333333334,56.25,False,W,True
905150,SIM1,1,41,0,30,41,0,,3.246216049382716,3.246216049382716,21.951219512195124,False,S,True
905150,SIM1C,1,65,6,0,34,14,17.757407407407406,131.53333333333333,74.64537037037037,26.470588235294116,False,S,True
905153,SIM2,0,23,15,0,20,0,6.905053729676924,,6.905053729676924,45.0,False,N,True
905194,SIM2,0,23,16,0,21,0,7.7555555555555555,,7.7555555555555555,42.857142857142854,False,N,True
905196,SIM33,0,15,11,0,14,0,9.146944238148285,,9.146944238148285,64.28571428571429,False,E,True
905216,SIM33C,1,32,5,0,21,3,20.255102040816325,118.0,74.05963302752293,42.857142857142854,False,W,True
