stop_id,stop_name,lat,lon,area,tier
300000,ORIENTAL BLVD/MACKENZIE ST,40.57835,-73.940029,36047062000,3.0
300002,ORIENTAL BLVD/JAFFRAY ST,40.578066,-73.943029,36047062000,3.0
300003,ORIENTAL BLVD/HASTINGS ST,40.577909,-73.944643,36047062000,3.0
300004,ORIENTAL BLVD/FALMOUTH ST,40.577718,-73.9462,36047062000,3.0
300006,ORIENTAL BLVD/DOVER ST,40.577353,-73.949552,36047062000,3.0
300007,ORIENTAL BLVD/BEAUMONT ST,40.577148,-73.951388,36047062000,3.0
300008,ORIENTAL BLVD/WEST END AV,40.577003,-73.952724,36047062000,3.0
300009,BRIGHTON BEACH AV/CORBIN PL,40.577381,-73.954407,36047061002,3.0
300010,BRIGHTON BEACH AV/BRIGHTON 14 ST,40.577957,-73.956381,36047061004,2.0
300011,BRIGHTON BEACH AV/BRIGHTON 12 ST,40.578369,-73.958173,36047061004,2.0
300012,BRIGHTON BEACH AV/CONEY ISLAND AV,40.577968,-73.960253,36047036200,1.0
300013,BRIGHTON BEACH AV/BRIGHTON 5 ST,40.577402,-73.962835,36047036200,1.0
300014,BRIGHTON BEACH AV/BRIGHTON 3 ST,40.577035,-73.964603,36047036200,1.0
300016,BRIGHTON BEACH AV/OCEAN PKWY,40.576421,-73.967439,36047036200,1.0
300017,OCEAN PKWY/OCEAN VIEW AV,40.57874,-73.967853,36047036400,2.0
300018,OCEAN PKWY/NEPTUNE AV,40.580219,-73.967568,36047036400,2.0
300019,OCEAN PKWY/WEST AV,40.581414,-73.967253,36047036600,1.0
300020,OCEAN PKWY/SHORE PKWY,40.585483,-73.966323,36047037000,3.0
300022,AVENUE X/E 2 ST,40.590771,-73.968783,36047038800,3.0
300023,AVENUE X/WEST ST,40.590563,-73.97063,36047038800,3.0
300025,AVENUE X/McDONALD AV,40.59019,-73.974001,36047038600,2.0
300026,86 ST/VAN SICKLEN ST,40.591307,-73.976136,36047038600,2.0
300028,86 ST/W 9 ST,40.593826,-73.980239,36047038600,2.0
300030,86 ST/AVENUE U,40.595739,-73.983411,36047040200,1.0
300031,86 ST/STILLWELL AV,40.596791,-73.985195,36047040200,1.0
300032,86 ST/25 AV,40.597875,-73.987055,36047029800,2.0
300033,86 ST/24 AV,40.599207,-73.989229,36047029800,2.0
300034,86 ST/23 AV,40.600524,-73.991422,36047029800,2.0
300035,86 ST/BAY PKWY,40.60188,-73.993637,36047029600,2.0
300036,86 ST/21 AV,40.603239,-73.995905,36047029000,1.0
300037,86 ST/20 AV,40.604568,-73.998095,36047028800,1.0
300038,86 ST/19 AV,40.605899,-74.000299,36047028400,2.0
300040,86 ST/18 AV,40.607724,-74.00326,36047017800,2.0
300041,86 ST/17 AV,40.608866,-74.005121,36047018000,2.0
300042,86 ST/16 AV,40.610351,-74.007581,36047017200,3.0
300043,86 ST/15 AV,40.611706,-74.009829,36047017000,3.0
300044,86 ST/14 AV,40.61322,-74.012413,36047015000,3.0
300045,86 ST/13 AV,40.614061,-74.013726,36047015000,3.0
300046,13 AV/84 ST,40.615392,-74.012419,36047015000,3.0
300047,13 AV/82 ST,40.616543,-74.011238,36047015000,3.0
300048,13 AV/79 ST,40.618206,-74.009502,36047019800,2.0
300049,13 AV/77 ST,40.619307,-74.008353,36047019800,2.0
300050,13 AV/BAY RIDGE PKWY,40.620531,-74.007085,36047019800,2.0
300051,13 AV/73 ST,40.621657,-74.005904,36047019800,2.0
300052,13 AV/71 ST,40.62276,-74.004769,36047019600,1.0
300053,BAY RIDGE AV/13 AV,40.624096,-74.004425,36047019600,1.0
300054,BAY RIDGE AV/12 AV,40.62526,-74.006365,36047021000,2.0
300055,BAY RIDGE AV/11 AV,40.6266,-74.008588,36047021000,2.0
300056,BAY RIDGE AV/10 AV,40.62789,-74.010721,36047021000,2.0
300057,BAY RIDGE AV/FORT HAMILTON PKWY,40.628927,-74.012433,36047012801,1.0
300060,OVINGTON AV/6 AV,40.631427,-74.018741,36047013400,2.0
300061,BAY RIDGE AV/6 AV,40.632552,-74.018875,36047013000,2.0
300062,BAY RIDGE AV/5 AV,40.633457,-74.020864,36047013000,2.0
300063,BAY RIDGE AV/4 AV,40.634837,-74.023869,36047006800,2.0
300064,BAY RIDGE AV/3 AV,40.635935,-74.026507,36047006800,2.0
300065,BAY RIDGE AV/RIDGE BLVD,40.636711,-74.029008,36047003000,3.0
300066,BAY RIDGE AV/COLONIAL RD,40.637514,-74.031606,36047003400,3.0
300067,NARROWS AV/BAY RIDGE AV,40.637879,-74.034089,36047003400,3.0
300068,NARROWS AV/MACKAY PL,40.63658,-74.034621,36047003400,3.0
300071,BAY RIDGE AV/SHORE RD,40.63857,-74.035368,36047003400,3.0
300073,BAY RIDGE AV/COLONIAL RD,40.637191,-74.030921,36047003600,3.0
300074,BAY RIDGE AV/RIDGE BLVD,40.636379,-74.028312,36047006800,2.0
300075,BAY RIDGE AV/3 AV,40.635436,-74.02551,36047006800,2.0
300076,BAY RIDGE AV/4 AV,40.634412,-74.02321,36047013000,2.0
300077,BAY RIDGE AV/5 AV,40.633496,-74.02121,36047013000,2.0
300078,BAY RIDGE AV/6 AV,40.632161,-74.01833,36047013400,2.0
300079,BAY RIDGE AV/7 AV,40.631622,-74.017124,36047013400,2.0
300080,BAY RIDGE AV/7 AV,40.630779,-74.015733,36047013200,2.0
300082,BAY RIDGE AV/FORT HAMILTON PKWY,40.628414,-74.011816,36047020800,2.0
300084,BAY RIDGE AV/11 AV,40.626114,-74.008008,36047020800,2.0
300085,BAY RIDGE AV/12 AV,40.624783,-74.005803,36047019600,1.0
300086,BAY RIDGE AV/13 AV,40.623729,-74.004056,36047019600,1.0
300087,13 AV/71 ST,40.622354,-74.005403,36047019600,1.0
300088,13 AV/73 ST,40.621231,-74.006574,36047020000,2.0
300089,13 AV/BAY RIDGE PKWY,40.620062,-74.007784,36047020000,2.0
300090,13 AV/77 ST,40.618933,-74.008958,36047020000,2.0
300091,13 AV/79 ST,40.6178,-74.010143,36047014800,3.0
300092,13 AV/82 ST,40.616153,-74.011854,36047014800,3.0
300093,13 AV/85 ST,40.614506,-74.013568,36047014800,3.0
300094,86 ST/13 AV,40.613803,-74.013665,36047015400,
300095,86 ST/14 AV,40.612745,-74.011895,36047015400,
300096,86 ST/15 AV,40.611114,-74.00922,36047017200,3.0
300097,86 ST/16 AV,40.61009,-74.007517,36047017200,3.0
300098,86 ST/17 AV,40.608331,-74.004599,36047017800,2.0
300099,86 ST/18 AV,40.606983,-74.002384,36047027800,2.0
300100,86 ST/19 AV,40.605962,-74.000609,36047027800,2.0
300101,86 ST/20 AV,40.604609,-73.998365,36047028400,2.0
300102,86 ST/21 AV,40.603292,-73.996289,36047028800,1.0
300103,86 ST/BAY PKWY,40.601956,-73.994024,36047029000,1.0
300104,86 ST/23 AV,40.600576,-73.991795,36047029600,2.0
300105,86 ST/24 AV,40.599284,-73.989619,36047030000,2.0
300106,86 ST/25 AV,40.597916,-73.987365,36047030000,2.0
300107,86 ST/AVENUE U,40.595564,-73.983487,36047040200,1.0
300109,86 ST/AVENUE V,40.593719,-73.98043,36047038200,1.0
300110,86 ST/W 8 ST,40.592785,-73.978889,36047038200,1.0
300111,86 ST/AVENUE W,40.591702,-73.977019,36047038600,2.0
300113,AVENUE X/W 1 ST,40.590412,-73.970811,36047037402,3.0
300114,AVENUE X/E 1 ST,40.590625,-73.968888,36047037401,2.0
300115,AVENUE X/E 3 ST,40.590783,-73.967099,36047037401,2.0
300116,AVENUE X/OCEAN PKWY,40.590966,-73.965535,36047037401,2.0
300117,OCEAN PKWY/SHORE PKWY,40.584715,-73.966889,36047037401,2.0
300118,OCEAN PKWY/WEST AV,40.581609,-73.967352,36047035400,3.0
300119,OCEAN PKWY/NEPTUNE AV,40.58051,-73.967694,36047035601,2.0
300120,OCEAN PKWY/OCEAN VIEW AV,40.578153,-73.968242,36047035602,3.0
300122,BRIGHTON BEACH AV/BRIGHTON 1 PL,40.576643,-73.966356,36047036200,1.0
300123,BRIGHTON BEACH AV/BRIGHTON 3 ST,40.57701,-73.963782,36047036001,1.0
300124,BRIGHTON BEACH AV/BRIGHTON 6 ST,40.577504,-73.961553,36047036002,2.0
300126,BRIGHTON BEACH AV/BRIGHTON 12 ST,40.578158,-73.957712,36047061002,3.0
300127,BRIGHTON BEACH AV/BRIGHTON 14 ST,40.577484,-73.955349,36047061002,3.0
300128,CORBIN PL/BRIGHTON BEACH AV,40.577334,-73.953996,36047061002,3.0
300129,ORIENTAL BLVD/WEST END AV,40.576804,-73.953057,36047061002,3.0
300130,ORIENTAL BLVD/BEAUMONT ST,40.576998,-73.950519,36047061600,3.0
300131,ORIENTAL BLVD/DOVER ST,40.577176,-73.948788,36047061600,3.0
300132,ORIENTAL BLVD/OCEAN AV,40.577327,-73.947381,36047061600,3.0
300135,ORIENTAL BLVD/KENSINGTON ST,40.578066,-73.941234,36047061600,3.0
300136,ORIENTAL BLVD/MACKENZIE ST,40.578031,-73.939993,36047061600,3.0
300137,E 16 ST/QUENTIN RD,40.607383,-73.957178,36047055200,3.0
300138,E 16 ST/AVENUE R,40.605994,-73.956899,36047055200,3.0
300139,AVENUE R/E 18 ST,40.606033,-73.954997,36047055800,3.0
300140,AVENUE R/OCEAN AV,40.606262,-73.95289,36047056000,3.0
300143,AVENUE R/BEDFORD AV,40.606787,-73.9481,36047056200,3.0
300146,AVENUE R/NOSTRAND AV,40.607307,-73.943357,36047056400,3.0
300147,AVENUE R/GERRITSEN AV,40.60749,-73.941693,36047056400,3.0
300148,AVENUE R/STUART ST,40.608643,-73.941614,36047063800,3.0
300150,AVENUE R/E 31 ST,40.610568,-73.938621,36047063600,3.0
300151,AVENUE R/E 33 ST,40.611492,-73.937187,36047063600,3.0
300152,AVENUE R/E 35 ST,40.612411,-73.935767,36047065600,3.0
300153,AVENUE R/E 36 ST,40.612882,-73.935039,36047065600,3.0
300154,E 36 ST/FILLMORE AV,40.611424,-73.93333,36047065600,3.0
300155,E 36 ST/AVENUE S,40.609798,-73.931523,36047065800,3.0
300157,AVENUE S/RYDER ST,40.61104,-73.929213,36047066000,3.0
300158,AVENUE S/COLEMAN ST,40.611975,-73.927775,36047066200,3.0
300159,AVENUE S/FLATBUSH AV,40.612861,-73.926402,36047066200,3.0
300163,FLATBUSH AV/AVENUE T,40.611476,-73.92407,36047067000,2.0
300164,AVENUE S/FLATBUSH AV,40.612834,-73.926683,36047065200,3.0
300165,AVENUE S/KIMBALL ST,40.611723,-73.928427,36047065200,3.0
300166,AVENUE S/E 38 ST,40.610791,-73.929858,36047065400,3.0
300168,E 36 ST/FILLMORE AV,40.611333,-73.933006,36047065400,3.0
300169,E 36 ST/AVENUE R,40.612956,-73.934819,36047065600,3.0
300170,AVENUE R/E 34 ST,40.612172,-73.936405,36047065600,3.0
300171,AVENUE R/E 32 ST,40.611251,-73.937836,36047064000,3.0
300172,AVENUE R/MARINE PKWY,40.610316,-73.939273,36047064000,3.0
300173,AVENUE R/BURNETT ST,40.609328,-73.940801,36047064000,3.0
300174,AVENUE R/GERRITSEN AV,40.608404,-73.942236,36047064000,3.0
300175,AVENUE R/NOSTRAND AV,40.607452,-73.943023,36047056400,3.0
300178,AVENUE R/BEDFORD AV,40.606955,-73.947815,36047054800,3.0
300181,AVENUE R/OCEAN AV,40.60643,-73.952548,36047055000,2.0
300182,QUENTIN RD/E 19 ST,40.608692,-73.954826,36047055200,3.0
300183,QUENTIN RD/E 16 ST,40.60843,-73.957131,36047055200,3.0
300184,25 AV/HARWAY AV,40.593023,-73.992179,36047030400,2.0
300185,25 AV/BATH AV,40.594519,-73.990627,36047030200,2.0
300186,25 AV/BENSON AV,40.596462,-73.988603,36047030000,2.0
300187,25 AV/84 ST,40.598978,-73.985989,36047029800,2.0
300188,25 AV/86 ST,40.598202,-73.986799,36047029800,2.0
300189,STILLWELL AV/85 ST,40.597458,-73.985513,36047029800,2.0
300190,AVENUE U/W 12 ST,40.595808,-73.983231,36047040200,1.0
300191,AVENUE U/W 11 ST,40.595967,-73.981805,36047040200,1.0
300194,AVENUE U/W 5 ST,40.596597,-73.976079,36047039800,3.0
300195,AVENUE U/McDONALD AV,40.59689,-73.973433,36047039800,3.0
300196,AVENUE U/E 1 ST,40.597252,-73.970141,36047039600,3.0
300197,AVENUE U/E 4 ST,40.597556,-73.967379,36047039400,3.0
300198,AVENUE U/OCEAN PKWY,40.597723,-73.965874,36047039400,3.0
300199,AVENUE U/E 8 ST,40.598081,-73.962629,36047039200,3.0
300200,AVENUE U/CONEY ISLAND AV,40.5983,-73.960394,36047058200,2.0
300201,AVENUE U/E 13 ST,40.598604,-73.957872,36047058200,2.0
300203,AVENUE U/E 18 ST,40.599121,-73.953147,36047057800,2.0
300205,AVENUE U/E 23 ST,40.599673,-73.948116,36047057600,2.0
300206,AVENUE U/BEDFORD AV,40.599886,-73.946201,36047057600,2.0
300207,AVENUE U/E 28 ST,40.600189,-73.943409,36047057400,3.0
300208,AVENUE U/NOSTRAND AV,40.600372,-73.941954,36047057000,2.0
300209,AVENUE U/BROWN ST,40.600618,-73.939545,36047057000,2.0
300210,AVENUE U/FORD ST,40.600818,-73.937719,36047057000,2.0
300211,AVENUE U/BRAGG ST,40.600974,-73.936315,36047057000,2.0
300212,AVENUE U/GERRITSEN AV,40.601588,-73.935111,36047056800,3.0
300213,AVENUE U/BURNETT ST,40.602835,-73.933173,36047066600,
300214,AVENUE U/E 33 ST,40.60495,-73.9299,36047066600,
300215,AVENUE U/E 35 ST,40.606099,-73.92812,36047066600,
300216,AVENUE U/E 37 ST,40.606834,-73.926992,36047066600,
300218,AVENUE U/COLEMAN ST,40.608708,-73.924165,36047066200,3.0
300219,AVENUE U/HENDRICKSON ST,40.609418,-73.92304,36047066200,3.0
300220,AVENUE U/FLATBUSH AV,40.610106,-73.921794,36047069800,3.0
300222,AVENUE U/E 56 ST,40.612257,-73.918627,36047069800,3.0
300223,AVENUE U/E 57 ST,40.613232,-73.917202,36047069800,3.0
300224,AVENUE U/E 59 ST,40.614158,-73.915782,36047069800,3.0
300225,AVENUE U/MILL AV,40.615353,-73.913968,36047069800,3.0
300226,AVENUE U/E 64 ST,40.61652,-73.912034,36047069800,3.0
300227,AVENUE U/E 66 ST,40.617184,-73.911013,36047070201,3.0
300228,AVENUE U/E 69 ST,40.619048,-73.908507,36047070000,3.0
300229,AVENUE U/E 71 ST,40.61988,-73.907262,36047070000,3.0
300240,AVENUE U/E 71 ST,40.619674,-73.90784,36047070000,3.0
300241,AVENUE U/E 69 ST,40.619027,-73.908839,36047070000,3.0
300242,AVENUE U/E 66 ST,40.617192,-73.911319,36047069602,3.0
300244,AVENUE U/MILL AV,40.615236,-73.914287,36047068600,3.0
300245,AVENUE U/E 59 ST,40.613836,-73.916446,36047068600,3.0
300246,AVENUE U/E 57 ST,40.612863,-73.917909,36047068600,3.0
300247,AVENUE U/E 56 ST,40.611915,-73.919338,36047067000,2.0
300249,AVENUE U/FLATBUSH AV,40.610026,-73.922318,36047067000,2.0
300250,AVENUE U/HENDRICKSON ST,40.609332,-73.923321,36047066200,3.0
300251,AVENUE U/KIMBALL ST,40.608205,-73.925176,36047066000,3.0
300252,AVENUE U/E 37 ST,40.606823,-73.927309,36047066000,3.0
300253,AVENUE U/E 35 ST,40.605863,-73.928798,36047065800,3.0
300254,AVENUE U/E 33 ST,40.60492,-73.930246,36047066600,
300255,AVENUE U/STUART ST,40.602324,-73.93416,36047066600,
300256,AVENUE U/GERRITSEN AV,40.601558,-73.935453,36047056800,3.0
300257,AVENUE U/COYLE ST,40.600966,-73.937589,36047056800,3.0
300258,AVENUE U/BATCHELDER ST,40.600756,-73.939487,36047056600,2.0
300259,AVENUE U/NOSTRAND AV,40.600492,-73.941683,36047056600,2.0
300260,AVENUE U/E 27 ST,40.60013,-73.945188,36047057400,3.0
300261,AVENUE U/BEDFORD AV,40.599919,-73.947094,36047057600,2.0
300262,AVENUE U/E 23 ST,40.599714,-73.948955,36047057600,2.0
300263,AVENUE U/OCEAN AV,40.599392,-73.951901,36047057800,2.0
300264,AVENUE U/E 18 ST,40.599168,-73.953925,36047058000,2.0
300265,AVENUE U/E 16 ST,40.598941,-73.955956,36047058000,2.0
300266,AVENUE U/E 13 ST,40.598651,-73.958664,36047058200,2.0
300267,AVENUE U/CONEY ISLAND AV,40.598317,-73.961653,36047039400,3.0
300268,AVENUE U/E 8 ST,40.59812,-73.963443,36047039400,3.0
300270,AVENUE U/E 5 ST,40.597712,-73.967156,36047039400,3.0
300271,AVENUE U/E 2 ST,40.597389,-73.970098,36047039600,3.0
300273,AVENUE U/McDONALD AV,40.597063,-73.97304,36047040000,2.0
300274,AVENUE U/VAN SICKLEN ST,40.596855,-73.974924,36047040000,2.0
300275,AVENUE U/W 5 ST,40.596633,-73.976904,36047040000,2.0
300276,AVENUE U/W 8 ST,40.59637,-73.979331,36047040000,2.0
300277,AVENUE U/W 10 ST,40.596109,-73.981686,36047040200,1.0
300278,AVENUE U/W 12 ST,40.595904,-73.983555,36047040200,1.0
300280,25 AV/86 ST,40.597678,-73.987555,36047030000,2.0
300281,25 AV/BENSON AV,40.595998,-73.989302,36047030200,2.0
300282,25 AV/BATH AV,40.594115,-73.991268,36047030400,2.0
300283,25 AV/HARWAY AV,40.592836,-73.992519,36047030400,2.0
300284,NARROWS AV/77 ST,40.631834,-74.036377,36047004400,3.0
300285,77 ST/COLONIAL RD,40.63116,-74.033383,36047004400,3.0
300286,77 ST/RIDGE BLVD,40.630524,-74.030709,36047006400,3.0
300287,77 ST/3 AV,40.630003,-74.028522,36047006400,3.0
300288,4 AV/77 ST,40.629658,-74.025431,36047013600,2.0
300289,BAY RIDGE PKWY/4 AV,40.630627,-74.024689,36047013400,2.0
300290,BAY RIDGE PKWY/5 AV,40.629496,-74.022812,36047013400,2.0
300291,BAY RIDGE PKWY/6 AV,40.627826,-74.019971,36047013400,2.0
300292,BAY RIDGE PKWY/7 AV,40.627089,-74.018766,36047013400,2.0
300293,BAY RIDGE PKWY/FORT HAMILTON PKWY,40.625839,-74.016671,36047013200,2.0
300294,BAY RIDGE PKWY/10 AV,40.624119,-74.01381,36047020400,3.0
300295,BAY RIDGE PKWY/11 AV,40.622762,-74.011573,36047020200,3.0
300296,BAY RIDGE PKWY/12 AV,40.621423,-74.009357,36047020000,2.0
300297,BAY RIDGE PKWY/13 AV,40.620352,-74.007586,36047020000,2.0
300298,BAY RIDGE PKWY/14 AV,40.618789,-74.004966,36047018800,2.0
300299,BAY RIDGE PKWY/15 AV,40.617684,-74.003181,36047018800,2.0
300300,BAY RIDGE PKWY/NEW UTRECHT AV,40.615549,-73.999603,36047026400,1.0
300301,BAY RIDGE PKWY/17 AV,40.614605,-73.998051,36047026400,1.0
300302,BAY RIDGE PKWY/18 AV,40.613434,-73.996128,36047026400,1.0
300303,BAY RIDGE PKWY/19 AV,40.611947,-73.993655,36047026800,2.0
300304,BAY RIDGE PKWY/20 AV,40.610635,-73.99149,36047026800,2.0
300305,BAY RIDGE PKWY/21 AV,40.609334,-73.989308,36047026800,2.0
300306,STILLWELL AV/BAY PKWY,40.607636,-73.987424,36047043000,1.0
300307,STILLWELL AV/KINGS HWY,40.606167,-73.987168,36047042800,3.0
300308,STILLWELL AV/23 AV,40.604646,-73.986877,36047029800,2.0
300309,STILLWELL AV/80 ST,40.602772,-73.986532,36047029800,2.0
300310,STILLWELL AV/82 ST,40.60071,-73.986132,36047029800,2.0
300311,STILLWELL AV/25 AV,40.599338,-73.985866,36047029800,2.0
300319,SHELL RD/AVENUE Y,40.58764,-73.974415,36047030800,3.0
300320,AVENUE Z/SHELL RD,40.585738,-73.973945,36047037402,3.0
300322,AVENUE Z/WEST ST,40.586228,-73.969541,36047037402,3.0
300323,AVENUE Z/OCEAN PKWY,40.586549,-73.966596,36047037401,2.0
300326,NEPTUNE AV/OCEAN PKWY,40.580395,-73.966949,36047036400,2.0
300328,NEPTUNE AV/BRIGHTON 6 ST,40.581349,-73.962444,36047036400,2.0
300329,NEPTUNE AV/CONEY ISLAND AV,40.581974,-73.959499,36047061003,1.0
300332,SHEEPSHEAD BAY RD/EMMONS AV,40.584161,-73.950714,36047060800,3.0
300334,VOORHIES AV/E 14 ST,40.585677,-73.95473,36047060600,3.0
300335,E 14 ST/SHEEPSHEAD BAY RD,40.587519,-73.955125,36047060600,3.0
300338,AVENUE Z/E 19 ST,40.58836,-73.950134,36047060000,3.0
300339,OCEAN AV/VOORHIES AV,40.586611,-73.948857,36047060000,3.0
300347,NOSTRAND AV/SHORE PKWY,40.585898,-73.939036,36047062200,2.0
300350,KNAPP ST/HARKNESS AV,40.58644,-73.93159,36047059800,2.0
300351,KNAPP ST/SHORE PKWY,40.585035,-73.931329,36047062200,2.0
300356,EMMONS AV/E 28 ST,40.583934,-73.941083,36047060800,3.0
300357,EMMONS AV/E 26 ST,40.583795,-73.942948,36047060800,3.0
300358,EMMONS AV/DOOLEY ST,40.583818,-73.945198,36047060800,3.0
300361,AVENUE Z/OCEAN AV,40.58853,-73.949817,36047059200,2.0
300362,AVENUE Z/E 18 ST,40.5883,-73.95188,36047059200,2.0
300363,E 16 ST/SHEEPSHEAD BAY RD,40.587307,-73.953339,36047059000,2.0
300364,SHEEPSHEAD BAY RD/VOORHIES AV,40.585419,-73.951591,36047060600,3.0
300366,SHEEPSHEAD BAY RD/EMMONS AV,40.583619,-73.950517,36047060800,3.0
300368,EMMONS AV/E 14 ST,40.583077,-73.95458,36047060800,3.0
300369,NEPTUNE AV/E 12 ST,40.582484,-73.957604,36047061003,1.0
300370,NEPTUNE AV/CONEY ISLAND AV,40.581873,-73.960418,36047036600,1.0
300372,NEPTUNE AV/BRIGHTON 6 ST,40.581281,-73.963246,36047036600,1.0
300373,NEPTUNE AV/BRIGHTON 4 ST,40.580928,-73.964947,36047036600,1.0
300374,NEPTUNE AV/OCEAN PKWY,40.580502,-73.96715,36047036600,1.0
300377,AVENUE Z/OCEAN PKWY,40.586618,-73.966815,36047037401,2.0
300378,AVENUE Z/WEST ST,40.586331,-73.969315,36047037401,2.0
300379,AVENUE Z/W 2 ST,40.586131,-73.971148,36047037402,3.0
300380,AVENUE Z/SHELL RD,40.585808,-73.974196,36047037402,3.0
300381,SHELL RD/BOUCK CT,40.588948,-73.974098,36047037402,3.0
300388,STILLWELL AV/AVENUE S,40.600653,-73.985898,36047040400,2.0
300389,STILLWELL AV/HIGHLAWN AV,40.602964,-73.986333,36047040400,2.0
300390,STILLWELL AV/QUENTIN RD,40.60499,-73.986718,36047040400,2.0
300391,STILLWELL AV/KINGS HWY,40.605876,-73.98688,36047040400,2.0
300393,BAY RIDGE PKWY/BAY PKWY,40.608429,-73.987625,36047026800,2.0
300394,BAY RIDGE PKWY/21 AV,40.609747,-73.989859,36047026800,2.0
300395,BAY RIDGE PKWY/20 AV,40.611059,-73.992054,36047026800,2.0
300396,BAY RIDGE PKWY/19 AV,40.612406,-73.99427,36047027400,3.0
300397,BAY RIDGE PKWY/18 AV,40.613332,-73.995824,36047027400,3.0
300398,BAY RIDGE PKWY/17 AV,40.615061,-73.998672,36047026400,1.0
300399,BAY RIDGE PKWY/NEW UTRECHT AV,40.61605,-74.000319,36047018800,2.0
300400,BAY RIDGE PKWY/15 AV,40.617884,-74.003335,36047018800,2.0
300401,BAY RIDGE PKWY/14 AV,40.619186,-74.005498,36047019800,2.0
300402,BAY RIDGE PKWY/13 AV,40.620249,-74.007285,36047019800,2.0
300403,BAY RIDGE PKWY/12 AV,40.621574,-74.009499,36047020000,2.0
300404,BAY RIDGE PKWY/11 AV,40.623164,-74.012115,36047020400,3.0
300405,BAY RIDGE PKWY/10 AV,40.624474,-74.014292,36047020600,3.0
300406,BAY RIDGE PKWY/FORT HAMILTON PKWY,40.625722,-74.016365,36047020600,3.0
300407,BAY RIDGE PKWY/7 AV,40.626579,-74.017763,36047013200,2.0
300408,BAY RIDGE PKWY/6 AV,40.628223,-74.020518,36047013400,2.0
300409,BAY RIDGE PKWY/5 AV,40.629463,-74.022455,36047013400,2.0
300410,4 AV/BAY RIDGE PKWY,40.630536,-74.025309,36047006600,2.0
300411,4 AV/77 ST,40.62957,-74.025708,36047006400,3.0
300412,78 ST/4 AV,40.628785,-74.026335,36047006400,3.0
300413,78 ST/3 AV,40.629297,-74.028504,36047006400,3.0
300414,78 ST/RIDGE BLVD,40.630068,-74.031736,36047004400,3.0
300415,78 ST/COLONIAL RD,40.630687,-74.034366,36047004400,3.0
300418,CROPSEY AV/BAY 49 ST,40.586092,-73.987889,36047031401,3.0
300419,CROPSEY AV/BAY 46 ST,40.588211,-73.989591,36047031401,3.0
300420,CROPSEY AV/BAY 44 ST,40.58941,-73.990563,36047031401,3.0
300421,CROPSEY AV/26 AV,40.590742,-73.99164,36047030400,2.0
300422,CROPSEY AV/25 AV,40.592279,-73.992878,36047030400,2.0
300424,CROPSEY AV/23 AV,40.59596,-73.99691,36047029400,1.0
300427,BAY PKWY/BATH AV,40.598406,-73.997389,36047029400,1.0
300428,BAY PKWY/BENSON AV,40.600434,-73.995232,36047029600,2.0
300429,BAY PKWY/86 ST,40.602335,-73.993317,36047029600,2.0
300432,BAY PKWY/78 ST,40.606366,-73.989185,36047027000,3.0
300433,KINGS HWY/STILLWELL AV,40.605901,-73.986599,36047040400,2.0
300434,KINGS HWY/W 11 ST,40.605566,-73.984352,36047042800,3.0
300437,KINGS HWY/W 5 ST,40.604796,-73.977704,36047042400,2.0
300438,KINGS HWY/W 3 ST,40.604593,-73.976322,36047042400,2.0
300440,KINGS HWY/MCDONALD AV,40.604153,-73.972421,36047041200,2.0
300441,KINGS HWY/E 3 ST,40.604424,-73.969576,36047041402,2.0
300442,KINGS HWY/OCEAN PKWY,40.605439,-73.967361,36047041402,2.0
300443,KINGS HWY/E 7 ST,40.606182,-73.965268,36047041800,3.0
300445,KINGS HWY/CONEY ISLAND AV,40.607467,-73.961376,36047055400,2.0
300446,KINGS HWY/E 13 ST,40.607908,-73.960227,36047055400,2.0
300447,KINGS HWY/E 16 ST,40.608965,-73.95758,36047055200,3.0
300448,KINGS HWY/E 18 ST,40.61001,-73.955222,36047055200,3.0
300449,KINGS HWY/OCEAN AV,40.61054,-73.953732,36047055000,2.0
300450,KINGS HWY/E 22 ST,40.611336,-73.951181,36047054600,2.0
300451,KINGS HWY/BEDFORD AV,40.612831,-73.949277,36047054800,3.0
300452,KINGS HWY/E 27 ST,40.614047,-73.947586,36047064200,3.0
300455,KINGS HWY/AVENUE N,40.617286,-73.943444,36047064400,2.0
300464,KINGS HWY/AVENUE N,40.617502,-73.943347,36047074600,3.0
300465,KINGS HWY/NOSTRAND AV,40.616201,-73.944651,36047074600,3.0
300469,KINGS HWY/E 22 ST,40.61136,-73.951457,36047054600,2.0
300470,AVENUE P/OCEAN AV,40.610932,-73.954068,36047054600,2.0
300471,E 18 ST/AVENUE P,40.61034,-73.955736,36047055200,3.0
300472,KINGS HWY/E 16 ST,40.608974,-73.957913,36047055200,3.0
300473,KINGS HWY/E 13 ST,40.608115,-73.95995,36047055400,2.0
300474,KINGS HWY/CONEY ISLAND AV,40.607249,-73.962372,36047042000,3.0
300475,KINGS HWY/E 8 ST,40.606374,-73.965124,36047041800,3.0
300476,KINGS HWY/OCEAN PKWY,40.605847,-73.966597,36047041800,3.0
300477,KINGS HWY/E 4 ST,40.604569,-73.969493,36047042200,2.0
300478,KINGS HWY/McDONALD AV,40.604265,-73.971906,36047042200,2.0
300480,KINGS HWY/W 2 ST,40.604628,-73.975529,36047041200,2.0
300481,KINGS HWY/W 4 ST,40.604821,-73.97698,36047042400,2.0
300482,KINGS HWY/W 6 ST,40.605104,-73.978896,36047042600,2.0
300486,KINGS HWY/STILLWELL AV,40.606014,-73.986733,36047042800,3.0
300488,BAY PKWY/79 ST,40.605937,-73.989707,36047027000,3.0
300489,BAY PKWY/80 ST,40.605152,-73.990615,36047027000,3.0
300490,BAY PKWY/83 ST,40.603469,-73.992365,36047029000,1.0
300491,BAY PKWY/86 ST,40.602119,-73.993777,36047029000,1.0
300492,BAY PKWY/BENSON AV,40.600058,-73.99592,36047029200,1.0
300493,BAY PKWY/BATH AV,40.598676,-73.997292,36047029200,1.0
300495,CROPSEY AV/BAY PKWY,40.596918,-73.998484,36047029400,1.0
300496,CROPSEY AV/23 AV,40.595889,-73.997256,36047029400,1.0
300497,CROPSEY AV/24 AV,40.593924,-73.994851,36047030400,2.0
300499,CROPSEY AV/25 AV,40.59198,-73.993018,36047030400,2.0
300500,CROPSEY AV/26 AV,40.590053,-73.991456,36047031401,3.0
300501,CROPSEY AV/BAY 44 ST,40.588727,-73.99039,36047031401,3.0
300502,CROPSEY AV/BAY 46 ST,40.587574,-73.989465,36047031401,3.0
300503,CROPSEY AV/BAY 49 ST,40.58599,-73.988187,36047031401,3.0
300515,BAY PKWY/STILLWELL AV,40.607852,-73.987517,36047043000,1.0
300516,BAY PKWY/W 12 ST,40.609801,-73.985496,36047043000,1.0
300517,BAY PKWY/W 10 ST,40.611412,-73.983821,36047043000,1.0
300519,BAY PKWY/64 ST,40.614634,-73.980467,36047043600,2.0
300520,BAY PKWY/62 ST,40.61574,-73.979307,36047044600,3.0
300521,BAY PKWY/60 ST,40.616625,-73.978441,36047044600,3.0
300522,BAY PKWY/McDONALD AV,40.621242,-73.97486,36047045000,3.0
300523,BAY PKWY/E 3 ST,40.622677,-73.973513,36047045000,3.0
300524,AVENUE J/E 5 ST,40.624,-73.971516,36047045000,3.0
300525,AVENUE J/OCEAN PKWY,40.624186,-73.969805,36047045200,3.0
300526,AVENUE J/E 8 ST,40.62443,-73.967629,36047045800,3.0
300527,AVENUE J/CONEY ISLAND AV,40.624756,-73.964675,36047053400,3.0
300529,AVENUE J/E 16 ST,40.625207,-73.960572,36047053200,2.0
300530,AVENUE J/E 18 ST,40.62547,-73.958147,36047076200,1.0
300532,AVENUE J/E 22 ST,40.625918,-73.954054,36047075200,3.0
300534,BEDFORD AV/AVENUE J,40.626549,-73.951586,36047075200,3.0
300535,BEDFORD AV/AVENUE I,40.628783,-73.951952,36047077200,2.0
300536,BEDFORD AV/CAMPUS RD,40.632483,-73.952713,36047077200,2.0
300538,GLENWOOD RD/BEDFORD AV,40.633378,-73.952817,36047077200,2.0
300540,GLENWOOD RD/FLATBUSH AV,40.634365,-73.949541,36047077400,1.0
300541,GLENWOOD RD/NOSTRAND AV,40.633953,-73.947823,36047078601,1.0
300542,GLENWOOD RD/E 32 ST,40.634075,-73.945488,36047078602,1.0
300543,GLENWOOD RD/E 34 ST,40.634192,-73.94359,36047078400,2.0
300544,GLENWOOD RD/BROOKLYN AV,40.634312,-73.941658,36047078400,2.0
300545,GLENWOOD RD/E 38 ST,40.634432,-73.939702,36047078000,2.0
300547,AVENUE H/ALBANY AV,40.63227,-73.936587,36047072600,2.0
300548,AVENUE H/E 43 ST,40.632384,-73.934728,36047072600,2.0
300549,AVENUE H/E 45 ST,40.632504,-73.932801,36047072600,2.0
300550,AVENUE H/E 48 ST,40.632656,-73.930408,36047072600,2.0
300551,AVENUE H/UTICA AV,40.632745,-73.928556,36047072200,3.0
300552,AVENUE H/E 52 ST,40.632928,-73.92598,36047072200,3.0
300553,AVENUE H/E 54 ST,40.633044,-73.924124,36047072200,3.0
300557,RALPH AV/FARRAGUT RD,40.636984,-73.919226,36047094402,1.0
300559,RALPH AV/GLENWOOD RD,40.633991,-73.918924,36047072200,3.0
300560,FLATLANDS AV/RALPH AV,40.632435,-73.917964,36047099800,2.0
300563,FLATLANDS AV/E 80 ST,40.635669,-73.912833,36047095600,2.0
300564,FLATLANDS AV/E 82 ST,40.636307,-73.911845,36047095600,2.0
300565,FLATLANDS AV/E 84 ST,40.637481,-73.910039,36047095600,2.0
300566,FLATLANDS AV/E 86 ST,40.638457,-73.90852,36047095600,2.0
300567,FLATLANDS AV/E 88 ST,40.6394,-73.907063,36047096600,2.0
300568,FLATLANDS AV/REMSEN AV,40.640161,-73.906024,36047096600,2.0
300569,FLATLANDS AV/E 92 ST,40.641223,-73.90424,36047096600,2.0
300570,FLATLANDS AV/E 94 ST,40.642232,-73.902689,36047096600,2.0
300578,GLENWOOD RD/E 103 ST,40.648241,-73.897469,36047098200,1.0
300579,GLENWOOD RD/E 105 ST,40.649199,-73.89599,36047098200,1.0
300580,GLENWOOD RD/E 108 ST,40.650551,-73.893811,36047098200,1.0
300582,COZINE AV/ALABAMA AV,40.653155,-73.889392,36047110400,1.0
300584,WORTMAN AV/PENNSYLVANIA AV,40.655651,-73.887872,36047110400,1.0
300585,WORTMAN AV/VERMONT ST,40.656348,-73.886291,36047110600,1.0
300587,WORTMAN AV/SCHENCK AV,40.658398,-73.881415,36047107800,2.0
300588,WORTMAN AV/JEROME ST,40.659099,-73.879784,36047107800,2.0
300590,COZINE AV/ASHFORD ST,40.658229,-73.878016,36047107800,2.0
300591,COZINE AV/JEROME ST,40.657591,-73.879502,36047107800,2.0
300595,COZINE AV/PENNSYLVANIA AV,40.654012,-73.887765,36047110400,1.0
300596,COZINE AV/ALABAMA AV,40.652974,-73.890175,36047110400,1.0
300602,FLATLANDS AV/E 101 ST,40.645385,-73.898091,36047097400,1.0
300608,FLATLANDS AV/E 94 ST,40.642084,-73.903226,36047096800,2.0
300609,FLATLANDS AV/E 92 ST,40.641064,-73.904852,36047096400,1.0
300610,FLATLANDS AV/REMSEN AV,40.640398,-73.905913,36047096400,1.0
300611,FLATLANDS AV/E 88 ST,40.639151,-73.907846,36047095800,1.0
300612,FLATLANDS AV/E 86 ST,40.638208,-73.909295,36047095800,1.0
300613,FLATLANDS AV/E 84 ST,40.637259,-73.91077,36047095400,2.0
300614,FLATLANDS AV/E 82 ST,40.63633,-73.912123,36047095400,2.0
300615,FLATLANDS AV/E 80 ST,40.635345,-73.91372,36047095000,2.0
300617,FLATLANDS AV/E 76 ST,40.63355,-73.916374,36047095000,2.0
300618,FLATLANDS AV/RALPH AV,40.632236,-73.918456,36047095000,2.0
300619,GLENWOOD RD/RALPH AV,40.634263,-73.919349,36047094402,1.0
300620,GLENWOOD RD/E 58 ST,40.633443,-73.920618,36047094402,1.0
300621,AVENUE H/E 56 ST,40.633241,-73.923033,36047072400,1.0
300622,AVENUE H/E 54 ST,40.633133,-73.924816,36047072400,1.0
300623,AVENUE H/E 52 ST,40.633008,-73.926845,36047072400,1.0
300624,AVENUE H/UTICA AV,40.632921,-73.928199,36047072400,1.0
300626,AVENUE H/SCHENECTADY AV,40.632701,-73.931741,36047072600,2.0
300627,AVENUE H/E 45 ST,40.632586,-73.933582,36047072600,2.0
300628,AVENUE H/E 43 ST,40.632467,-73.935481,36047072600,2.0
300629,AVENUE H/ALBANY AV,40.632371,-73.936901,36047072600,2.0
300630,GLENWOOD RD/ALBANY AV,40.634699,-73.937435,36047078000,2.0
300631,GLENWOOD RD/E 39 ST,40.634577,-73.93955,36047078000,2.0
300632,GLENWOOD RD/E 37 ST,40.634454,-73.94142,36047078400,2.0
300633,GLENWOOD RD/E 35 ST,40.634335,-73.943308,36047078400,2.0
300634,GLENWOOD RD/NEW YORK AV,40.634215,-73.945305,36047078602,1.0
300635,GLENWOOD RD/NOSTRAND AV,40.634055,-73.947662,36047078602,1.0
300636,GLENWOOD RD/FLATBUSH AV,40.634494,-73.949624,36047077000,2.0
300637,GLENWOOD RD/AMERSFORT PL,40.633685,-73.951228,36047077000,2.0
300638,BEDFORD AV/GLENWOOD RD,40.633085,-73.953001,36047077200,2.0
300640,BEDFORD AV/AVENUE I,40.628336,-73.952097,36047075200,3.0
300641,BEDFORD AV/AVENUE J,40.626359,-73.951727,36047075200,3.0
300652,BAY PKWY/E 3 ST,40.623052,-73.973344,36047045000,3.0
300653,BAY PKWY/McDONALD AV,40.620765,-73.97541,36047046800,3.0
300654,BAY PKWY/60 ST,40.616814,-73.978399,36047024600,2.0
300655,BAY PKWY/61 ST,40.615943,-73.979394,36047024600,2.0
300656,BAY PKWY/63 ST,40.61481,-73.980564,36047025400,1.0
300657,BAY PKWY/65 ST,40.613662,-73.981764,36047025600,2.0
300658,BAY PKWY/67 ST,40.612491,-73.982982,36047025600,2.0
300659,BAY PKWY/BAY RIDGE AV,40.611363,-73.984156,36047025800,1.0
300660,BAY PKWY/71 ST,40.610265,-73.985298,36047026600,2.0
300662,BAY PKWY/BAY RIDGE PKWY,40.608322,-73.987319,36047026800,2.0
300663,BAY PKWY/77 ST,40.606807,-73.988897,36047027000,3.0
300671,SHORE PKWY/BAY PKWY,40.595583,-74.000051,36047029400,1.0
300682,KINGS HWY/TROY AV,40.625514,-73.93357,36047073600,2.0
300683,KINGS HWY/AVENUE J,40.627748,-73.932408,36047073200,3.0
300684,KINGS HWY/AVENUE I,40.630112,-73.932493,36047073200,3.0
300685,KINGS HWY/SCHENECTADY AV,40.631186,-73.931311,36047072600,2.0
300687,KINGS HWY/UTICA AV,40.633852,-73.928686,36047072400,1.0
300688,KINGS HWY/GLENWOOD RD,40.635173,-73.927414,36047072400,1.0
300690,KINGS HWY/FOSTER AV,40.639847,-73.925736,36047094401,2.0
300691,KINGS HWY/AVENUE D,40.642247,-73.925316,36047094401,2.0
300692,KINGS HWY/CLARENDON RD,40.64454,-73.924912,36047094600,2.0
300693,KINGS HWY/BEVERLY RD,40.646508,-73.924541,36047094600,2.0
300694,KINGS HWY/TILDEN AV,40.648349,-73.924223,36047094600,2.0
300695,KINGS HWY/SNYDER AV,40.650358,-73.923566,36047093800,2.0
300696,KINGS HWY/CHURCH AV,40.65226,-73.922863,36047093600,1.0
300697,KINGS HWY/REMSEN AV,40.654987,-73.92166,36047088600,2.0
300698,KINGS HWY/LINDEN BLVD,40.654162,-73.921981,36047086400,1.0
300701,LENOX RD/E 95 ST,40.658558,-73.919642,36047088600,2.0
300702,LENOX RD/ROCKAWAY PKWY,40.659694,-73.917875,36047089000,1.0
300703,RIVERDALE AV/E 98 ST,40.659785,-73.916538,36047089400,1.0
300705,SARATOGA AV/LIVONIA AV,40.661891,-73.915519,36047089800,1.0
300706,SARATOGA AV/DUMONT AV,40.663424,-73.915916,36047089800,1.0
300707,SARATOGA AV/BLAKE AV,40.664923,-73.9163,36047090200,1.0
300708,SARATOGA AV/SUTTER AV,40.666456,-73.916681,36047090200,1.0
300712,THOMAS S BOYLAND ST/EASTERN PKWY,40.671746,-73.91408,36047036300,1.0
300713,THOMAS S BOYLAND ST/SAINT MARKS AV,40.67352,-73.913929,36047036501,1.0
300714,THOMAS S BOYLAND ST/DEAN ST,40.675255,-73.913774,36047036501,1.0
300715,THOMAS S BOYLAND ST/ATLANTIC AV,40.676804,-73.913608,36047030100,2.0
300716,THOMAS S BOYLAND ST/FULTON ST,40.678306,-73.913515,36047030100,2.0
300717,THOMAS S BOYLAND ST/MACDOUGAL ST,40.680249,-73.913901,36047037100,2.0
300718,THOMAS S BOYLAND ST/MARION ST,40.681762,-73.914198,36047037100,2.0
300719,THOMAS S BOYLAND ST/BAINBRIDGE ST,40.683126,-73.914485,36047037300,1.0
300733,BROADWAY/HALSEY ST,40.685949,-73.915792,36047040100,1.0
300735,SARATOGA AV/HALSEY ST,40.685581,-73.917794,36047037700,2.0
300736,SARATOGA AV/MACDONOUGH ST,40.68384,-73.917422,36047037700,2.0
300737,SARATOGA AV/BAINBRIDGE ST,40.682281,-73.917127,36047037900,1.0
300738,SARATOGA AV/MARION ST,40.680823,-73.916806,36047037900,1.0
300740,SARATOGA AV/FULTON ST,40.678683,-73.916364,36047037900,1.0
300741,SARATOGA AV/ATLANTIC AV,40.676301,-73.91655,36047030300,1.0
300742,SARATOGA AV/DEAN ST,40.674753,-73.916696,36047030300,1.0
300743,SARATOGA AV/SAINT MARKS AV,40.673073,-73.916857,36047036300,1.0
300744,SARATOGA AV/PARK PL,40.671313,-73.917033,36047036300,1.0
300748,SARATOGA AV/SUTTER AV,40.665897,-73.916651,36047090000,1.0
300749,SARATOGA AV/BLAKE AV,40.664381,-73.916275,36047089400,1.0
300750,SARATOGA AV/DUMONT AV,40.662788,-73.915859,36047089400,1.0
300751,SARATOGA AV/LIVONIA AV,40.661247,-73.915462,36047089400,1.0
300753,RIVERDALE AV/LEGION ST,40.659874,-73.916427,36047089400,1.0
300754,LENOX RD/E 98 ST,40.659872,-73.917761,36047089000,1.0
300755,LENOX RD/ROCKAWAY PKWY,40.659264,-73.918693,36047089000,1.0
300757,KINGS HWY/E 94 ST,40.658165,-73.92073,36047088600,2.0
300758,KINGS HWY/E 92 ST,40.65604,-73.921512,36047088600,2.0
300759,KINGS HWY/REMSEN AV,40.654936,-73.922074,36047088600,2.0
300760,KINGS HWY/LINDEN BLVD,40.65399,-73.922466,36047086400,1.0
300761,KINGS HWY/CHURCH AV,40.652613,-73.923007,36047086400,1.0
300762,KINGS HWY/SNYDER AV,40.650701,-73.923737,36047093800,2.0
300763,KINGS HWY/TILDEN AV,40.648142,-73.924361,36047094600,2.0
300764,KINGS HWY/BEVERLY RD,40.646798,-73.92459,36047094600,2.0
300765,KINGS HWY/CLARENDON RD,40.644852,-73.924957,36047094600,2.0
300766,KINGS HWY/AVENUE D,40.642517,-73.92538,36047094600,2.0
300767,KINGS HWY/FOSTER AV,40.64015,-73.925779,36047084600,2.0
300769,KINGS HWY/GLENWOOD RD,40.635362,-73.927397,36047093200,1.0
300770,KINGS HWY/UTICA AV,40.634364,-73.928319,36047072400,1.0
300771,KINGS HWY/AVENUE H,40.632863,-73.929791,36047072400,1.0
300772,KINGS HWY/SCHENECTADY AV,40.631618,-73.930996,36047072600,2.0
300773,KINGS HWY/AVENUE I,40.630323,-73.932419,36047072600,2.0
300774,KINGS HWY/AVENUE J,40.628024,-73.932551,36047073200,3.0
300790,CROPSEY AV/15 AV,40.606253,-74.014512,36047016800,3.0
300791,CROPSEY AV/16 AV,40.60502,-74.012147,36047017400,3.0
300792,CROPSEY AV/17 AV,40.603645,-74.009511,36047017600,3.0
300794,18 AV/BATH AV,40.603758,-74.006201,36047028000,3.0
300795,18 AV/BENSON AV,40.605339,-74.004548,36047027800,2.0
300796,18 AV/86 ST,40.607126,-74.002697,36047027800,2.0
300797,18 AV/85 ST,40.60771,-74.001974,36047027800,2.0
300798,18 AV/84 ST,40.608515,-74.000972,36047027800,2.0
300799,18 AV/81 ST,40.610167,-73.999132,36047027600,2.0
300800,18 AV/79 ST,40.611284,-73.998008,36047027400,3.0
300801,18 AV/77 ST,40.612404,-73.99687,36047027400,3.0
300802,18 AV/BAY RIDGE PKWY,40.613623,-73.99562,36047027400,3.0
300803,18 AV/72 ST,40.615327,-73.993898,36047026600,2.0
300804,18 AV/70 ST,40.616444,-73.992778,36047026000,2.0
300805,18 AV/68 ST,40.617578,-73.991629,36047026000,2.0
300806,18 AV/66 ST,40.618717,-73.990476,36047025200,2.0
300807,18 AV/64 ST,40.619927,-73.989251,36047024800,3.0
300808,18 AV/62 ST,40.62106,-73.988109,36047024800,3.0
300809,18 AV/60 ST,40.621884,-73.987273,36047024400,2.0
300811,18 AV/55 ST,40.625092,-73.984077,36047047000,3.0
300812,18 AV/53 ST,40.62622,-73.982953,36047047200,3.0
300814,18 AV/50 ST,40.62793,-73.981252,36047047400,3.0
300816,18 AV/47 ST,40.629557,-73.979501,36047047600,3.0
300817,18 AV/McDONALD AV,40.63058,-73.977328,36047047600,3.0
300818,18 AV/E 3 ST,40.631799,-73.974755,36047048000,2.0
300819,18 AV/OCEAN PKWY,40.632858,-73.972514,36047048000,2.0
300820,18 AV/E 8 ST,40.634276,-73.969538,36047048200,2.0
300821,CONEY ISLAND AV/18 AV,40.634887,-73.967667,36047048200,2.0
300822,CONEY ISLAND AV/NEWKIRK AV,40.633378,-73.967229,36047048200,2.0
300823,FOSTER AV/CONEY ISLAND AV,40.632406,-73.96639,36047046000,2.0
300824,FOSTER AV/ARGYLE RD,40.633338,-73.964444,36047046000,2.0
300825,FOSTER AV/E 16 ST,40.634403,-73.962252,36047046000,2.0
300826,FOSTER AV/E 18 ST,40.635483,-73.959996,36047076400,1.0
300827,FOSTER AV/OCEAN AV,40.636454,-73.957974,36047077000,2.0
300828,FOSTER AV/E 22 ST,40.637313,-73.95619,36047077000,2.0
300830,FOSTER AV/FLATBUSH AV,40.638358,-73.953178,36047078801,1.0
300831,ROGERS AV/FOSTER AV,40.638798,-73.951109,36047082800,1.0
300832,AVENUE D/ROGERS AV,40.640731,-73.950855,36047082800,1.0
300833,AVENUE D/NOSTRAND AV,40.640867,-73.948675,36047082800,1.0
300834,AVENUE D/E 31 ST,40.640968,-73.947133,36047083000,1.0
300835,AVENUE D/NEW YORK AV,40.641085,-73.945216,36047083000,1.0
300836,AVENUE D/E 35 ST,40.641197,-73.943324,36047083000,1.0
300837,AVENUE D/E 37 ST,40.641325,-73.941396,36047083200,2.0
300838,AVENUE D/E 39 ST,40.641439,-73.939497,36047083400,2.0
300839,AVENUE D/E 45 ST,40.641793,-73.933761,36047083800,2.0
300841,AVENUE D/SCHENECTADY AV,40.641909,-73.931861,36047084000,2.0
300842,AVENUE D/UTICA AV,40.642092,-73.92891,36047084600,2.0
300843,AVENUE D/E 53 ST,40.642238,-73.926618,36047084600,2.0
300844,AVENUE D/KINGS HWY,40.642293,-73.925681,36047084600,2.0
300847,BEVERLY RD/E 57 ST,40.646696,-73.922642,36047094600,2.0
300848,BEVERLY RD/E 59 ST,40.646805,-73.92083,36047093600,1.0
300853,REMSEN AV/AVENUE D,40.646308,-73.91291,36047096000,
300857,RALPH AV/CLARENDON RD,40.645384,-73.919936,36047093400,2.0
300858,BEVERLY RD/RALPH AV,40.64695,-73.920674,36047093600,1.0
300859,BEVERLY RD/E 58 ST,40.646841,-73.922458,36047093600,1.0
300862,AVENUE D/E 52 ST,40.642327,-73.927299,36047084600,2.0
300863,AVENUE D/UTICA AV,40.642169,-73.929879,36047084000,2.0
300864,AVENUE D/E 48 ST,40.642055,-73.931652,36047084000,2.0
300865,AVENUE D/E 46 ST,40.641938,-73.933634,36047083800,2.0
300866,AVENUE D/E 43 ST,40.641756,-73.936517,36047083800,2.0
300867,AVENUE D/E 40 ST,40.641579,-73.939324,36047083400,2.0
300868,AVENUE D/E 38 ST,40.641462,-73.941223,36047083200,2.0
300869,AVENUE D/BROOKLYN AV,40.641342,-73.943158,36047083200,2.0
300873,FOSTER AV/E 29 ST,40.638584,-73.94969,36047082800,1.0
300874,FOSTER AV/ROGERS AV,40.638499,-73.95103,36047082800,1.0
300875,FOSTER AV/FLATBUSH AV,40.638495,-73.953477,36047079002,1.0
300876,FOSTER AV/BEDFORD AV,40.638172,-73.954775,36047051601,1.0
300877,FOSTER AV/E 22 ST,40.637102,-73.956936,36047051601,1.0
300878,FOSTER AV/OCEAN AV,40.636205,-73.958803,36047051800,2.0
300879,FOSTER AV/E 18 ST,40.635248,-73.960789,36047051800,2.0
300880,FOSTER AV/MARLBOROUGH RD,40.634189,-73.962998,36047052000,2.0
300881,FOSTER AV/RUGBY RD,40.63355,-73.964325,36047052000,2.0
300882,FOSTER AV/CONEY ISLAND AV,40.63245,-73.966617,36047052600,2.0
300883,CONEY ISLAND AV/NEWKIRK AV,40.633998,-73.967138,36047052600,2.0
300884,18 AV/CONEY ISLAND AV,40.635091,-73.968139,36047048200,2.0
300885,18 AV/E 8 ST,40.634089,-73.970247,36047048400,3.0
300886,18 AV/OCEAN PKWY,40.633349,-73.971811,36047048400,3.0
300887,18 AV/E 5 ST,40.632526,-73.973573,36047048400,3.0
300888,18 AV/E 2 ST,40.631165,-73.976463,36047047800,3.0
300889,18 AV/McDONALD AV,40.630641,-73.977573,36047047800,3.0
300890,18 AV/45 ST,40.630131,-73.978636,36047047600,3.0
300891,18 AV/47 ST,40.629261,-73.980171,36047047600,3.0
300893,18 AV/50 ST,40.627543,-73.981886,36047047400,3.0
300895,18 AV/55 ST,40.624691,-73.984722,36047047000,3.0
300898,18 AV/62 ST,40.620663,-73.98875,36047024800,3.0
300899,18 AV/64 ST,40.619513,-73.989907,36047025200,2.0
300900,18 AV/66 ST,40.618297,-73.991139,36047025200,2.0
300901,18 AV/68 ST,40.617117,-73.992331,36047026000,2.0
300902,18 AV/70 ST,40.616043,-73.993419,36047026000,2.0
300903,18 AV/72 ST,40.614921,-73.994554,36047026400,1.0
300904,18 AV/BAY RIDGE PKWY,40.613159,-73.996315,36047026400,1.0
300905,18 AV/77 ST,40.611984,-73.9975,36047027600,2.0
300906,18 AV/79 ST,40.6109,-73.998599,36047027600,2.0
300908,18 AV/NEW UTRECHT AV,40.608191,-74.001599,36047017800,2.0
300909,18 AV/86 ST,40.607419,-74.002553,36047017800,2.0
300910,18 AV/BENSON AV,40.605385,-74.004714,36047017800,2.0
300911,18 AV/BATH AV,40.604005,-74.006147,36047017800,2.0
300912,18 AV/CROPSEY AV,40.602753,-74.007454,36047017600,3.0
300913,CROPSEY AV/17 AV,40.604095,-74.010087,36047017400,3.0
300914,CROPSEY AV/16 AV,40.605445,-74.012677,36047017200,3.0
300915,CROPSEY AV/15 AV,40.606596,-74.014948,36047017000,3.0
300916,CROPSEY AV/BAY 7 ST,40.607215,-74.016122,36047017000,3.0
300922,3 AV/BAY RIDGE AV,40.636042,-74.025826,36047006800,2.0
300924,3 AV/65 ST,40.639222,-74.02359,36047007000,2.0
300926,60 ST/4 AV,40.640578,-74.018124,36047012200,1.0
300927,60 ST/5 AV,40.639261,-74.015951,36047012200,1.0
300928,60 ST/6 AV,40.63793,-74.013735,36047011800,1.0
300930,60 ST/8 AV,40.635243,-74.009281,36047011800,1.0
300934,60 ST/12 AV,40.629927,-74.000479,36047019200,2.0
300935,60 ST/13 AV,40.628862,-73.99871,36047019200,2.0
300936,60 ST/14 AV,40.627212,-73.99599,36047024200,3.0
300937,60 ST/15 AV,40.625925,-73.993854,36047024200,3.0
300938,60 ST/16 AV,40.624591,-73.991653,36047024200,3.0
300940,60 ST/18 AV,40.621777,-73.986992,36047024400,2.0
300942,60 ST/20 AV,40.619116,-73.98258,36047024600,2.0
300944,60 ST/BAY PKWY,40.616426,-73.978136,36047044600,3.0
300945,60 ST/23 AV,40.615377,-73.976386,36047044600,3.0
300950,OCEAN PKWY SOUTH/AVENUE M,40.616909,-73.968976,36047044400,3.0
300952,AVENUE M/E 9 ST,40.61735,-73.965392,36047045400,3.0
300956,AVENUE M/E 18 ST,40.618294,-73.956808,36047053800,3.0
300957,OCEAN AV/AVENUE M,40.618887,-73.954963,36047076000,2.0
300958,AVENUE L/OCEAN AV,40.620931,-73.95503,36047076000,2.0
300959,AVENUE L/E 22 ST,40.621137,-73.953146,36047076000,2.0
300962,AVENUE L/E 28 ST,40.621754,-73.947519,36047074800,3.0
300963,AVENUE L/NOSTRAND AV,40.621976,-73.945523,36047074800,3.0
300966,AVENUE L/E 36 ST,40.622593,-73.939914,36047073800,2.0
300969,KINGS PLAZA/KINGS PLAZA,40.608511,-73.920689,36047069800,3.0
300971,AVENUE L/FLATBUSH AV,40.622955,-73.937807,36047073800,2.0
300974,AVENUE L/NEW YORK AV,40.62234,-73.943437,36047074400,3.0
300975,AVENUE L/NOSTRAND AV,40.622076,-73.946188,36047074800,3.0
300977,AVENUE L/BEDFORD AV,40.621504,-73.951024,36047075400,3.0
300978,AVENUE L/E 23 ST,40.621293,-73.952955,36047076000,2.0
300980,OCEAN AV/AVENUE L,40.620582,-73.955476,36047053800,3.0
300981,AVENUE M/OCEAN AV,40.618568,-73.955511,36047053800,3.0
300982,AVENUE M/E 18 ST,40.618347,-73.957575,36047053800,3.0
300991,AVENUE N/E 3 ST,40.614281,-73.972298,36047044400,3.0
300993,60 ST/23 AV,40.615597,-73.976476,36047044600,3.0
300996,60 ST/20 AV,40.619663,-73.983221,36047024400,2.0
300998,60 ST/18 AV,40.622282,-73.987543,36047024400,2.0
300999,60 ST/17 AV,40.62335,-73.989319,36047024400,2.0
301000,60 ST/16 AV,40.624838,-73.99179,36047024200,3.0
301002,60 ST/NEW UTRECHT AV,40.627959,-73.996952,36047019200,2.0
301003,60 ST/13 AV,40.629087,-73.998811,36047019200,2.0
301006,60 ST/FORT HAMILTON PKWY,40.633344,-74.005865,36047011600,1.0
301008,60 ST/8 AV,40.635751,-74.009847,36047010401,1.0
301010,60 ST/6 AV,40.638388,-74.014214,36047010200,1.0
301016,3 AV/65 ST,40.63926,-74.023651,36047002200,1.0
301017,3 AV/SENATOR ST,40.636896,-74.025664,36047007000,2.0
301028,ELDERT LN/LINDEN BLVD,40.669213,-73.862711,36047122000,2.0
301029,LINDEN BLVD/ELDERT LN,40.669579,-73.8634,36047120802,1.0
301030,LINDEN BLVD/SHERIDAN AV,40.669378,-73.864735,36047120802,1.0
301031,LINDEN BLVD/AUTUMN AV,40.669103,-73.866727,36047120801,1.0
301032,LINDEN BLVD/CRESCENT ST,40.668838,-73.868549,36047120801,1.0
301033,LINDEN BLVD/EUCLID AV,40.668075,-73.870267,36047121000,1.0
301034,FOUNTAIN AV/LINDEN BLVD,40.667017,-73.871962,36047121000,1.0
301035,FOUNTAIN AV/HEGEMAN AV,40.667935,-73.872646,36047121000,1.0
301036,DUMONT AV/FOUNTAIN AV,40.669338,-73.873941,36047111800,1.0
301037,DUMONT AV/MILFORD ST,40.669072,-73.876064,36047111800,1.0
301038,NEW LOTS AV/BERRIMAN ST,40.668333,-73.87829,36047111800,1.0
301039,NEW LOTS AV/LINWOOD ST,40.667082,-73.881197,36047112000,2.0
301041,NEW LOTS AV/BARBEY ST,40.665042,-73.885937,36047112400,1.0
301042,NEW LOTS AV/HENDRIX ST,40.664289,-73.88768,36047112400,1.0
301043,NEW LOTS AV/MILLER AV,40.663782,-73.888834,36047112200,1.0
301044,NEW LOTS AV/WYONA ST,40.662832,-73.890977,36047112800,1.0
301045,NEW LOTS AV/PENNSYLVANIA AV,40.661934,-73.89303,36047112800,1.0
301046,NEW LOTS AV/SHEFFIELD AV,40.661259,-73.894529,36047112800,1.0
301049,NEW LOTS AV/VAN SINDEREN AV,40.659027,-73.899546,36047092000,1.0
301050,NEW LOTS AV/POWELL ST,40.658211,-73.901379,36047092000,1.0
301051,NEW LOTS AV/CHRISTOPHER AV,40.657413,-73.903171,36047092000,1.0
301052,HEGEMAN AV/WATKINS ST,40.656734,-73.904665,36047092000,1.0
301053,HEGEMAN AV/THATFORD AV,40.65648,-73.906268,36047092000,1.0
301054,HEGEMAN AV/CHESTER ST,40.656215,-73.908149,36047091600,1.0
301056,E 98 ST/HEGEMAN AV,40.655953,-73.912738,36047089600,1.0
301057,E 98 ST/LOTT AV,40.657257,-73.914196,36047089600,1.0
301058,E 98 ST/LEGION ST,40.658955,-73.916079,36047089400,1.0
301059,E 98 ST/RIVERDALE AV,40.66,-73.917326,36047089400,1.0
301060,E 98 ST/CLARKSON AV,40.661604,-73.919048,36047089200,1.0
301061,E 98 ST/DUMONT AV,40.662727,-73.920292,36047089200,1.0
301062,E 98 ST/BLAKE AV,40.664147,-73.921865,36047090000,1.0
301063,RALPH AV/SUTTER AV,40.665687,-73.922321,36047090000,1.0
301064,RALPH AV/EAST NEW YORK AV,40.666994,-73.922658,36047090000,1.0
301066,RALPH AV/SAINT JOHNS PL,40.670002,-73.922406,36047036100,1.0
301067,BUFFALO AV/SAINT JOHNS PL,40.670684,-73.925307,36047035900,1.0
301069,BUFFALO AV/SAINT MARKS AV,40.674151,-73.924975,36047030700,1.0
301070,BERGEN ST/BUFFALO AV,40.67481,-73.925429,36047030700,1.0
301071,BERGEN ST/ROCHESTER AV,40.674932,-73.927631,36047030700,1.0
301072,BERGEN ST/UTICA AV,40.675082,-73.930386,36047030700,1.0
301073,BERGEN ST/SCHENECTADY AV,40.675229,-73.933089,36047030900,1.0
301074,BERGEN ST/TROY AV,40.675382,-73.935937,36047030900,1.0
301075,TROY AV/DEAN ST,40.676447,-73.935889,36047030900,1.0
301076,TROY AV/ATLANTIC AV,40.677953,-73.935747,36047027100,2.0
301077,TROY AV/FULTON ST,40.679541,-73.934854,36047027100,2.0
301078,LEWIS AV/BAINBRIDGE ST,40.68089,-73.934565,36047029700,2.0
301079,LEWIS AV/MACDONOUGH ST,40.682331,-73.934852,36047029700,2.0
301080,LEWIS AV/HALSEY ST,40.683399,-73.935071,36047029500,2.0
301081,LEWIS AV/JEFFERSON AV,40.685359,-73.935455,36047029500,2.0
301082,LEWIS AV/MADISON ST,40.686726,-73.935724,36047029300,1.0
301083,LEWIS AV/GATES AV,40.688211,-73.936022,36047029300,1.0
301084,LEWIS AV/GREENE AV,40.69042,-73.936464,36047029100,1.0
301087,LEWIS AV/DEKALB AV,40.693402,-73.937059,36047028900,1.0
301088,LEWIS AV/PULASKI ST,40.694047,-73.937189,36047028700,1.0
301089,LEWIS AV/WILLOUGHBY AV,40.695499,-73.937468,36047028700,1.0
301090,LEWIS AV/MYRTLE AV,40.69705,-73.937784,36047028700,1.0
301091,LEWIS AV/BROADWAY,40.698455,-73.938104,36047028700,1.0
301092,BROADWAY/PARK ST,40.699257,-73.939185,36047038900,3.0
301095,MARCUS GARVEY BLVD/PARK AV,40.698204,-73.94118,36047028502,1.0
301096,MARCUS GARVEY BLVD/MYRTLE AV,40.696426,-73.940814,36047028502,1.0
301097,MARCUS GARVEY BLVD/WILLOUGHBY AV,40.694573,-73.940434,36047028300,1.0
301098,MARCUS GARVEY BLVD/PULASKI ST,40.693096,-73.940136,36047028100,1.0
301099,MARCUS GARVEY BLVD/DE KALB AV,40.692355,-73.939992,36047028100,1.0
301100,MARCUS GARVEY BLVD/LAFAYETTE AV,40.690883,-73.939701,36047027900,2.0
301101,MARCUS GARVEY BLVD/LEXINGTON AV,40.688685,-73.939245,36047027900,2.0
301103,MARCUS GARVEY BLVD/MADISON ST,40.685756,-73.938671,36047027700,1.0
301104,MARCUS GARVEY BLVD/JEFFERSON AV,40.68429,-73.938388,36047027500,1.0
301105,MARCUS GARVEY BLVD/HALSEY ST,40.68326,-73.938179,36047027500,1.0
301106,MARCUS GARVEY BLVD/MACDONOUGH ST,40.681761,-73.937854,36047027300,2.0
301107,MARCUS GARVEY BLVD/FULTON ST,40.679749,-73.937438,36047027300,2.0
301108,ALBANY AV/FULTON ST,40.679344,-73.938508,36047027100,2.0
301109,ALBANY AV/ATLANTIC AV,40.677483,-73.938726,36047031100,1.0
301110,DEAN ST/ALBANY AV,40.676193,-73.93833,36047031100,1.0
301115,ROCHESTER AV/BERGEN ST,40.674586,-73.927855,36047030700,1.0
301116,SAINT MARKS AV/ROCHESTER AV,40.673914,-73.927351,36047034700,1.0
301117,BUFFALO AV/PROSPECT PL,40.67322,-73.925214,36047034700,1.0
301118,BUFFALO AV/PARK PL,40.671711,-73.925357,36047034700,1.0
301119,SAINT JOHNS PL/BUFFALO AV,40.670182,-73.925012,36047035900,1.0
301120,SAINT JOHNS PL/RALPH AV,40.670049,-73.922612,36047035900,1.0
301121,RALPH AV/EASTERN PKWY,40.667812,-73.922758,36047035900,1.0
301122,RALPH AV/EAST NEW YORK AV,40.666875,-73.922761,36047090000,1.0
301123,RALPH AV/SUTTER AV,40.665042,-73.922325,36047090000,1.0
301124,E 98 ST/WINTHROP ST,40.662768,-73.920547,36047089200,1.0
301125,E 98 ST/CLARKSON AV,40.661366,-73.918916,36047089000,1.0
301126,E 98 ST/LENOX RD,40.659733,-73.91717,36047089000,1.0
301127,E 98 ST/WILLMOHR ST,40.658095,-73.915349,36047089000,1.0
301128,E 98 ST/CHURCH AV,40.656541,-73.913624,36047089000,1.0
301132,HEGEMAN AV/ROCKAWAY AV,40.65628,-73.906863,36047092200,1.0
301133,HEGEMAN AV/OSBORN ST,40.656548,-73.905046,36047092200,1.0
301135,NEW LOTS AV/SACKMAN ST,40.658019,-73.901509,36047092000,1.0
301136,NEW LOTS AV/VAN SINDEREN AV,40.658999,-73.899316,36047092000,1.0
301137,NEW LOTS AV/HINSDALE ST,40.659931,-73.897228,36047113200,1.0
301138,NEW LOTS AV/MALTA ST,40.660517,-73.895929,36047113000,1.0
301139,NEW LOTS AV/GEORGIA AV,40.661128,-73.894559,36047112800,1.0
301141,NEW LOTS AV/VERMONT ST,40.66267,-73.891063,36047112800,1.0
301142,NEW LOTS AV/BRADFORD ST,40.663415,-73.889375,36047112200,1.0
301143,NEW LOTS AV/MILLER AV,40.663727,-73.888661,36047112200,1.0
301144,NEW LOTS AV/SCHENCK AV,40.664844,-73.886104,36047112200,1.0
301145,NEW LOTS AV/JEROME ST,40.665575,-73.884397,36047112200,1.0
301147,NEW LOTS AV/ELTON ST,40.66692,-73.881284,36047112000,2.0
301148,NEW LOTS AV/ESSEX ST,40.667599,-73.879711,36047112000,2.0
301149,NEW LOTS AV/BERRIMAN ST,40.668136,-73.878442,36047112000,2.0
301151,DUMONT AV/MONTAUK AV,40.668896,-73.876313,36047111800,1.0
301152,DUMONT AV/FOUNTAIN AV,40.66924,-73.873934,36047111800,1.0
301153,FOUNTAIN AV/HEGEMAN AV,40.66774,-73.87275,36047111600,1.0
301155,LINDEN BLVD/EUCLID AV,40.667861,-73.869791,36047122000,2.0
301156,LINDEN BLVD/CRESCENT ST,40.66853,-73.868039,36047121400,1.0
301162,52 ST/2 AV,40.647742,-74.017809,36047002000,1.0
301168,50 ST/6 AV,40.64353,-74.007812,36047009800,1.0
301170,50 ST/8 AV,40.640876,-74.003419,36047010802,1.0
301171,50 ST/9 AV,40.639553,-74.001221,36047011400,2.0
301172,50 ST/10 AV,40.638227,-73.99902,36047011400,2.0
301173,50 ST/FORT HAMILTON PKWY,40.637656,-73.998083,36047022000,2.0
301174,50 ST/11 AV,40.636887,-73.996815,36047022000,2.0
301175,50 ST/NEW UTRECHT AV,40.635485,-73.994491,36047022000,2.0
301177,50 ST/14 AV,40.632924,-73.990247,36047023600,3.0
301178,50 ST/15 AV,40.631556,-73.987988,36047023600,3.0
301179,50 ST/16 AV,40.630239,-73.985805,36047047400,3.0
301180,50 ST/17 AV,40.62874,-73.983327,36047047400,3.0
301183,50 ST/20 AV,40.625063,-73.977236,36047046400,3.0
301184,AVENUE I/McDONALD AV,40.625972,-73.975756,36047046202,3.0
301185,AVENUE I/E 3 ST,40.626196,-73.973731,36047046202,3.0
301187,AVENUE I/E 7 ST,40.626703,-73.969156,36047045800,3.0
301188,AVENUE I/E 9 ST,40.626922,-73.96717,36047045600,1.0
301189,CONEY ISLAND AV/AVENUE I,40.626702,-73.965676,36047045600,1.0
301278,CONEY ISLAND AV/AVENUE I,40.627007,-73.965515,36047053000,2.0
301279,AVENUE I/E 9 ST,40.626961,-73.96797,36047045600,1.0
301280,AVENUE I/E 7 ST,40.626744,-73.969973,36047045800,3.0
301281,AVENUE I/OCEAN PKWY,40.626558,-73.971627,36047046201,2.0
301282,AVENUE I/E 3 ST,40.626232,-73.974581,36047046201,2.0
301283,AVENUE I/McDONALD AV,40.62606,-73.976073,36047046201,2.0
301286,49 ST/18 AV,40.628542,-73.981288,36047047400,3.0
301287,49 ST/17 AV,40.62978,-73.983334,36047047400,3.0
301288,49 ST/16 AV,40.631241,-73.985751,36047023400,3.0
301289,49 ST/15 AV,40.632558,-73.988008,36047023400,3.0
301290,49 ST/14 AV,40.633931,-73.990207,36047023400,3.0
301292,49 ST/NEW UTRECHT AV,40.636566,-73.994628,36047022000,2.0
301293,49 ST/11 AV,40.637898,-73.996775,36047022000,2.0
301295,49 ST/10 AV,40.638943,-73.998559,36047011400,2.0
301296,49 ST/9 AV,40.640598,-74.00125,36047010802,1.0
301297,49 ST/8 AV,40.641916,-74.003423,36047010801,1.0
301298,49 ST/7 AV,40.643231,-74.00561,36047009800,1.0
301309,PARKSIDE AV/OCEAN AV,40.655129,-73.961122,36047050803,1.0
301310,PARKSIDE AV/FLATBUSH AV,40.655518,-73.960028,36047050803,1.0
301311,PARKSIDE AV/BEDFORD AV,40.655815,-73.956542,36047079601,1.0
301312,CLARKSON AV/BEDFORD AV,40.655014,-73.955872,36047082200,1.0
301313,CLARKSON AV/ROGERS AV,40.655183,-73.953068,36047082200,1.0
301314,CLARKSON AV/NOSTRAND AV,40.655391,-73.949267,36047081800,1.0
301315,CLARKSON AV/NEW YORK AV,40.655537,-73.94675,36047081600,2.0
301316,CLARKSON AV/KINGS COUNTY HOSPITAL,40.655687,-73.944335,36047081600,2.0
301317,CLARKSON AV/E 38 ST,40.655828,-73.942022,36047081400,2.0
301318,ALBANY AV/CLARKSON AV,40.656401,-73.939505,36047080800,1.0
301319,ALBANY AV/WINTHROP ST,40.657693,-73.939559,36047080800,1.0
301320,ALBANY AV/HAWTHORNE ST,40.658811,-73.939518,36047087401,1.0
301322,ALBANY AV/MAPLE ST,40.661748,-73.939829,36047087401,1.0
301323,EAST NEW YORK AV/ALBANY AV,40.662266,-73.938343,36047087401,1.0
301326,LEFFERTS AV/SCHENECTADY AV,40.663282,-73.934705,36047087600,1.0
301328,EAST NEW YORK AV/E 92 ST,40.664058,-73.929518,36047088200,1.0
301329,EAST NEW YORK AV/E 94 ST,40.664727,-73.927841,36047088400,1.0
301330,EAST NEW YORK AV/E 96 ST,40.665612,-73.925955,36047089200,1.0
301332,EAST NEW YORK AV/RALPH AV,40.666947,-73.922893,36047090000,1.0
301333,EAST NEW YORK AV/UNION ST,40.667597,-73.92141,36047090000,1.0
301343,EAST NEW YORK AV/JUNIUS ST,40.67504,-73.904496,36047090800,1.0
301384,JAMAICA AV/FANCHON PL,40.677717,-73.898425,36047114201,2.0
301386,PACIFIC ST/EAST NEW YORK AV,40.675233,-73.904929,36047036502,1.0
301395,EAST NEW YORK AV/E 96 ST,40.6655,-73.926604,36047035702,
301397,EAST NEW YORK AV/E 95 ST,40.665092,-73.927538,36047035702,
301398,EAST NEW YORK AV/MONTGOMERY ST,40.664111,-73.929791,36047035500,1.0
301400,SCHENECTADY AV/LEFFERTS AV,40.662996,-73.934597,36047087600,1.0
301402,EAST NEW YORK AV/TROY AV,40.662433,-73.937773,36047087401,1.0
301403,ALBANY AV/EAST NEW YORK AV,40.661789,-73.940005,36047080600,2.0
301404,ALBANY AV/MIDWOOD ST,40.660488,-73.939869,36047081000,2.0
301405,ALBANY AV/FENIMORE ST,40.659453,-73.939751,36047080800,1.0
301406,ALBANY AV/WINTHROP ST,40.657062,-73.939817,36047080800,1.0
301407,CLARKSON AV/ALBANY AV,40.65611,-73.940053,36047080800,1.0
301408,CLARKSON AV/E 39 ST,40.655993,-73.941877,36047080800,1.0
301409,CLARKSON AV/NEW YORK AV,40.655672,-73.947017,36047080800,1.0
301410,CLARKSON AV/NOSTRAND AV,40.655431,-73.950929,36047082000,1.0
301412,CLARKSON AV/BEDFORD AV,40.655064,-73.956856,36047079601,1.0
301413,CLARKSON AV/FLATBUSH AV,40.654903,-73.95957,36047079601,1.0
301414,WOODRUFF AV/OCEAN AV,40.654176,-73.961621,36047050803,1.0
301418,FOUNTAIN AV/VANDALIA AV,40.659222,-73.866128,36047122000,2.0
301419,CRESCENT ST/FLATLANDS AV,40.660961,-73.865857,36047122000,2.0
301420,CRESCENT ST/COZINE AV,40.66257,-73.866734,36047122000,2.0
301421,CRESCENT ST/WORTMAN AV,40.664223,-73.867149,36047122000,2.0
301429,CRESCENT ST/PITKIN AV,40.675584,-73.869956,36047120000,1.0
301430,CRESCENT ST/GLENMORE AV,40.676785,-73.870238,36047120000,1.0
301431,CRESCENT ST/LIBERTY AV,40.678074,-73.870557,36047119000,1.0
301435,CRESCENT ST/FULTON ST,40.683955,-73.872228,36047118400,1.0
301436,CRESCENT ST/RIDGEWOOD AV,40.685721,-73.872767,36047118201,1.0
301437,CRESCENT ST/ETNA ST,40.687212,-73.873251,36047118201,1.0
301492,CYPRESS HILLS ST/JAMAICA AV,40.688745,-73.875937,36047118000,
301493,JAMAICA AV/CRESCENT ST,40.689224,-73.874067,36047117602,1.0
301494,JAMAICA AV/HEMLOCK ST,40.689797,-73.872708,36047118201,1.0
301495,CRESCENT ST/ETNA ST,40.686779,-73.873232,36047117602,1.0
301496,CRESCENT ST/RIDGEWOOD AV,40.685109,-73.872714,36047117602,1.0
301497,CRESCENT ST/FULTON ST,40.683379,-73.872165,36047117800,2.0
301500,CRESCENT ST/LIBERTY AV,40.678255,-73.87078,36047119000,1.0
301501,EUCLID AV/LIBERTY AV,40.67758,-73.87253,36047119600,1.0
301503,EUCLID AV/PITKIN AV,40.675032,-73.871889,36047119600,1.0
301504,EUCLID AV/BELMONT AV,40.673887,-73.871607,36047119600,1.0
301505,EUCLID AV/SUTTER AV,40.672523,-73.871299,36047121000,1.0
301506,EUCLID AV/BLAKE AV,40.670977,-73.870909,36047121000,1.0
301507,EUCLID AV/DUMONT AV,40.669486,-73.870512,36047121000,1.0
301511,CRESCENT ST/STANLEY AV,40.665146,-73.867532,36047122000,2.0
301512,CRESCENT ST/WORTMAN AV,40.66357,-73.867143,36047122000,2.0
301516,EASTERN PKWY/ROCHESTER AV,40.668367,-73.927927,36047035702,
301517,EASTERN PKWY/BUFFALO AV,40.668256,-73.925857,36047035702,
301521,PITKIN AV/SARATOGA AV,40.668716,-73.916831,36047090200,1.0
301522,PITKIN AV/HERZL ST,40.668984,-73.915036,36047090200,1.0
301530,DUMONT AV/MOTHER GASTON BLVD,40.664647,-73.905103,36047091000,1.0
301531,POWELL ST/DUMONT AV,40.6654,-73.902785,36047091000,1.0
301532,POWELL ST/BLAKE AV,40.666938,-73.903175,36047091000,1.0
301534,SUTTER AV/POWELL ST,40.668134,-73.903109,36047091000,1.0
301535,SUTTER AV/VAN SINDEREN AV,40.668405,-73.901302,36047113400,1.0
301536,SUTTER AV/WILLIAMS AV,40.668825,-73.898468,36047113400,1.0
301537,SUTTER AV/GEORGIA AV,40.669087,-73.896694,36047115600,1.0
301538,SUTTER AV/PENNSYLVANIA AV,40.66937,-73.894783,36047115600,1.0
301539,SUTTER AV/WYONA ST,40.669782,-73.892011,36047115800,1.0
301540,SUTTER AV/MILLER AV,40.670061,-73.890154,36047116000,1.0
301541,SUTTER AV/HENDRIX ST,40.670328,-73.888401,36047116000,1.0
301542,SUTTER AV/BARBEY ST,40.670598,-73.886588,36047116200,1.0
301543,SUTTER AV/WARWICK ST,40.670851,-73.884868,36047116200,1.0
301544,SUTTER AV/CLEVELAND ST,40.671097,-73.883213,36047116400,1.0
301545,SUTTER AV/LINWOOD ST,40.671266,-73.882062,36047116400,1.0
301546,SUTTER AV/SHEPHERD AV,40.671601,-73.879791,36047116400,1.0
301547,SUTTER AV/ATKINS AV,40.671854,-73.877952,36047119400,1.0
301548,SUTTER AV/MILFORD ST,40.672127,-73.876123,36047119400,1.0
301549,SUTTER AV/FOUNTAIN AV,40.672353,-73.874256,36047121000,1.0
301550,SUTTER AV/EUCLID AV,40.67281,-73.871152,36047120801,1.0
301551,SUTTER AV/CRESCENT ST,40.673111,-73.86928,36047120801,1.0
301552,SUTTER AV/LINCOLN AV,40.673527,-73.866348,36047120802,1.0
301553,SUTTER AV/GRANT AV,40.673794,-73.864501,36047120802,1.0
301554,DREW ST/SUTTER AV,40.673898,-73.862079,36047120803,1.0
301555,DREW ST/DUMONT AV,40.670853,-73.861339,36047120803,1.0
301556,DREW ST/LINDEN BLVD,40.669972,-73.861121,36047120803,1.0
301560,LINCOLN AV/BLAKE AV,40.672,-73.866189,36047120802,1.0
301561,SUTTER AV/AUTUMN AV,40.673408,-73.868057,36047120000,1.0
301562,SUTTER AV/CRESCENT ST,40.673127,-73.869917,36047119600,1.0
301563,SUTTER AV/EUCLID AV,40.672948,-73.87118,36047119600,1.0
301564,SUTTER AV/FOUNTAIN AV,40.672468,-73.874537,36047119600,1.0
301565,SUTTER AV/LOGAN ST,40.672258,-73.875957,36047119400,1.0
301566,SUTTER AV/MONTAUK AV,40.672,-73.877796,36047119400,1.0
301567,SUTTER AV/BERRIMAN ST,40.671724,-73.879661,36047116400,1.0
301568,SUTTER AV/ESSEX ST,40.671463,-73.881464,36047116400,1.0
301569,SUTTER AV/ELTON ST,40.671215,-73.883137,36047116400,1.0
301570,SUTTER AV/ASHFORD ST,40.670975,-73.884767,36047116200,1.0
301572,SUTTER AV/SCHENCK AV,40.67044,-73.888351,36047116000,1.0
301573,SUTTER AV/VAN SICLEN AV,40.670189,-73.890081,36047116000,1.0
301574,SUTTER AV/BRADFORD ST,40.669925,-73.891899,36047115800,1.0
301575,SUTTER AV/VERMONT ST,40.669658,-73.893712,36047115800,1.0
301576,SUTTER AV/PENNSYLVANIA AV,40.669366,-73.895667,36047115600,1.0
301577,SUTTER AV/ALABAMA AV,40.668957,-73.898436,36047113400,1.0
301578,SUTTER AV/HINSDALE ST,40.668675,-73.900329,36047113400,1.0
301579,SUTTER AV/VAN SINDEREN AV,40.668403,-73.902085,36047090800,1.0
301580,JUNIUS ST/SUTTER AV,40.667997,-73.902622,36047091000,1.0
301581,JUNIUS ST/BLAKE AV,40.666388,-73.902214,36047091000,1.0
301582,DUMONT AV/JUNIUS ST,40.665178,-73.902327,36047091000,1.0
301583,DUMONT AV/POWELL ST,40.665088,-73.903218,36047091000,1.0
301585,MOTHER GASTON BLVD/BLAKE AV,40.666515,-73.905915,36047091000,1.0
301586,MOTHER GASTON BLVD/SUTTER AV,40.668068,-73.906331,36047090800,1.0
301588,MOTHER GASTON BLVD/BELMONT AV,40.669326,-73.906658,36047090800,1.0
301589,PITKIN AV/MOTHER GASTON BLVD,40.67023,-73.907496,36047090600,1.0
301590,PITKIN AV/OSBORN ST,40.669965,-73.909288,36047090600,1.0
301591,PITKIN AV/ROCKAWAY AV,40.669678,-73.911206,36047092400,1.0
301593,PITKIN AV/AMBOY ST,40.669124,-73.91492,36047090200,1.0
301594,PITKIN AV/STRAUSS ST,40.66885,-73.916762,36047090200,1.0
301595,PITKIN AV/LEGION ST,40.668646,-73.918151,36047090000,1.0
301597,EASTERN PKWY/RALPH AV,40.668611,-73.923031,36047035900,1.0
301598,EASTERN PKWY/BUFFALO AV,40.668725,-73.925201,36047035900,1.0
301599,EASTERN PKWY/ROCHESTER AV,40.668888,-73.928204,36047035701,1.0
301601,EASTERN PKWY/SCHENECTADY AV,40.669191,-73.933719,36047035101,1.0
301602,SHORE RD/4 AV,40.611761,-74.03512,36047005602,3.0
301603,SHORE RD/3 AV,40.612824,-74.036255,36047005602,3.0
301604,SHORE RD/99 ST,40.614081,-74.037102,36047005601,3.0
301605,SHORE RD/97 ST,40.615508,-74.037701,36047005601,3.0
301606,SHORE RD/RIDGE BLVD,40.617525,-74.038876,36047005400,3.0
301607,SHORE RD/OLIVER ST,40.619415,-74.040023,36047005202,3.0
301608,SHORE RD/91 ST,40.622004,-74.040075,36047005201,2.0
301609,NARROWS AV/89 ST,40.623165,-74.039924,36047005201,2.0
301610,NARROWS AV/86 ST,40.62521,-74.039086,36047005000,3.0
301611,86 ST/COLONIAL RD,40.624571,-74.036135,36047005000,3.0
301612,86 ST/RIDGE BLVD,40.623914,-74.033361,36047006000,3.0
301613,86 ST/3 AV,40.62342,-74.031246,36047006000,3.0
301614,86 ST/4 AV,40.622299,-74.027696,36047016000,2.0
301615,86 ST/5 AV,40.621293,-74.026112,36047016000,2.0
301616,FORT HAMILTON PKWY/86 ST,40.620617,-74.024044,36047014200,2.0
301620,FORT HAMILTON PKWY/77 ST,40.624941,-74.017623,36047020600,3.0
301621,FORT HAMILTON PKWY/BAY RIDGE PKWY,40.625847,-74.016222,36047020600,3.0
301622,FORT HAMILTON PKWY/74 ST,40.626451,-74.015332,36047020600,3.0
301623,FORT HAMILTON PKWY/72 ST,40.62739,-74.013927,36047020600,3.0
301624,FORT HAMILTON PKWY/BAY RIDGE AV,40.628551,-74.012191,36047020800,2.0
301625,FORT HAMILTON PKWY/68 ST,40.629309,-74.01106,36047021000,2.0
301626,FORT HAMILTON PKWY/66 ST,40.630267,-74.009619,36047021200,1.0
301628,FORT HAMILTON PKWY/62 ST,40.632246,-74.006665,36047021400,2.0
301646,36 ST/CLARA ST,40.642802,-73.985374,36047049600,2.0
301647,36 ST/12 AV,40.643499,-73.986516,36047049800,2.0
301648,12 AV/CHESTER AV,40.644517,-73.984026,36047049800,2.0
301649,12 AV/DAHILL RD,40.645623,-73.981193,36047049800,2.0
301651,CATON AV/McDONALD AV,40.647264,-73.979852,36047049800,2.0
301652,CATON AV/E 4 ST,40.647601,-73.976886,36047050002,2.0
301653,CATON AV/OCEAN PKWY,40.647749,-73.975405,36047050002,2.0
301654,CATON AV/E 8 ST,40.647732,-73.972587,36047050402,2.0
301655,CATON AV/CONEY ISLAND AV,40.648127,-73.971567,36047050402,2.0
301657,CATON AV/WESTMINSTER,40.649312,-73.968453,36047050600,1.0
301658,CATON AV/RUGBY RD,40.650014,-73.966687,36047050600,1.0
301659,CATON AV/E 16 ST,40.650724,-73.964896,36047050600,1.0
301663,OCEAN AV/CATON AV,40.652293,-73.961525,36047050804,2.0
301664,CATON AV/SAINT PAULS PL,40.651443,-73.96341,36047050804,2.0
301665,CATON AV/PARADE PL,40.650779,-73.965097,36047017700,
301667,CATON AV/ARGYLE RD,40.649526,-73.968251,36047017700,
301669,CATON AV/CONEY ISLAND AV,40.648349,-73.971236,36047017700,
301671,CATON AV/OCEAN PKWY,40.647839,-73.974537,36047050401,3.0
301672,CATON AV/E 5 ST,40.647752,-73.976731,36047050001,3.0
301673,CATON AV/E 3 ST,40.647563,-73.978551,36047050001,3.0
301674,CATON AV/McDONALD AV,40.64739,-73.980133,36047050001,3.0
301675,DAHILL RD/12 AV,40.64585,-73.981164,36047049800,2.0
301676,12 AV/CHESTER AV,40.644382,-73.98475,36047049800,2.0
301677,37 ST/12 AV,40.642846,-73.987053,36047022600,2.0
301678,37 ST/13 AV,40.641791,-73.985295,36047022600,2.0
301679,13 AV/39 ST,40.6404,-73.986628,36047023000,1.0
301681,13 AV/43 ST,40.638193,-73.988924,36047022400,3.0
301683,13 AV/47 ST,40.635948,-73.991266,36047022200,2.0
301686,13 AV/54 ST,40.632347,-73.99501,36047021800,3.0
301689,57 ST/12 AV,40.63209,-73.999243,36047021600,2.0
301690,57 ST/11 AV,40.633462,-74.001513,36047021600,2.0
301691,57 ST/FORT HAMILTON PKWY,40.634494,-74.003217,36047021600,2.0
301692,FORT HAMILTON PKWY/58 ST,40.633904,-74.004482,36047011600,1.0
301693,FORT HAMILTON PKWY/60 ST,40.632928,-74.005959,36047011800,1.0
301694,FORT HAMILTON PKWY/62 ST,40.632238,-74.006971,36047011800,1.0
301698,FORT HAMILTON PKWY/BAY RIDGE AV,40.628656,-74.012236,36047013200,2.0
301701,FORT HAMILTON PKWY/BAY RIDGE PKWY,40.625907,-74.016434,36047013200,2.0
301707,86 ST/5 AV,40.621637,-74.026347,36047013800,3.0
301708,86 ST/4 AV,40.623009,-74.028775,36047006200,3.0
301709,86 ST/3 AV,40.623508,-74.030868,36047006200,3.0
301710,86 ST/RIDGE BLVD,40.624278,-74.034136,36047005000,3.0
301711,86 ST/COLONIAL RD,40.62492,-74.036838,36047004600,3.0
301714,SHORE RD/88 ST,40.624295,-74.040876,36047005000,3.0
301715,SHORE RD/NARROWS AV,40.622687,-74.040489,36047005000,3.0
301716,SHORE RD/91 ST,40.621235,-74.040435,36047005201,2.0
301717,SHORE RD/OLIVER ST,40.618872,-74.039907,36047005202,3.0
301718,SHORE RD/RIDGE BLVD,40.616924,-74.038721,36047005400,3.0
301719,SHORE RD/97 ST,40.614978,-74.037686,36047005601,3.0
301720,SHORE RD/99 ST,40.61357,-74.037041,36047005602,3.0
301721,3 AV/SHORE RD,40.612681,-74.035895,36047005602,3.0
301722,3 AV/MARINE AV,40.614823,-74.034585,36047005602,3.0
301723,MARINE AV/4 AV,40.614019,-74.032866,36047005602,3.0
301724,4 AV/99 ST,40.613509,-74.03312,36047005602,3.0
301725,4 AV/100 ST,40.612591,-74.033902,36047005602,3.0
301726,SEAVIEW AV/E 108 ST,40.639067,-73.881716,36047101800,2.0
301727,SEAVIEW AV/E 105 ST,40.637852,-73.8837,36047101800,2.0
301728,SEAVIEW AV/E 102 ST,40.636411,-73.88594,36047102000,3.0
301730,SEAVIEW AV/ROCKAWAY PKWY,40.634027,-73.889626,36047102200,2.0
301731,SEAVIEW AV/E 95 ST,40.632648,-73.8917,36047102400,2.0
301732,SEAVIEW AV/E 93 ST,40.631711,-73.893157,36047102400,2.0
301733,SEAVIEW AV/REMSEN AV,40.630548,-73.894945,36047102400,2.0
301734,REMSEN AV/AVENUE N,40.632384,-73.897068,36047100800,2.0
301735,REMSEN AV/AVENUE M,40.633964,-73.898828,36047100800,2.0
301736,REMSEN AV/AVENUE L,40.635607,-73.900663,36047099200,2.0
301737,REMSEN AV/AVENUE K,40.637162,-73.902393,36047099200,2.0
301738,REMSEN AV/AVENUE J,40.638879,-73.904304,36047096600,2.0
301739,REMSEN AV/FLATLANDS AV,40.640566,-73.906183,36047096400,1.0
301740,REMSEN AV/GLENWOOD RD,40.642066,-73.90786,36047096400,1.0
301742,REMSEN AV/FOSTER AV,40.645197,-73.911336,36047096200,2.0
301743,REMSEN AV/AVENUE D,40.646258,-73.912513,36047096200,2.0
301744,REMSEN AV/DITMAS AV,40.648043,-73.914547,36047096000,
301745,REMSEN AV/AVENUE B,40.649261,-73.916153,36047093000,2.0
301746,REMSEN AV/AVENUE A,40.651406,-73.918291,36047088800,1.0
301747,REMSEN AV/CHURCH AV,40.653114,-73.920191,36047088800,1.0
301748,REMSEN AV/LINDEN BLVD,40.654137,-73.92144,36047088800,1.0
301749,REMSEN AV/KINGS HWY,40.655068,-73.922414,36047088600,2.0
301750,REMSEN AV/LENOX RD,40.656313,-73.923802,36047088200,1.0
301751,REMSEN AV/CLARKSON AV,40.657941,-73.925541,36047086600,2.0
301752,REMSEN AV/WINTHROP ST,40.65963,-73.927428,36047088002,2.0
301753,REMSEN AV/RUTLAND RD,40.66125,-73.929239,36047088002,2.0
301755,EAST NEW YORK AV/SCHENECTADY AV,40.66261,-73.934919,36047087600,1.0
301757,TROY AV/EMPIRE BLVD,40.664096,-73.937058,36047035500,1.0
301758,TROY AV/MONTGOMERY ST,40.664936,-73.936985,36047035500,1.0
301759,TROY AV/CARROLL ST,40.666673,-73.936811,36047035302,2.0
301760,TROY AV/EASTERN PKWY,40.668753,-73.936618,36047035302,2.0
301762,GLENWOOD RD/E 96 ST,40.64483,-73.902673,36047096800,2.0
301766,E 80 ST/PAERDEGAT 15 ST,40.627883,-73.900544,36047102600,2.0
301767,E 80 ST/AVENUE N,40.628798,-73.902575,36047100400,2.0
301768,AVENUE L/E 83 ST,40.632158,-73.905236,36047100400,2.0
301769,AVENUE L/E 85 ST,40.633101,-73.903786,36047100600,2.0
301770,AVENUE L/E 87 ST,40.634041,-73.902329,36047100600,2.0
301776,REMSEN AV/E 51 ST,40.66194,-73.930306,36047088002,2.0
301777,REMSEN AV/RUTLAND RD,40.660567,-73.928782,36047088002,2.0
301778,REMSEN AV/E 54 ST,40.658899,-73.926928,36047086600,2.0
301779,REMSEN AV/E 56 ST,40.657845,-73.925751,36047086600,2.0
301781,REMSEN AV/KINGS HWY,40.654716,-73.922258,36047086400,1.0
301783,REMSEN AV/CHURCH AV,40.652524,-73.919799,36047093400,2.0
301786,REMSEN AV/DITMAS AV,40.648121,-73.914889,36047093000,2.0
301788,REMSEN AV/FOSTER AV,40.644569,-73.91097,36047096200,2.0
301789,REMSEN AV/FARRAGUT RD,40.642896,-73.909094,36047096400,1.0
301790,REMSEN AV/GLENWOOD RD,40.641418,-73.907461,36047096400,1.0
301791,REMSEN AV/FLATLANDS AV,40.639885,-73.905751,36047096600,2.0
301792,REMSEN AV/AVENUE J,40.638294,-73.903984,36047099400,2.0
301793,REMSEN AV/AVENUE K,40.636494,-73.901976,36047099200,2.0
301794,REMSEN AV/AVENUE L,40.635011,-73.900328,36047100800,2.0
301795,REMSEN AV/AVENUE M,40.633357,-73.898483,36047100800,2.0
301796,REMSEN AV/AVENUE N,40.631703,-73.896644,36047102600,2.0
301797,REMSEN AV/SEAVIEW AV,40.630431,-73.895227,36047102600,2.0
301798,SEAVIEW AV/E 91 ST,40.630757,-73.894216,36047102802,
301799,SEAVIEW AV/E 93 ST,40.631927,-73.892375,36047102801,2.0
301800,SEAVIEW AV/E 95 ST,40.632823,-73.890982,36047102801,2.0
301801,SEAVIEW AV/ROCKAWAY PKWY,40.634007,-73.889096,36047103401,1.0
301802,SEAVIEW AV/E 99 ST,40.634939,-73.887653,36047103401,1.0
301803,SEAVIEW AV/E 102 ST,40.635964,-73.886066,36047103401,1.0
301811,AVENUE L/E 86 ST,40.633323,-73.90371,36047099400,2.0
301812,AVENUE L/E 84 ST,40.632361,-73.905196,36047099600,2.0
301813,AVENUE L/E 82 ST,40.631653,-73.906292,36047099600,2.0
301814,E 80 ST/PAERDEGAT 7 ST,40.630573,-73.907047,36047099800,2.0
301815,E 80 ST/PAERDEGAT 10 ST,40.629486,-73.904635,36047099800,2.0
301816,E 80 ST/PAERDEGAT 13 ST,40.628331,-73.902068,36047099800,2.0
301839,WYCKOFF AV/MENAHAN ST,40.70141,-73.91436,36047044100,1.0
301840,WYCKOFF AV/GREENE AV,40.702309,-73.915924,36047044300,2.0
301841,WYCKOFF AV/HIMROD ST,40.703119,-73.917182,36047044300,2.0
301846,FLUSHING AV/THAMES ST,40.705907,-73.925899,36047045300,1.0
301860,METROPOLITAN AV/GRAHAM AV,40.714513,-73.944865,36047049700,3.0
301875,FLUSHING AV/MELROSE ST,40.705555,-73.92643,36047042700,2.0
301879,WYCKOFF AV/DE KALB AV,40.704324,-73.91937,36047044500,2.0
301880,WYCKOFF AV/STANHOPE ST,40.703163,-73.917502,36047044300,2.0
301881,WYCKOFF AV/HARMAN ST,40.702268,-73.916072,36047044300,2.0
301882,WYCKOFF AV/BLEECKER ST,40.701396,-73.914572,36047044100,1.0
301883,WYCKOFF AV/GROVE ST,40.700553,-73.913041,36047044100,1.0
301918,FLUSHING AV/VANDERBILT AV,40.697746,-73.970577,36047021100,2.0
301919,FLUSHING AV/WASHINGTON AV,40.697647,-73.967907,36047021100,2.0
301920,FLUSHING AV/RYERSON ST,40.697567,-73.965902,36047021100,2.0
301925,FLUSHING AV/WASHINGTON AV,40.697784,-73.968426,36047054300,
301931,DE KALB AV/CARLTON AV,40.689633,-73.972,36047018300,3.0
301933,DE KALB AV/SOUTH PORTLAND AV,40.689752,-73.974946,36047003102,
301934,DE KALB AV/FORT GREENE PL,40.689826,-73.976966,36047003102,
301943,LINDEN BLVD/LOGAN ST,40.666298,-73.873142,36047111600,1.0
301944,LINDEN BLVD/ATKINS AV,40.665257,-73.875603,36047111600,1.0
301945,LINDEN BLVD/SHEPHERD AV,40.664763,-73.876793,36047111600,1.0
301947,ASHFORD ST/LINDEN BLVD,40.662356,-73.880606,36047111000,1.0
301956,PENNSYLVANIA AV/WORTMAN AV,40.655845,-73.888435,36047110400,1.0
301957,PENNSYLVANIA AV/STANLEY AV,40.657304,-73.889508,36047110400,1.0
301958,PENNSYLVANIA AV/LINDEN BLVD,40.658316,-73.890316,36047110400,1.0
301959,PENNSYLVANIA AV/HEGEMAN AV,40.660226,-73.891812,36047112800,1.0
301960,PENNSYLVANIA AV/NEW LOTS AV,40.662151,-73.893256,36047112800,1.0
301961,PENNSYLVANIA AV/RIVERDALE AV,40.66308,-73.893563,36047112800,1.0
301962,PENNSYLVANIA AV/LIVONIA AV,40.665216,-73.894109,36047112600,1.0
301963,PENNSYLVANIA AV/DUMONT AV,40.666585,-73.894466,36047115600,1.0
301964,PENNSYLVANIA AV/BLAKE AV,40.668098,-73.894859,36047115600,1.0
301965,PENNSYLVANIA AV/SUTTER AV,40.669649,-73.895252,36047115600,1.0
301966,PENNSYLVANIA AV/BELMONT AV,40.670884,-73.895551,36047114400,1.0
301967,PENNSYLVANIA AV/PITKIN AV,40.672234,-73.895908,36047114400,1.0
301973,JAMAICA AV/BROADWAY,40.677028,-73.90004,36047114201,2.0
301976,BROADWAY/EASTERN PKWY,40.680135,-73.90557,36047040500,2.0
301977,BROADWAY/ABERDEEN ST,40.681143,-73.907315,36047040500,2.0
301978,BROADWAY/GRANITE ST,40.682028,-73.908833,36047040300,2.0
301979,BROADWAY/CHAUNCEY ST,40.68289,-73.910345,36047040300,2.0
301980,BROADWAY/COOPER ST,40.683723,-73.911815,36047040300,2.0
301982,DECATUR ST/BUSHWICK AV,40.685421,-73.910751,36047040300,2.0
301983,DECATUR ST/EVERGREEN AV,40.687139,-73.909077,36047041100,1.0
301984,DECATUR ST/CENTRAL AV,40.688526,-73.907705,36047041100,1.0
301985,DECATUR ST/WILSON AV,40.690007,-73.906254,36047040900,1.0
301986,DECATUR ST/KNICKERBOCKER AV,40.691472,-73.904816,36047040900,1.0
302013,IRVING AV/COVERT ST,40.693459,-73.904755,36047040900,1.0
302014,SCHAEFER ST/KNICKERBOCKER AV,40.691484,-73.906125,36047040900,1.0
302015,SCHAEFER ST/WILSON AV,40.690003,-73.907581,36047041300,1.0
302016,SCHAEFER ST/CENTRAL AV,40.6885,-73.909058,36047041300,1.0
302017,SCHAEFER ST/EVERGREEN AV,40.687055,-73.910477,36047040100,1.0
302018,SCHAEFER ST/BROADWAY,40.68449,-73.91299,36047040100,1.0
302019,BROADWAY/ROCKAWAY AV,40.683212,-73.91117,36047036900,1.0
302020,BROADWAY/CHAUNCEY ST,40.682435,-73.909794,36047036900,1.0
302022,BROADWAY/HULL ST,40.680211,-73.905914,36047036900,1.0
302030,PENNSYLVANIA AV/PITKIN AV,40.671576,-73.895908,36047114400,1.0
302031,PENNSYLVANIA AV/BELMONT AV,40.670326,-73.895557,36047115600,1.0
302032,PENNSYLVANIA AV/SUTTER AV,40.66909,-73.895237,36047115600,1.0
302033,PENNSYLVANIA AV/BLAKE AV,40.667548,-73.894844,36047115600,1.0
302034,PENNSYLVANIA AV/DUMONT AV,40.666041,-73.894436,36047112600,1.0
302035,PENNSYLVANIA AV/LIVONIA AV,40.664297,-73.893995,36047112600,1.0
302036,PENNSYLVANIA AV/RIVERDALE AV,40.662925,-73.893653,36047112800,1.0
302037,PENNSYLVANIA AV/NEW LOTS AV,40.661583,-73.892974,36047112800,1.0
302038,PENNSYLVANIA AV/HEGEMAN AV,40.659661,-73.891535,36047110400,1.0
302039,PENNSYLVANIA AV/LINDEN BLVD,40.65811,-73.890433,36047110400,1.0
302040,PENNSYLVANIA AV/STANLEY AV,40.656674,-73.889368,36047110400,1.0
302050,LINDEN BLVD/ATKINS AV,40.665214,-73.874651,36047111600,1.0
302051,LINDEN BLVD/LOGAN ST,40.666263,-73.872265,36047111600,1.0
302059,BROADWAY/GREENE AV,40.691176,-73.925105,36047038700,1.0
302071,FULTON ST/GEORGIA AV,40.676876,-73.899213,36047119800,1.0
302252,WEST ST/KENT ST,40.730348,-73.959276,36047056500,3.0
302254,GREENPOINT AV/MANHATTAN AV,40.730102,-73.954444,36047056500,3.0
302255,GREENPOINT AV/LEONARD ST,40.730249,-73.953066,36047057500,3.0
302257,GREENPOINT AV/JEWEL ST,40.730684,-73.948354,36047057902,
302258,GREENPOINT AV/HUMBOLDT ST,40.731492,-73.945982,36047057902,
302278,MEEKER AV/KINGSLAND AV,40.722413,-73.940944,36047059100,3.0
302279,KINGSLAND AV/HERBERT ST,40.72019,-73.940826,36047047700,3.0
302280,KINGSLAND AV/RICHARDSON ST,40.718889,-73.940607,36047047700,3.0
302281,KINGSLAND AV/WITHERS ST,40.717884,-73.940442,36047047700,3.0
302282,KINGSLAND AV/MASPETH AV,40.715886,-73.940115,36047047700,3.0
302286,METROPOLITAN AV/LEONARD ST,40.7142,-73.948118,36047050100,3.0
302287,METROPOLITAN AV/LORIMER ST,40.714084,-73.949721,36047050100,3.0
302288,METROPOLITAN AV/MACRI SQ,40.714091,-73.952005,36047050100,3.0
302289,MARCY AV/METROPOLITAN AV,40.713659,-73.954689,36047051900,3.0
302291,MARCY AV/S 2 ST,40.710772,-73.95649,36047052300,2.0
302292,MARCY AV/S 4 ST,40.709501,-73.95729,36047052500,3.0
302293,BROADWAY/MARCY AV,40.708202,-73.957591,36047052900,3.0
302294,BROADWAY/ROEBLING ST,40.709362,-73.960501,36047052500,3.0
302297,BEDFORD AV/BROADWAY,40.71073,-73.963616,36047054900,3.0
302298,BEDFORD AV/S 4 ST,40.712146,-73.962724,36047055100,3.0
302299,BEDFORD AV/S 2 ST,40.713523,-73.961861,36047055100,3.0
302306,BROADWAY/WYTHE AV,40.710487,-73.966188,36047054900,3.0
302308,RALPH AV/MADISON ST,40.687501,-73.923698,36047038500,2.0
302310,BROADWAY/MARCY AV,40.708638,-73.958417,36047052500,3.0
302311,RODNEY ST/S 5 ST,40.708916,-73.956082,36047052700,1.0
302312,RODNEY ST/S 3 ST,40.710246,-73.955254,36047052700,1.0
302314,RODNEY ST/AINSLIE ST,40.713361,-73.953313,36047051300,3.0
302315,METROPOLITAN AV/UNION AV,40.714022,-73.951176,36047051300,3.0
302317,METROPOLITAN AV/LEONARD ST,40.714212,-73.947213,36047050300,3.0
302319,METROPOLITAN AV/GRAHAM AV,40.714457,-73.944476,36047049700,3.0
302321,KINGSLAND AV/SKILLMAN AV,40.716268,-73.940066,36047044901,1.0
302322,KINGSLAND AV/WITHERS ST,40.71802,-73.940307,36047044901,1.0
302323,KINGSLAND AV/RICHARDSON ST,40.719724,-73.940626,36047044901,1.0
302346,GREENPOINT AV/KINGSLAND AV,40.732576,-73.943261,36047057902,
302347,GREENPOINT AV/N HENRY ST,40.731956,-73.945043,36047057902,
302348,GREENPOINT AV/HUMBOLDT ST,40.731524,-73.946259,36047057902,
302349,GREENPOINT AV/PROVOST ST,40.730667,-73.949699,36047057901,2.0
302351,GREENPOINT AV/LEONARD ST,40.730307,-73.953343,36047057500,3.0
302352,GREENPOINT AV/MANHATTAN AV,40.730201,-73.954683,36047056500,3.0
302355,OLD FULTON ST/ELIZABETH PL,40.702666,-73.993952,36047000100,3.0
302356,OLD FULTON ST/HENRY ST,40.701021,-73.991449,36047000100,3.0
302357,CADMAN PLAZA WEST/MIDDAGH ST,40.699591,-73.99129,36047000100,3.0
302358,CADMAN PLAZA WEST/CLARK ST,40.696696,-73.991464,36047000502,3.0
302359,CADMAN PLAZA WEST/CADMAN TOWER,40.698348,-73.991565,36047000100,3.0
302367,FULTON ST/ROCKWELL PL,40.687969,-73.978767,36047003300,2.0
302368,FULTON ST/LAFAYETTE AV,40.687146,-73.97669,36047003300,2.0
302369,FULTON ST/SOUTH PORTLAND AV,40.686059,-73.974034,36047018100,3.0
302370,FULTON ST/CARLTON AV,40.68478,-73.970798,36047017900,1.0
302371,FULTON ST/CLERMONT AV,40.683904,-73.968617,36047019900,3.0
302372,FULTON ST/CLINTON AV,40.683332,-73.966593,36047019900,3.0
302373,FULTON ST/CLINTON AV,40.683332,-73.966505,36047019900,3.0
302374,FULTON ST/WASHINGTON AV,40.682882,-73.964338,36047020100,3.0
302376,FULTON ST/GRAND  AV,40.682232,-73.961323,36047022700,2.0
302377,FULTON ST/CLASSON AV,40.681579,-73.958134,36047022700,2.0
302378,FULTON ST/FRANKLIN AV,40.680982,-73.955289,36047022700,2.0
302379,FULTON ST/BEDFORD AV,40.6805,-73.952805,36047024700,2.0
302380,FULTON ST/NOSTRAND AV,40.680301,-73.949161,36047024700,2.0
302381,FULTON ST/MARCY AV,40.680116,-73.945667,36047024700,2.0
302382,FULTON ST/BROOKLYN AV,40.680033,-73.944167,36047024700,2.0
302383,FULTON ST/KINGSTON AV,40.67988,-73.941381,36047027100,2.0
302398,EAST NEW YORK AV/ALABAMA AV,40.676693,-73.900118,36047114400,1.0
302413,FULTON ST/TOMPKINS AV,40.680063,-73.943102,36047026900,1.0
302414,FULTON ST/NEW YORK AV,40.680253,-73.946932,36047024900,2.0
302415,FULTON ST/NOSTRAND AV,40.680447,-73.949976,36047024500,2.0
302416,FULTON ST/BEDFORD AV,40.680795,-73.953757,36047022700,2.0
302417,FULTON ST/FRANKLIN AV,40.681189,-73.955841,36047022700,2.0
302418,FULTON ST/CLASSON AV,40.681878,-73.958919,36047022700,2.0
302419,FULTON ST/GRAND AV,40.682497,-73.961904,36047020100,3.0
302421,FULTON ST/WASHINGTON AV,40.6832,-73.965264,36047019900,3.0
302423,FULTON ST/VANDERBILT AV,40.683948,-73.968386,36047019900,3.0
302424,FULTON ST/ADELPHI ST,40.684791,-73.97047,36047017900,1.0
302426,FULTON ST/GREENE AV,40.68573,-73.972824,36047017900,1.0
302427,FULTON ST/SOUTH ELLIOT PL,40.686724,-73.975391,36047003500,3.0
302428,FULTON ST/FORT GREENE PL,40.68738,-73.977028,36047003300,2.0
302430,FULTON ST/HUDSON AV,40.688635,-73.980164,36047003300,2.0
302431,FULTON ST/BOND ST,40.689671,-73.982815,36047003300,2.0
302433,FULTON ST/JAY ST,40.691398,-73.987134,36047001100,3.0
302437,CADMAN PLAZA WEST/TILLARY ST,40.696635,-73.991161,36047001300,3.0
302440,OLD FULTON ST/PROSPECT ST,40.70106,-73.991106,36047002100,3.0
302445,JAY ST/WILLOUGHBY ST,40.692314,-73.987319,36047001100,3.0
302459,PUTNAM AV/CLASSON AV,40.683011,-73.958417,36047022700,2.0
302460,PUTNAM AV/FRANKLIN AV,40.683214,-73.956265,36047022700,2.0
302461,PUTNAM AV/BEDFORD AV,40.683501,-73.953654,36047024500,2.0
302462,PUTNAM AV/NOSTRAND AV,40.683851,-73.950477,36047024500,2.0
302463,NOSTRAND AV/HANCOCK ST,40.682207,-73.950024,36047024500,2.0
302464,HALSEY ST/NOSTRAND AV,40.681803,-73.949387,36047024900,2.0
302465,HALSEY ST/MARCY AV,40.682172,-73.946206,36047026900,1.0
302466,HALSEY ST/TOMPKINS AV,40.682503,-73.943314,36047026900,1.0
302467,HALSEY ST/THROOP AV,40.682831,-73.940495,36047027500,1.0
302468,HALSEY ST/MARCUS GARVEY BLVD,40.683158,-73.937613,36047027500,1.0
302469,HALSEY ST/LEWIS AV,40.683489,-73.934758,36047029500,2.0
302470,HALSEY ST/STUYVESANT AV,40.683828,-73.931822,36047029500,2.0
302471,HALSEY ST/MALCOLM X BLVD,40.684161,-73.928858,36047038300,2.0
302472,HALSEY ST/PATCHEN AV,40.684496,-73.925999,36047038300,2.0
302473,HALSEY ST/RALPH AV,40.68487,-73.922695,36047037700,2.0
302474,HALSEY ST/HOWARD AV,40.685176,-73.920038,36047037700,2.0
302475,HALSEY ST/SARATOGA AV,40.685492,-73.917286,36047037300,1.0
302476,HALSEY ST/BROADWAY,40.685678,-73.915671,36047037300,1.0
302477,HALSEY ST/BUSHWICK AV,40.687288,-73.91361,36047040100,1.0
302478,HALSEY ST/EVERGREEN AV,40.688769,-73.912155,36047041300,1.0
302479,HALSEY ST/CENTRAL AV,40.69025,-73.910699,36047041300,1.0
302480,HALSEY ST/WILSON AV,40.691786,-73.909194,36047043700,2.0
302481,HALSEY ST/KNICKERBOCKER AV,40.693192,-73.907814,36047043700,2.0
302482,HALSEY ST/IRVING AV,40.694769,-73.906243,36047043900,1.0
302483,HALSEY ST/WYCKOFF AV,40.696006,-73.905023,36047043900,1.0
302489,WYCKOFF AV/MADISON ST,40.698442,-73.909242,36047043900,1.0
302490,WYCKOFF AV/JEFFERSON AV,40.697177,-73.906979,36047043900,1.0
302491,WYCKOFF AV/WEIRFIELD ST,40.696369,-73.905571,36047043900,1.0
302492,HALSEY ST/IRVING AV,40.694345,-73.906828,36047043700,2.0
302493,HALSEY ST/KNICKERBOCKER AV,40.692732,-73.90839,36047043700,2.0
302494,HALSEY ST/WILSON AV,40.691254,-73.909862,36047041300,1.0
302495,HALSEY ST/CENTRAL AV,40.6898,-73.911291,36047041300,1.0
302496,HALSEY ST/EVERGREEN AV,40.688341,-73.912728,36047040100,1.0
302498,HALSEY ST/BROADWAY,40.685757,-73.915267,36047040100,1.0
302499,HALSEY ST/SARATOGA AV,40.685498,-73.918137,36047037700,2.0
302500,HALSEY ST/HOWARD AV,40.685193,-73.920816,36047037700,2.0
302501,HALSEY ST/RALPH AV,40.684885,-73.923525,36047038300,2.0
302502,HALSEY ST/PATCHEN AV,40.684508,-73.926806,36047038300,2.0
302503,HALSEY ST/MALCOLM X BLVD,40.684169,-73.929745,36047029500,2.0
302504,HALSEY ST/STUYVESANT AV,40.683822,-73.932639,36047029500,2.0
302505,HALSEY ST/LEWIS AV,40.6835,-73.935554,36047027500,1.0
302507,HALSEY ST/THROOP AV,40.682837,-73.941327,36047026700,3.0
302508,HALSEY ST/TOMPKINS AV,40.682506,-73.944201,36047026700,3.0
302509,HALSEY ST/MARCY AV,40.682243,-73.946469,36047026700,3.0
302511,HALSEY ST/BEDFORD AV,40.68145,-73.953374,36047024500,2.0
302512,PUTNAM AV/BEDFORD AV,40.683605,-73.954185,36047022900,3.0
302513,PUTNAM AV/FRANKLIN AV,40.68341,-73.955972,36047022900,3.0
302514,PUTNAM AV/CLASSON AV,40.68304,-73.959022,36047023100,3.0
302585,GERRITSEN AV/AV V,40.600173,-73.933453,36047057000,2.0
302586,GERRITSEN AV/WHITNEY AV,40.598506,-73.931596,36047057000,2.0
302588,GERRITSEN AV/BIJOU AV,40.596034,-73.92884,36047062800,3.0
302589,GERRITSEN AV/CHANNEL AV,40.594765,-73.92743,36047062800,3.0
302591,GERRITSEN AV/EVERETT AV,40.593164,-73.925642,36047062800,3.0
302592,GERRITSEN AV/GOTHAM AV,40.591897,-73.924218,36047062800,3.0
302594,GERRITSEN AV/CYRUS AV,40.590321,-73.922481,36047062800,3.0
302596,GERRITSEN AV/LOIS AV,40.587989,-73.919884,36047062800,3.0
302597,GERRITSEN AV/GERRITSEN BEACH,40.587137,-73.918938,36047062800,3.0
302598,GERRITSEN AV/GERRITSEN BEACH,40.587101,-73.918503,36047066600,
302599,GERRITSEN AV/LOIS AV,40.587947,-73.919531,36047066600,
302601,GERRITSEN AV/CYRUS AV,40.590282,-73.922135,36047066600,
302603,GERRITSEN AV/GOTHAM AV,40.591837,-73.923872,36047066600,
302604,GERRITSEN AV/EVERETT AV,40.593122,-73.9253,36047066600,
302606,GERRITSEN AV/CHANNEL AV,40.595042,-73.927437,36047066600,
302609,GERRITSEN AV/WHITNEY AV,40.598454,-73.931232,36047063200,3.0
302610,GERRITSEN AV/AVENUE V,40.600074,-73.933046,36047063200,3.0
302623,FLATBUSH AV/LINCOLN RD,40.660947,-73.961001,36047032700,2.0
302680,39 ST/4 AV,40.652335,-74.005795,36047008400,2.0
302681,39 ST/5 AV,40.651303,-74.004083,36047008400,2.0
302682,39 ST/6 AV,40.649686,-74.001423,36047008800,1.0
302683,39 ST/7 AV,40.648374,-73.999232,36047009001,1.0
302684,39 ST/8 AV,40.647018,-73.996987,36047009002,1.0
302686,39 ST/10 AV,40.644356,-73.992613,36047011000,2.0
302687,39 ST/FORT HAMILTON PKWY,40.642895,-73.990195,36047022400,3.0
302688,39 ST/12 AV,40.641698,-73.98821,36047023000,1.0
302692,CHURCH AV/McDONALD AV,40.64265,-73.979587,36047048600,1.0
302693,CHURCH AV/E 3 ST,40.643711,-73.977064,36047048800,3.0
302695,CHURCH AV/OCEAN PKWY,40.644999,-73.973952,36047049400,2.0
302696,CHURCH AV/CONEY ISLAND AV,40.646222,-73.971013,36047049200,2.0
302697,CHURCH AV/WESTMINSTER RD,40.647415,-73.968043,36047152200,3.0
302698,CHURCH AV/RUGBY RD,40.6481,-73.966292,36047152200,3.0
302699,CHURCH AV/E 18 ST,40.649313,-73.963199,36047051200,1.0
302700,CHURCH AV/OCEAN AV,40.650067,-73.960539,36047051002,1.0
302701,CHURCH AV/FLATBUSH AV,40.650362,-73.958218,36047079400,1.0
302702,CHURCH AV/BEDFORD AV,40.650455,-73.955969,36047079400,1.0
302707,CHURCH AV/BROOKLYN AV,40.651007,-73.943459,36047085600,2.0
302708,CHURCH AV/E 38 ST,40.651129,-73.941481,36047085800,1.0
302710,CHURCH AV/E 42 ST,40.651325,-73.937686,36047085800,1.0
302711,CHURCH AV/TROY AV,40.65142,-73.935751,36047086000,1.0
302714,CHURCH AV/E 48 ST,40.651571,-73.932439,36047086000,1.0
302715,CHURCH AV/UTICA AV,40.651655,-73.930572,36047086000,1.0
302716,CHURCH AV/E 52 ST,40.652173,-73.928071,36047086200,1.0
302718,CHURCH AV/E 56 ST,40.652456,-73.924192,36047093800,2.0
302719,CHURCH AV/KINGS HWY,40.652394,-73.922293,36047093600,1.0
302722,CHURCH AV/E 94 ST,40.654816,-73.916683,36047088800,1.0
302723,CHURCH AV/E 96 ST,40.655855,-73.915074,36047089000,1.0
302724,CHURCH AV/ROCKAWAY PKWY,40.656401,-73.914223,36047089000,1.0
302736,CHURCH AV/E 98 ST,40.65664,-73.914132,36047089000,1.0
302737,CHURCH AV/E 96 ST,40.655549,-73.915813,36047089000,1.0
302740,CHURCH AV/REMSEN AV,40.652947,-73.919846,36047088800,1.0
302741,CHURCH AV/RALPH AV,40.652583,-73.92128,36047086400,1.0
302742,CHURCH AV/KINGS HWY,40.652581,-73.923403,36047086400,1.0
302743,CHURCH AV/E 55 ST,40.65252,-73.925501,36047086400,1.0
302745,CHURCH AV/E 52 ST,40.652154,-73.928856,36047086800,1.0
302749,CHURCH AV/TROY AV,40.651511,-73.936602,36047087200,2.0
302750,CHURCH AV/E 42 ST,40.651424,-73.93845,36047081400,2.0
302753,CHURCH AV/BROOKLYN AV,40.651161,-73.944238,36047081600,2.0
302758,CHURCH AV/BEDFORD AV,40.650576,-73.956268,36047079602,2.0
302759,CHURCH AV/FLATBUSH AV,40.650341,-73.959407,36047050801,1.0
302760,CHURCH AV/OCEAN AV,40.650056,-73.961454,36047050801,1.0
302761,CHURCH AV/E 18 ST,40.649346,-73.963494,36047050600,1.0
302763,CHURCH AV/RUGBY RD,40.647941,-73.967066,36047050600,1.0
302764,CHURCH AV/WESTMINSTER RD,40.647267,-73.968782,36047050600,1.0
302765,CHURCH AV/CONEY ISLAND AV,40.64651,-73.97071,36047050600,1.0
302766,CHURCH AV/E 7 ST,40.645396,-73.973514,36047050402,2.0
302767,CHURCH AV/E 5 ST,40.644332,-73.975965,36047049600,2.0
302768,CHURCH AV/E 3 ST,40.643558,-73.977836,36047049600,2.0
302771,CHURCH AV/CHESTER AV,40.641445,-73.982859,36047049600,2.0
302772,13 AV/37 ST,40.641846,-73.985129,36047022600,2.0
302773,39 ST/13 AV,40.640916,-73.986646,36047022600,2.0
302774,39 ST/12 AV,40.642204,-73.988772,36047022600,2.0
302775,39 ST/FORT HAMILTON PKWY,40.643422,-73.990793,36047011000,2.0
302776,39 ST/10 AV,40.644894,-73.993225,36047011000,2.0
302777,39 ST/9 AV,40.645918,-73.994923,36047011000,2.0
302778,39 ST/8 AV,40.647523,-73.997614,36047009001,1.0
302779,39 ST/7 AV,40.64886,-73.999823,36047008800,1.0
302780,39 ST/6 AV,40.650183,-74.002014,36047008800,1.0
302781,39 ST/5 AV,40.651232,-74.003752,36047008800,1.0
302782,39 ST/4 AV,40.652898,-74.006512,36047008400,2.0
302786,W 37 ST/MERMAID AV,40.574968,-74.002804,36047032800,1.0
302787,W 37 ST/NEPTUNE AV,40.57719,-74.003225,36047033000,1.0
302789,W 33 ST/BAY VIEW AV,40.580685,-74.000763,36047033000,1.0
302791,W 33 ST/NEPTUNE AV,40.577395,-74.000262,36047033000,1.0
302792,W 33 ST/MERMAID AV,40.575094,-73.999701,36047032800,1.0
302793,W 33 ST/SURF AV,40.572991,-73.999298,36047034200,1.0
302794,SURF AV/W 29 ST,40.57275,-73.995094,36047034000,1.0
302797,SURF AV/W 23 ST,40.573924,-73.989797,36047035200,1.0
302798,SURF AV/W 21 ST,40.574647,-73.987239,36047035200,1.0
302799,MERMAID AV/W 17 ST,40.576569,-73.984454,36047032600,1.0
302802,SURF AV/W 10 ST,40.575351,-73.977435,36047035200,1.0
302803,SURF AV/W 6 ST,40.574976,-73.974593,36047035200,1.0
302804,W 5 ST/SEA BREEZE AV,40.57592,-73.972962,36047035200,1.0
302806,W 5 ST/NEPTUNE AV,40.579542,-73.971856,36047035602,3.0
302807,NEPTUNE AV/OCEAN PKWY,40.580154,-73.968083,36047035602,3.0
302810,AVENUE Z/OCEAN PKWY,40.586675,-73.965476,36047037000,3.0
302811,AVENUE Z/E 7 ST,40.587039,-73.96216,36047037000,3.0
302812,AVENUE Z/CONEY ISLAND AV,40.587214,-73.960547,36047037000,3.0
302813,AVENUE Z/E 12 ST,40.58746,-73.958319,36047060600,3.0
302814,AVENUE Z/E 13 ST,40.587731,-73.955805,36047060600,3.0
302818,AVENUE Z/OCEAN AV,40.588494,-73.948888,36047060000,3.0
302819,AVENUE Z/E 22 ST,40.588696,-73.947059,36047060000,3.0
302820,AVENUE Z/BEDFORD AV,40.589016,-73.944161,36047060000,3.0
302823,NOSTRAND AV/AVENUE Z,40.589929,-73.939713,36047059600,3.0
302825,NOSTRAND AV/AVENUE X,40.594243,-73.940584,36047057200,1.0
302826,NOSTRAND AV/AVENUE W,40.595788,-73.940882,36047057200,1.0
302827,NOSTRAND AV/AVENUE V,40.598171,-73.941333,36047057200,1.0
302829,NOSTRAND AV/GRAVESEND NECK RD,40.599972,-73.941874,36047057000,2.0
302831,NOSTRAND AV/AVENUE W,40.596019,-73.941155,36047059402,3.0
302832,NOSTRAND AV/AVENUE X,40.593865,-73.940669,36047059402,3.0
302833,NOSTRAND AV/AVENUE Y,40.591347,-73.940284,36047059600,3.0
302834,NOSTRAND AV/AVENUE Z,40.589656,-73.939965,36047059600,3.0
302835,AVENUE Z/E 28 ST,40.589369,-73.942176,36047059600,3.0
302837,AVENUE Z/BEDFORD AV,40.589049,-73.945082,36047059404,2.0
302838,AVENUE Z/E 22 ST,40.588759,-73.947743,36047059404,2.0
302841,AVENUE Z/E 13 ST,40.587789,-73.956597,36047058800,3.0
302842,AVENUE Z/E 12 ST,40.587562,-73.958628,36047058800,3.0
302843,AVENUE Z/CONEY ISLAND AV,40.587395,-73.960144,36047058800,3.0
302844,AVENUE Z/HUBBARD ST,40.587055,-73.96328,36047037000,3.0
302845,AVENUE Z/OCEAN PKWY,40.58679,-73.96566,36047037000,3.0
302849,W 5 ST/NEPTUNE AV,40.579431,-73.972005,36047035400,3.0
302851,SURF AV/W 5 ST,40.575007,-73.974243,36047035400,3.0
302853,SURF AV/W 10 ST,40.575543,-73.978433,36047035000,2.0
302854,SURF AV/STILLWELL AV,40.575581,-73.981204,36047035000,2.0
302856,MERMAID AV/W 17 ST,40.576647,-73.985165,36047032600,1.0
302857,MERMAID AV/W 19 ST,40.576531,-73.986216,36047032600,1.0
302860,SURF AV/W 23 ST,40.573996,-73.990097,36047032600,1.0
302863,SURF AV/W 27 ST,40.573222,-73.993211,36047034200,1.0
302864,SURF AV/W 29 ST,40.57292,-73.99508,36047034200,1.0
302866,SURF AV/W 32 ST,40.572879,-73.998499,36047034200,1.0
302867,SURF AV/W 33 ST,40.572959,-73.99964,36047034200,1.0
302868,SURF AV/W 35 ST,40.573099,-74.000752,36047034200,1.0
302869,SURF AV/W 37 ST,40.573284,-74.00223,36047034200,1.0
302870,SHORE RD/3 AV,40.612508,-74.035931,36047005602,3.0
302873,3 AV/97 ST,40.61608,-74.034025,36047005601,3.0
302874,3 AV/94 ST,40.61779,-74.033272,36047005400,3.0
302875,3 AV/92 ST,40.619821,-74.032448,36047005800,3.0
302876,3 AV/90 ST,40.620906,-74.032002,36047005800,3.0
302877,3 AV/88 ST,40.622314,-74.031433,36047006000,3.0
302878,3 AV/86 ST,40.623772,-74.030832,36047006200,3.0
302881,3 AV/80 ST,40.628104,-74.029112,36047006400,3.0
302882,3 AV/78 ST,40.62957,-74.028528,36047006400,3.0
302883,3 AV/BAY RIDGE PKWY,40.631727,-74.027597,36047006600,2.0
302889,3 AV/60 ST,40.641835,-74.02029,36047007200,1.0
302890,3 AV/58 ST,40.643303,-74.018763,36047007400,1.0
302891,3 AV/56 ST,40.644445,-74.01764,36047002200,1.0
302892,3 AV/53 ST,40.646085,-74.015964,36047002000,1.0
302894,3 AV/50 ST,40.647693,-74.014261,36047002000,1.0
302897,3 AV/44 ST,40.651163,-74.010613,36047008200,1.0
302898,3 AV/42 ST,40.652266,-74.009453,36047008200,1.0
302899,3 AV/39 ST,40.653657,-74.008061,36047000200,1.0
302900,3 AV/37 ST,40.65504,-74.006608,36047008400,2.0
302901,3 AV/34 ST,40.656705,-74.00484,36047008400,2.0
302903,3 AV/30 ST,40.659027,-74.002493,36047001801,
302908,3 AV/20 ST,40.664599,-73.996633,36047014300,3.0
302912,3 AV/12 ST,40.66991,-73.992188,36047011700,3.0
302914,3 AV/6 ST,40.673516,-73.989181,36047011901,3.0
302915,3 AV/3 ST,40.675344,-73.987656,36047011901,3.0
302916,3 AV/CARROLL ST,40.677323,-73.986015,36047011901,3.0
302917,3 AV/UNION ST,40.678593,-73.985157,36047011901,3.0
302945,FULTON ST/SMITH ST,40.69148,-73.987534,36047003700,3.0
302947,FULTON ST/BOND ST,40.689709,-73.983099,36047003700,3.0
302948,FULTON ST/FLATBUSH AV EXT,40.688965,-73.981252,36047003700,3.0
302954,3 AV/WARREN ST,40.68206,-73.98295,36047012700,2.0
302957,3 AV/UNION ST,40.67811,-73.985687,36047011901,3.0
302960,3 AV/6 ST,40.67339,-73.989538,36047011901,3.0
302962,3 AV/12 ST,40.66944,-73.992837,36047011700,3.0
302963,3 AV/14 ST,40.668252,-73.993832,36047011700,3.0
302968,3 AV/25 ST,40.662037,-73.99995,36047001801,
302971,3 AV/29 ST,40.659285,-74.002776,36047001801,
302973,3 AV/33 ST,40.657099,-74.005049,36047001802,
302975,3 AV/37 ST,40.655125,-74.007095,36047000200,1.0
302976,3 AV/39 ST,40.653692,-74.008621,36047000200,1.0
302977,3 AV/41 ST,40.652491,-74.009197,36047008200,1.0
302978,3 AV/43 ST,40.651498,-74.010925,36047000200,1.0
302981,3 AV/49 ST,40.648157,-74.014436,36047002000,1.0
302985,3 AV/55 ST,40.644916,-74.017782,36047002200,1.0
302992,3 AV/BAY RIDGE AV,40.635506,-74.026182,36047006800,2.0
302995,3 AV/BAY RIDGE PKWY,40.631595,-74.027794,36047006600,2.0
302996,3 AV/77 ST,40.629867,-74.028497,36047006400,3.0
302999,3 AV/83 ST,40.62593,-74.030123,36047006200,3.0
303000,3 AV/86 ST,40.623355,-74.031131,36047006000,3.0
303003,3 AV/92 ST,40.619129,-74.03298,36047005800,3.0
303017,FULTON ST/ROCKWELL PL,40.688106,-73.979087,36047003300,2.0
303019,LAFAYETTE AV/SOUTH PORTLAND AV,40.687206,-73.974215,36047018100,3.0
303020,LAFAYETTE AV/CARLTON AV,40.687523,-73.971354,36047018100,3.0
303021,LAFAYETTE AV/VANDERBILT AV,40.687856,-73.968348,36047019700,3.0
303022,LAFAYETTE AV/WASHINGTON AV,40.688199,-73.965384,36047019700,3.0
303023,LAFAYETTE AV/GRAND AV,40.688541,-73.962427,36047023100,3.0
303024,LAFAYETTE AV/CLASSON AV,40.688864,-73.959597,36047023300,2.0
303025,LAFAYETTE AV/FRANKLIN AV,40.689115,-73.957429,36047023300,2.0
303026,LAFAYETTE AV/BEDFORD AV,40.689433,-73.954685,36047024300,2.0
303027,LAFAYETTE AV/NOSTRAND AV,40.689857,-73.950967,36047025100,1.0
303028,LAFAYETTE AV/MARCY AV,40.690231,-73.947776,36047026300,2.0
303029,LAFAYETTE AV/TOMPKINS AV,40.690557,-73.944948,36047026300,2.0
303030,LAFAYETTE AV/THROOP AV,40.690885,-73.942099,36047027900,2.0
303032,LAFAYETTE AV/LEWIS AV,40.691541,-73.936343,36047029100,1.0
303033,LAFAYETTE AV/STUYVESANT AV,40.691884,-73.933411,36047029100,1.0
303034,LAFAYETTE AV/MALCOLM X BLVD,40.69222,-73.93049,36047038700,1.0
303036,KOSSUTH PL/BUSHWICK AV,40.694012,-73.926542,36047039500,1.0
303038,DE KALB AV/EVERGREEN AV,40.696344,-73.926966,36047042100,2.0
303039,DE KALB AV/MYRTLE AV,40.698404,-73.924944,36047042100,2.0
303040,DE KALB AV/WILSON AV,40.699506,-73.923869,36047042100,2.0
303041,DE KALB AV/KNICKERBOCKER AV,40.701317,-73.922088,36047042900,1.0
303042,DE KALB AV/IRVING AV,40.702905,-73.920529,36047044500,2.0
303043,DE KALB AV/WYCKOFF AV,40.704487,-73.918961,36047044500,2.0
303044,DE KALB AV/SAINT NICHOLAS AV,40.705669,-73.917755,36047044500,2.0
303072,DE KALB AV/SAINT NICHOLAS AV,40.70519,-73.918371,36047044500,2.0
303073,DE KALB AV/WYCKOFF AV,40.704149,-73.919426,36047044500,2.0
303074,DE KALB AV/IRVING AV,40.702449,-73.921097,36047042900,1.0
303075,DE KALB AV/KNICKERBOCKER AV,40.700893,-73.92265,36047042900,1.0
303076,DE KALB AV/WILSON AV,40.699717,-73.923783,36047042900,1.0
303077,DE KALB AV/MYRTLE AV,40.697765,-73.925723,36047042300,2.0
303078,DE KALB AV/EVERGREEN AV,40.695949,-73.927522,36047039300,1.0
303081,DE KALB AV/MALCOLM X BLVD,40.693691,-73.931604,36047028900,1.0
303082,DE KALB AV/STUYVESANT AV,40.693353,-73.934547,36047028900,1.0
303083,DE KALB AV/LEWIS AV,40.693023,-73.937474,36047028100,1.0
303085,DE KALB AV/THROOP AV,40.692428,-73.942596,36047028100,1.0
303086,DE KALB AV/TOMPKINS AV,40.692045,-73.946054,36047026100,2.0
303087,DE KALB AV/MARCY AV,40.691717,-73.948892,36047025300,2.0
303088,DE KALB AV/NOSTRAND AV,40.691337,-73.952196,36047024100,3.0
303090,DE KALB AV/BEDFORD AV,40.690902,-73.955843,36047023500,2.0
303091,DE KALB AV/FRANKLIN AV,40.690759,-73.957179,36047023500,2.0
303092,DE KALB AV/CLASSON AV,40.69036,-73.960713,36047019300,2.0
303094,DE KALB AV/WASHINGTON AV,40.689678,-73.966584,36047019500,2.0
303096,DE KALB AV/VANDERBILT AV,40.689542,-73.96952,36047018300,3.0
303102,DE KALB AV/FLATBUSH AV EXT,40.689992,-73.981257,36047003101,3.0
303117,WILLIAMSBURG BRIDGE PLAZA/LANE 1,40.709597,-73.959359,36047052500,3.0
303135,RALPH AV/STERLING PL,40.671305,-73.922289,36047036300,1.0
303136,RALPH AV/PROSPECT PL,40.673098,-73.922121,36047036300,1.0
303137,RALPH AV/BERGEN ST,40.674442,-73.921994,36047030300,1.0
303138,RALPH AV/DEAN ST,40.675658,-73.92188,36047030300,1.0
303140,RALPH AV/ATLANTIC AV,40.677243,-73.921716,36047030100,2.0
303141,RALPH AV/FULTON ST,40.678743,-73.921588,36047030100,2.0
303142,RALPH AV/SUMPTER ST,40.680058,-73.922084,36047037900,1.0
303143,RALPH AV/BAINBRIDGE ST,40.68223,-73.922515,36047037700,2.0
303144,RALPH AV/MACDONOUGH ST,40.683729,-73.922808,36047037700,2.0
303145,RALPH AV/HALSEY ST,40.684766,-73.923016,36047037700,2.0
303146,RALPH AV/HANCOCK ST,40.685927,-73.923249,36047037500,1.0
303147,RALPH AV/PUTNAM AV,40.687404,-73.923543,36047037500,1.0
303148,RALPH AV/GATES AV,40.689164,-73.923888,36047037500,1.0
303149,RALPH AV/BROADWAY,40.690793,-73.924309,36047039500,1.0
303151,BROADWAY/KOSSUTH PL,40.692974,-73.928075,36047039300,1.0
303152,BROADWAY/DE KALB AV,40.694074,-73.929979,36047039300,1.0
303153,BROADWAY/LAWTON ST,40.694911,-73.931411,36047039300,1.0
303154,BROADWAY/WILLOUGHBY AV,40.696002,-73.933414,36047039300,1.0
303156,BROADWAY/ARION PL,40.69807,-73.937041,36047038900,3.0
303158,BROADWAY/FLUSHING AV,40.700664,-73.941708,36047038900,3.0
303159,BROADWAY/COOK ST,40.70234,-73.944549,36047049100,1.0
303160,BROADWAY/LEONARD ST,40.702982,-73.945695,36047049100,1.0
303161,BROADWAY/LORIMER ST,40.704482,-73.948374,36047049100,1.0
303162,BROADWAY/BOERUM ST,40.705142,-73.949556,36047049100,1.0
303163,BROADWAY/MONTROSE AV,40.706254,-73.951586,36047052700,1.0
303164,BROADWAY/HOOPER ST,40.707109,-73.95389,36047052700,1.0
303170,BROADWAY/HOOPER ST,40.707047,-73.954114,36047052900,3.0
303172,BROADWAY/HEYWARD ST,40.705477,-73.950443,36047052900,3.0
303173,BROADWAY/LORIMER ST,40.704136,-73.948057,36047050900,3.0
303175,BROADWAY/GERRY ST,40.702496,-73.945111,36047050700,3.0
303178,BROADWAY/PARK AV,40.698656,-73.93836,36047028502,1.0
303180,BROADWAY/WILLOUGHBY AV,40.695515,-73.932806,36047028700,1.0
303182,BROADWAY/DE KALB AV,40.693587,-73.92936,36047028900,1.0
303188,RALPH AV/JEFFERSON AV,40.686035,-73.923412,36047038300,2.0
303189,RALPH AV/HALSEY ST,40.684967,-73.923193,36047038300,2.0
303190,RALPH AV/MACON ST,40.68383,-73.922963,36047038300,2.0
303191,RALPH AV/DECATUR ST,40.682395,-73.92268,36047038100,2.0
303192,RALPH AV/CHAUNCEY ST,40.680891,-73.922428,36047038100,2.0
303193,RALPH AV/FULTON ST,40.678513,-73.921744,36047029900,1.0
303195,RALPH AV/PACIFIC ST,40.675804,-73.921999,36047030700,1.0
303196,RALPH AV/BERGEN ST,40.67425,-73.922145,36047030700,1.0
303198,RALPH AV/STERLING PL,40.671111,-73.922445,36047035900,1.0
303215,FLATBUSH AV/KINGS PLAZA,40.609251,-73.92154,36047069800,3.0
303218,FLATBUSH AV/UTICA AV,40.613605,-73.926743,36047067200,3.0
303219,FLATBUSH AV/E 48 ST,40.61528,-73.928647,36047067400,2.0
303222,FLATBUSH AV/TROY AV,40.61932,-73.933156,36047065000,2.0
303223,FLATBUSH AV/FLATLANDS AV,40.621551,-73.935578,36047073600,2.0
303224,FLATBUSH AV/KINGS HWY,40.622273,-73.936348,36047073600,2.0
303227,FLATBUSH AV/AVENUE K,40.62544,-73.939696,36047073600,2.0
303228,FLATBUSH AV/BROOKLYN AV,40.62675,-73.941089,36047074000,2.0
303229,FLATBUSH AV/E 35 ST,40.627818,-73.942215,36047074000,2.0
303230,FLATBUSH AV/AVENUE I,40.629409,-73.943955,36047074200,2.0
303233,FLATBUSH AV/E 29 ST,40.634321,-73.949098,36047078601,1.0
303234,FLATBUSH AV/ROGERS AV,40.636367,-73.951259,36047078801,1.0
303235,FLATBUSH AV/FOSTER AV,40.638731,-73.953772,36047079002,1.0
303237,FLATBUSH AV/CLARENDON RD,40.643075,-73.957614,36047079201,1.0
303238,FLATBUSH AV/CORTELYOU RD,40.64423,-73.957829,36047079201,1.0
303239,FLATBUSH AV/TILDEN AV,40.64689,-73.958018,36047079400,1.0
303241,FLATBUSH AV/CATON AV,40.653327,-73.959297,36047079602,2.0
303242,FLATBUSH AV/CLARKSON AV,40.655257,-73.959675,36047079601,1.0
303243,FLATBUSH AV/HAWTHORNE ST,40.657584,-73.960221,36047079601,1.0
303244,FLATBUSH AV/MIDWOOD ST,40.659854,-73.960476,36047079801,3.0
303247,FLATBUSH AV/PROSPECT PARK ZOO,40.665988,-73.964264,36047017700,
303249,FLATBUSH AV/STERLING PL,40.676181,-73.971681,36047015900,3.0
303250,FLATBUSH AV/PARK PL,40.677748,-73.972744,36047016100,3.0
303253,FLATBUSH AV/BERGEN ST,40.681136,-73.975205,36047012902,3.0
303254,FLATBUSH AV/ATLANTIC AV,40.684771,-73.977818,36047003500,3.0
303258,LIVINGSTON ST/HOYT ST,40.689844,-73.986081,36047003700,3.0
303259,LIVINGSTON ST/SMITH ST,40.69047,-73.9877,36047003700,3.0
303269,VETERANS AV/AVENUE T,40.62002,-73.910961,36047069602,3.0
303270,VETERANS AV/E 66 ST,40.61987,-73.913265,36047069602,3.0
303271,VETERANS AV/E 65 ST,40.619753,-73.915142,36047069602,3.0
303272,VETERANS AV/RALPH AV,40.619634,-73.917083,36047069602,3.0
303274,AVENUE N/E 57 ST,40.619409,-73.920541,36047069000,2.0
303275,AVENUE N/E 55 ST,40.619286,-73.922483,36047069000,2.0
303276,AVENUE N/E 53 ST,40.619167,-73.924472,36047068000,2.0
303277,AVENUE N/UTICA AV,40.619026,-73.926701,36047068000,2.0
303290,LIVINGSTON ST/SMITH ST,40.69022,-73.987469,36047003700,3.0
303295,FLATBUSH AV/ATLANTIC AV,40.684187,-73.977626,36047012901,3.0
303296,FLATBUSH AV/5 AV,40.682509,-73.976463,36047012901,3.0
303297,FLATBUSH AV/BERGEN ST,40.680464,-73.974971,36047012902,3.0
303300,FLATBUSH AV/PARK PL,40.677359,-73.972665,36047016100,3.0
303301,FLATBUSH AV/8 AV,40.675771,-73.971508,36047015900,3.0
303303,FLATBUSH AV/PROSPECT PARK ZOO,40.665554,-73.964232,36047017700,
303306,FLATBUSH AV/CHESTER CT,40.658183,-73.960552,36047079802,1.0
303307,FLATBUSH AV/PARKSIDE AV,40.655257,-73.959894,36047050803,1.0
303308,FLATBUSH AV/CATON AV,40.652597,-73.959366,36047050801,1.0
303310,FLATBUSH AV/ALBEMARLE RD,40.647176,-73.958227,36047051001,1.0
303311,FLATBUSH AV/BEVERLY RD,40.644462,-73.958154,36047051400,1.0
303312,FLATBUSH AV/DORCHESTER RD,40.642062,-73.957312,36047051602,1.0
303313,FLATBUSH AV/DITMAS AV,40.640291,-73.955569,36047051601,1.0
303314,FLATBUSH AV/FOSTER AV,40.638223,-73.953524,36047077000,2.0
303315,FLATBUSH AV/FARRAGUT RD,40.635683,-73.950848,36047077000,2.0
303316,FLATBUSH AV/GLENWOOD RD,40.634189,-73.949268,36047077400,1.0
303317,FLATBUSH AV/NOSTRAND AV,40.632295,-73.947221,36047077400,1.0
303318,FLATBUSH AV/AURELIA CT,40.629867,-73.944699,36047077400,1.0
303319,FLATBUSH AV/E 35 ST,40.627646,-73.942302,36047074000,2.0
303323,FLATBUSH AV/FLATLANDS AV,40.620949,-73.935247,36047065000,2.0
303324,FLATBUSH AV/AVENUE P,40.619195,-73.933306,36047065000,2.0
303326,AVENUE N/SCHENECTADY AV,40.618725,-73.929357,36047067400,2.0
303328,AVENUE N/E 52 ST,40.619022,-73.924594,36047068200,2.0
303329,AVENUE N/E 54 ST,40.619147,-73.922663,36047069000,2.0
303330,AVENUE N/E 56 ST,40.619269,-73.920671,36047068800,3.0
303331,AVENUE N/E 58 ST,40.619385,-73.918758,36047068800,3.0
303332,AVENUE N/RALPH AV,40.619467,-73.917462,36047068800,3.0
303333,VETERANS AV/E 64 ST,40.619594,-73.915246,36047069800,3.0
303334,VETERANS AV/E 66 ST,40.619714,-73.913218,36047069602,3.0
303335,VETERANS AV/AVENUE T,40.619803,-73.911788,36047069602,3.0
303338,FLATBUSH AV/QUENTIN RD,40.617607,-73.931523,36047065200,3.0
303339,FLATBUSH AV/AVENUE R,40.615975,-73.929712,36047065200,3.0
303340,FLATBUSH AV/FILLMORE AV,40.614695,-73.92828,36047065200,3.0
303341,FLATBUSH AV/AVENUE S,40.613075,-73.926474,36047065200,3.0
303345,ROCKAWAY PKWY/SUBWAY STATION,40.645775,-73.901624,36047097400,1.0
303348,ROCKAWAY PKWY/AVENUE J,40.64166,-73.898593,36047099000,2.0
303349,ROCKAWAY PKWY/AVENUE K,40.640465,-73.897268,36047099000,2.0
303350,ROCKAWAY PKWY/AVENUE L,40.638778,-73.895387,36047099000,2.0
303351,ROCKAWAY PKWY/AVENUE M,40.637137,-73.893562,36047101000,1.0
303352,ROCKAWAY PKWY/AVENUE N,40.635176,-73.891378,36047102400,2.0
303353,ROCKAWAY PKWY/SEAVIEW AV,40.633934,-73.890001,36047102400,2.0
303355,ROCKAWAY PKWY/SHORE PKWY SERVICE RD NORTH,40.631304,-73.88668,36047103401,1.0
303356,ROCKAWAY PKWY/SEAVIEW AV,40.633686,-73.889334,36047103401,1.0
303357,ROCKAWAY PKWY/AVENUE N,40.63545,-73.891382,36047102200,2.0
303358,ROCKAWAY PKWY/AVENUE M,40.637079,-73.893199,36047102200,2.0
303359,ROCKAWAY PKWY/AVENUE L,40.638695,-73.894998,36047101200,2.0
303360,ROCKAWAY PKWY/AVENUE K,40.640681,-73.89721,36047098800,2.0
303361,ROCKAWAY PKWY/AVENUE J,40.642308,-73.89902,36047098800,2.0
303366,NOSTRAND AV/AVENUE T,40.603052,-73.942294,36047056600,2.0
303367,NOSTRAND AV/AVENUE S,40.605421,-73.942735,36047056400,3.0
303369,NOSTRAND AV/GERRITSEN AV,40.608984,-73.943416,36047056400,3.0
303370,NOSTRAND AV/QUENTIN RD,40.610123,-73.943561,36047064000,3.0
303371,NOSTRAND AV/AVENUE P,40.613115,-73.944115,36047064400,2.0
303372,NOSTRAND AV/MARINE PKWY,40.614446,-73.944373,36047064400,2.0
303374,NOSTRAND AV/AVENUE N,40.617532,-73.94503,36047074600,3.0
303375,NOSTRAND AV/AVENUE M,40.619912,-73.945478,36047074800,3.0
303376,NOSTRAND AV/AVENUE L,40.62188,-73.945851,36047074800,3.0
303377,NOSTRAND AV/AVENUE K,40.624532,-73.946321,36047074200,2.0
303378,NOSTRAND AV/AVENUE J,40.627115,-73.946852,36047074200,2.0
303379,NOSTRAND AV/AVENUE I,40.629484,-73.947279,36047077400,1.0
303380,NOSTRAND AV/FLATBUSH AV,40.632352,-73.947522,36047077400,1.0
303381,NOSTRAND AV/GLENWOOD RD,40.634315,-73.947718,36047078602,1.0
303382,FARRAGUT RD/NOSTRAND AV,40.63623,-73.947573,36047078602,1.0
303383,NEW YORK AV/FARRAGUT RD,40.636839,-73.945097,36047078200,1.0
303384,NEW YORK AV/FOSTER AV,40.63915,-73.945318,36047083000,1.0
303385,NEW YORK AV/AVENUE D,40.641022,-73.94553,36047083000,1.0
303386,NEW YORK AV/CLARENDON RD,40.64377,-73.945819,36047085400,1.0
303387,NEW YORK AV/BEVERLY RD,40.645642,-73.946019,36047085600,2.0
303388,NEW YORK AV/TILDEN AV,40.647319,-73.946205,36047085600,2.0
303389,NEW YORK AV/SNYDER AV,40.64941,-73.946427,36047085600,2.0
303390,NEW YORK AV/CHURCH AV,40.651269,-73.94662,36047081800,1.0
303391,NEW YORK AV/LINDEN BLVD,40.653127,-73.946824,36047081800,1.0
303392,NEW YORK AV/LENOX RD,40.654648,-73.946956,36047081600,2.0
303393,NEW YORK AV/CLARKSON AV,40.655908,-73.947114,36047080800,1.0
303394,NEW YORK AV/WINTHROP ST,40.657582,-73.947307,36047081000,2.0
303395,NEW YORK AV/FENIMORE ST,40.65918,-73.947475,36047081000,2.0
303396,NEW YORK AV/MIDWOOD ST,40.66022,-73.947586,36047081000,2.0
303398,NEW YORK AV/EMPIRE BL,40.663936,-73.947987,36047032900,2.0
303399,NEW YORK AV/MONTGOMERY ST,40.665545,-73.948062,36047033300,3.0
303400,NEW YORK AV/CARROLL ST,40.667329,-73.947887,36047033500,3.0
303401,NEW YORK AV/UNION ST,40.669055,-73.947727,36047033702,2.0
303402,NEW YORK AV/EASTERN PKWY,40.670227,-73.947618,36047033701,2.0
303403,NEW YORK AV/SAINT JOHNS PL,40.671322,-73.947513,36047033900,1.0
303404,NEW YORK AV/STERLING PL,40.672676,-73.947385,36047034100,2.0
303405,NEW YORK AV/PROSPECT PL,40.674446,-73.947218,36047034100,2.0
303406,NEW YORK AV/BERGEN ST,40.675821,-73.947087,36047031300,1.0
303407,NEW YORK AV/PACIFIC ST,40.677803,-73.946906,36047031300,1.0
303408,NEW YORK AV/ATLANTIC AV,40.678703,-73.946818,36047024700,2.0
303411,BEDFORD AV/FULTON ST,40.681039,-73.953342,36047024500,2.0
303412,BEDFORD AV/HANCOCK ST,40.682452,-73.953626,36047024500,2.0
303413,BEDFORD AV/PUTNAM AV,40.683473,-73.953835,36047024500,2.0
303416,BEDFORD AV/GREENE AV,40.688305,-73.95479,36047024300,2.0
303417,BEDFORD AV/LAFAYETTE AV,40.689351,-73.955002,36047024300,2.0
303418,BEDFORD AV/DE KALB AV,40.691288,-73.95539,36047024100,3.0
303419,BEDFORD AV/WILLOUGHBY AV,40.693372,-73.955811,36047024100,3.0
303420,BEDFORD AV/MYRTLE AV,40.694473,-73.95603,36047024100,3.0
303421,BEDFORD AV/PARK AV,40.69668,-73.956472,36047123700,2.0
303422,BEDFORD AV/FLUSHING AV,40.698884,-73.956915,36047123700,2.0
303425,BEDFORD AV/HEWES ST,40.702845,-73.959584,36047053300,2.0
303427,BEDFORD AV/TAYLOR ST,40.705825,-73.962904,36047053500,2.0
303434,NOSTRAND AV/VOORHIES AV,40.587608,-73.939283,36047059800,2.0
303440,NOSTRAND AV/AVENUE U,40.600949,-73.941896,36047056600,2.0
303441,LEE AV/FLUSHING AV,40.699506,-73.953484,36047053102,3.0
303444,NOSTRAND AV/MYRTLE AV,40.694587,-73.952485,36047024100,3.0
303445,NOSTRAND AV/WILLOUGHBY AV,40.693268,-73.952203,36047024100,3.0
303446,NOSTRAND AV/DEKALB AV,40.69145,-73.951842,36047024100,3.0
303447,NOSTRAND AV/LAFAYETTE AV,40.689536,-73.951479,36047024300,2.0
303448,NOSTRAND AV/GREENE AV,40.688059,-73.951192,36047024300,2.0
303451,NOSTRAND AV/PUTNAM AV,40.683672,-73.950315,36047024500,2.0
303456,NOSTRAND AV/PACIFIC ST,40.677335,-73.94988,36047031500,2.0
303457,NOSTRAND AV/BERGEN ST,40.675671,-73.950037,36047031500,2.0
303458,NOSTRAND AV/PROSPECT PL,40.674201,-73.950169,36047031701,2.0
303459,NOSTRAND AV/SAINT JOHNS PL,40.670871,-73.950508,36047031702,2.0
303460,NOSTRAND AV/EASTERN PKWY,40.669288,-73.950627,36047032100,2.0
303461,NOSTRAND AV/CARROLL ST,40.666866,-73.950851,36047032100,2.0
303463,NOSTRAND AV/EMPIRE BLVD,40.663474,-73.951015,36047032900,2.0
303464,NOSTRAND AV/LEFFERTS AV,40.661981,-73.950861,36047080000,2.0
303465,NOSTRAND AV/MAPLE ST,40.66052,-73.9507,36047080000,2.0
303466,NOSTRAND AV/RUTLAND RD,40.659055,-73.950546,36047080200,2.0
303467,NOSTRAND AV/HAWTHORNE ST,40.657496,-73.950378,36047080200,2.0
303469,NOSTRAND AV/CLARKSON AV,40.655011,-73.950113,36047082000,1.0
303471,NOSTRAND AV/LINDEN BLVD,40.652275,-73.949816,36047082000,1.0
303473,NOSTRAND AV/SNYDER AV,40.648613,-73.949426,36047082400,1.0
303474,NOSTRAND AV/TILDEN AV,40.64656,-73.949204,36047082600,1.0
303475,NOSTRAND AV/BEVERLY RD,40.644798,-73.949011,36047082600,1.0
303476,NOSTRAND AV/CLARENDON RD,40.64283,-73.948804,36047082800,1.0
303477,NOSTRAND AV/NEWKIRK AV,40.640085,-73.948517,36047082800,1.0
303479,NOSTRAND AV/FARRAGUT RD,40.635929,-73.948063,36047078601,1.0
303480,NOSTRAND AV/GLENWOOD RD,40.63409,-73.947873,36047078601,1.0
303482,NOSTRAND AV/AVENUE I,40.628817,-73.947348,36047075000,3.0
303483,NOSTRAND AV/AVENUE J,40.626426,-73.94691,36047075000,3.0
303484,NOSTRAND AV/AVENUE K,40.62425,-73.946447,36047074800,3.0
303486,NOSTRAND AV/AVENUE M,40.619231,-73.945547,36047074600,3.0
303488,NOSTRAND AV/KINGS HWY,40.616209,-73.944977,36047074600,3.0
303490,NOSTRAND AV/AVENUE P,40.611636,-73.944109,36047064200,3.0
303491,NOSTRAND AV/QUENTIN RD,40.609472,-73.9437,36047056400,3.0
303492,NOSTRAND AV/AVENUE R,40.606969,-73.943227,36047056400,3.0
303493,NOSTRAND AV/AVENUE S,40.604746,-73.942804,36047056600,2.0
303494,NOSTRAND AV/AVENUE T,40.60233,-73.942352,36047056600,2.0
303495,NOSTRAND AV/AVENUE U,40.600537,-73.942008,36047056600,2.0
303502,NOSTRAND AV/VOORHIES AV,40.586988,-73.93946,36047060000,3.0
303511,LEE AV/ROSS ST,40.705599,-73.9599,36047053500,2.0
303513,LEE AV/HEWES ST,40.70338,-73.95742,36047053300,2.0
303515,LEE AV/LYNCH ST,40.701093,-73.954861,36047053101,3.0
303517,LIVINGSTON ST/COURT ST,40.691341,-73.99088,36047000900,3.0
303526,ATLANTIC AV/FLATBUSH AV,40.683769,-73.976996,36047012902,3.0
303530,ATLANTIC AV/VANDERBILT AV,40.681559,-73.967208,36047020300,3.0
303531,WASHINGTON AV/ATLANTIC AV,40.680669,-73.964429,36047020300,3.0
303532,WASHINGTON AV/DEAN ST,40.679483,-73.964164,36047020300,3.0
303533,WASHINGTON AV/BERGEN ST,40.678221,-73.963937,36047020500,3.0
303534,WASHINGTON AV/PROSPECT PL,40.676148,-73.963559,36047020500,3.0
303535,WASHINGTON AV/STERLING PL,40.6742,-73.963167,36047020700,3.0
303536,SAINT JOHNS PL/WASHINGTON AV,40.673423,-73.962414,36047021500,3.0
303537,SAINT JOHNS PL/CLASSON AV,40.672983,-73.960327,36047021700,2.0
303539,SAINT JOHNS PL/BEDFORD AV,40.671822,-73.954838,36047021900,2.0
303540,SAINT JOHNS PL/ROGERS AV,40.671712,-73.952671,36047031702,2.0
303541,SAINT JOHNS PL/NOSTRAND AV,40.671593,-73.950469,36047031702,2.0
303542,SAINT JOHNS PL/NEW YORK AV,40.671394,-73.947232,36047033900,1.0
303544,SAINT JOHNS PL/KINGSTON AV,40.671086,-73.941623,36047033900,1.0
303545,SAINT JOHNS PL/ALBANY AV,40.670937,-73.938851,36047033900,1.0
303546,SAINT JOHNS PL/TROY AV,40.670787,-73.936097,36047035301,1.0
303547,SAINT JOHNS PL/SCHENECTADY AV,40.670665,-73.933844,36047035301,1.0
303548,SAINT JOHNS PL/UTICA AV,40.670512,-73.931075,36047035101,1.0
303549,SAINT JOHNS PL/ROCHESTER AV,40.670332,-73.927727,36047035701,1.0
303552,SAINT MARKS AV/BUFFALO AV,40.67377,-73.924316,36047035900,1.0
303556,RALPH AV/SAINT JOHNS PL,40.670198,-73.922535,36047035900,1.0
303557,SAINT JOHNS PL/RALPH AV,40.670227,-73.923231,36047035900,1.0
303558,SAINT JOHNS PL/BUFFALO AV,40.670383,-73.925993,36047035701,1.0
303560,SAINT JOHNS PL/UTICA AV,40.670647,-73.930816,36047034901,1.0
303561,SAINT JOHNS PL/SCHENECTADY AV,40.67083,-73.934117,36047035301,1.0
303562,SAINT JOHNS PL/TROY AV,40.670988,-73.936889,36047033900,1.0
303563,SAINT JOHNS PL/ALBANY AV,40.671124,-73.939661,36047033900,1.0
303564,SAINT JOHNS PL/KINGSTON AV,40.671248,-73.941878,36047033900,1.0
303565,SAINT JOHNS PL/BROOKLYN AV,40.671401,-73.94464,36047033900,1.0
303566,SAINT JOHNS PL/NEW YORK AV,40.671524,-73.947425,36047033900,1.0
303567,SAINT JOHNS PL/NOSTRAND AV,40.67168,-73.950198,36047031702,2.0
303568,SAINT JOHNS PL/ROGERS AV,40.671833,-73.952967,36047031702,2.0
303569,STERLING PL/BEDFORD AV,40.672865,-73.954732,36047021900,2.0
303570,STERLING PL/FRANKLIN AV,40.673424,-73.957396,36047021700,2.0
303572,STERLING PL/WASHINGTON AV,40.674592,-73.96298,36047021500,3.0
303573,WASHINGTON AV/PROSPECT PL,40.676901,-73.963497,36047020500,3.0
303574,WASHINGTON AV/BERGEN ST,40.678838,-73.963871,36047020300,3.0
303575,WASHINGTON AV/PACIFIC ST,40.680513,-73.964191,36047020300,3.0
303577,ATLANTIC AV/VANDERBILT AV,40.682013,-73.968074,36047019900,3.0
303578,ATLANTIC AV/CARLTON AV,40.682669,-73.971196,36047017900,1.0
303579,ATLANTIC AV/SOUTH PORTLAND AV,40.68308,-73.973643,36047017900,1.0
303590,UTICA AV/FILLMORE AV,40.614365,-73.926274,36047067000,2.0
303591,UTICA AV/AVENUE O,40.616498,-73.926509,36047068200,2.0
303592,UTICA AV/AVENUE N,40.619894,-73.926824,36047068000,2.0
303593,UTICA AV/AVENUE M,40.621675,-73.927052,36047068000,2.0
303594,UTICA AV/AVENUE L,40.623923,-73.92729,36047067600,2.0
303595,UTICA AV/AVENUE K,40.625699,-73.927479,36047067600,2.0
303596,UTICA AV/AVENUE J,40.628507,-73.927779,36047072800,2.0
303597,UTICA AV/AVENUE I,40.630868,-73.928032,36047072200,3.0
303599,UTICA AV/KINGS HWY,40.634043,-73.928456,36047072400,1.0
303601,UTICA AV/FARRAGUT RD,40.637785,-73.928767,36047093200,1.0
303602,UTICA AV/FOSTER AV,40.639704,-73.928978,36047093200,1.0
303603,UTICA AV/AVENUE D,40.641743,-73.929131,36047084600,2.0
303604,UTICA AV/CLARENDON RD,40.644815,-73.929523,36047084800,1.0
303605,UTICA AV/BEVERLY RD,40.646701,-73.929723,36047084800,1.0
303606,UTICA AV/TILDEN AV,40.648531,-73.92992,36047086200,1.0
303607,UTICA AV/SNYDER AV,40.650447,-73.930119,36047086200,1.0
303608,UTICA AV/CHURCH AV,40.651918,-73.930353,36047086800,1.0
303609,UTICA AV/LINDEN BLVD,40.65417,-73.930519,36047086800,1.0
303610,UTICA AV/LENOX RD,40.655688,-73.930683,36047086800,1.0
303612,UTICA AV/WINTHROP ST,40.65814,-73.930984,36047087800,1.0
303613,UTICA AV/RUTLAND RD,40.660919,-73.93124,36047088002,2.0
303614,UTICA AV/MAPLE ST,40.662404,-73.931397,36047088002,2.0
303624,MALCOLM X BLVD/BAINBRIDGE ST,40.681561,-73.928702,36047038100,2.0
303625,MALCOLM X BLVD/HALSEY ST,40.684479,-73.92929,36047038300,2.0
303626,MALCOLM X BLVD/PUTNAM AV,40.686684,-73.929724,36047038500,2.0
303627,MALCOLM X BLVD/GATES AV,40.688899,-73.930162,36047038700,1.0
303628,MALCOLM X BLVD/GREENE AV,40.691046,-73.930589,36047038700,1.0
303629,MALCOLM X BLVD/LAFAYETTE AV,40.692133,-73.930811,36047038700,1.0
303630,MALCOLM X BLVD/DE KALB AV,40.693612,-73.931092,36047028900,1.0
303657,BROADWAY/THORNTON ST,40.701436,-73.943215,36047050700,3.0
303658,BROADWAY/FLUSHING AV,40.700473,-73.941564,36047028501,1.0
303660,BROADWAY/MYRTLE AV,40.696737,-73.934982,36047028700,1.0
303662,BROADWAY/MALCOLM X BLVD,40.694796,-73.931519,36047028700,1.0
303663,MALCOLM X BLVD/DE KALB AV,40.693112,-73.931178,36047028900,1.0
303664,MALCOLM X BLVD/LAFAYETTE AV,40.691897,-73.930931,36047029100,1.0
303665,MALCOLM X BLVD/GREENE AV,40.690434,-73.930636,36047029100,1.0
303666,MALCOLM X BLVD/QUINCY ST,40.688948,-73.930342,36047029300,1.0
303667,MALCOLM X BLVD/MADISON ST,40.686785,-73.929908,36047029300,1.0
303670,MALCOLM X BLVD/DECATUR ST,40.681627,-73.928886,36047029700,2.0
303672,MALCOLM X BLVD/CHAUNCEY ST,40.679421,-73.929,36047029700,2.0
303673,UTICA AV/ATLANTIC AV,40.677591,-73.930372,36047027100,2.0
303674,UTICA AV/DEAN ST,40.675505,-73.930565,36047030900,1.0
303676,UTICA AV/PROSPECT PL,40.672944,-73.93081,36047034500,2.0
303682,UTICA AV/MIDWOOD ST,40.661062,-73.9315,36047088001,1.0
303683,UTICA AV/WINTHROP ST,40.658046,-73.931185,36047080800,1.0
303685,UTICA AV/LENOX RD,40.655001,-73.930853,36047086800,1.0
303686,UTICA AV/LINDEN BLVD,40.653456,-73.930689,36047086800,1.0
303687,UTICA AV/CHURCH AV,40.651373,-73.930468,36047086000,1.0
303688,UTICA AV/SNYDER AV,40.649786,-73.930293,36047086000,1.0
303690,UTICA AV/BEVERLY RD,40.646023,-73.929893,36047085000,3.0
303691,UTICA AV/CLARENDON RD,40.644096,-73.929686,36047084000,2.0
303692,UTICA AV/AVENUE D,40.641719,-73.929433,36047084000,2.0
303693,UTICA AV/FOSTER AV,40.63989,-73.92924,36047084000,2.0
303695,UTICA AV/GLENWOOD RD,40.634834,-73.928705,36047072400,1.0
303696,UTICA AV/AVENUE H,40.632523,-73.928456,36047072200,3.0
303697,UTICA AV/AVENUE I,40.630083,-73.928188,36047072800,2.0
303698,UTICA AV/AVENUE J,40.627782,-73.927946,36047073000,2.0
303699,UTICA AV/FLATLANDS AV,40.626322,-73.927785,36047073000,2.0
303700,UTICA AV/AVENUE L,40.623182,-73.927453,36047067200,3.0
303701,UTICA AV/AVENUE M,40.621044,-73.927222,36047067200,3.0
303702,UTICA AV/AVENUE N,40.618576,-73.926961,36047067200,3.0
303703,UTICA AV/AVENUE O,40.616723,-73.926762,36047067200,3.0
303704,UTICA AV/FILLMORE AV,40.614579,-73.926533,36047067200,3.0
303710,EMPIRE BLVD/WASHINGTON AV,40.663205,-73.961095,36047032700,2.0
303711,EMPIRE BLVD/BEDFORD AV,40.663504,-73.95684,36047032700,2.0
303712,EMPIRE BLVD/ROGERS AV,40.663662,-73.953993,36047032700,2.0
303713,EMPIRE BLVD/NOSTRAND AV,40.663842,-73.950528,36047032900,2.0
303714,EMPIRE BLVD/NEW YORK AV,40.664019,-73.947655,36047032900,2.0
303717,KINGSTON AV/MONTGOMERY ST,40.665271,-73.942514,36047033300,3.0
303718,KINGSTON AV/CARROLL ST,40.667013,-73.942347,36047033500,3.0
303720,KINGSTON AV/SAINT JOHNS PL,40.671515,-73.941932,36047033900,1.0
303722,KINGSTON AV/PROSPECT PL,40.67418,-73.941678,36047034300,1.0
303723,KINGSTON AV/BERGEN ST,40.675966,-73.94151,36047031100,1.0
303724,KINGSTON AV/PACIFIC ST,40.677498,-73.941368,36047031100,1.0
303725,KINGSTON AV/ATLANTIC AV,40.678363,-73.941284,36047027100,2.0
303726,KINGSTON AV/FULTON ST,40.679823,-73.941153,36047027100,2.0
303727,THROOP AV/FULTON ST,40.680207,-73.940327,36047027300,2.0
303728,THROOP AV/MACDONOUGH ST,40.68167,-73.940615,36047027300,2.0
303729,THROOP AV/HALSEY ST,40.682743,-73.940834,36047027500,1.0
303730,THROOP AV/JEFFERSON AV,40.68459,-73.941192,36047027500,1.0
303731,THROOP AV/MADISON ST,40.686084,-73.94149,36047027700,1.0
303732,THROOP AV/GATES AV,40.68756,-73.941781,36047027700,1.0
303733,THROOP AV/GREENE AV,40.689737,-73.942208,36047027900,2.0
303734,THROOP AV/LAFAYETTE AV,40.690791,-73.94242,36047027900,2.0
303735,THROOP AV/DE KALB AV,40.69265,-73.942786,36047028100,1.0
303736,THROOP AV/HART ST,40.694096,-73.943077,36047028300,1.0
303737,THROOP AV/MYRTLE AV,40.696366,-73.943555,36047028502,1.0
303738,THROOP AV/PARK AV,40.698563,-73.943925,36047028501,1.0
303762,TOMPKINS AV/FLUSHING AV,40.699764,-73.947252,36047025700,2.0
303764,TOMPKINS AV/MARTIN LUTHER KING JR PL,40.696868,-73.946674,36047025700,2.0
303765,TOMPKINS AV/MYRTLE AV,40.69538,-73.946379,36047025901,2.0
303766,TOMPKINS AV/WILLOUGHBY AV,40.693906,-73.946081,36047026100,2.0
303769,TOMPKINS AV/LAFAYETTE AV,40.690258,-73.945352,36047026300,2.0
303770,TOMPKINS AV/GREENE AV,40.688726,-73.945054,36047026300,2.0
303771,TOMPKINS AV/GATES AV,40.686637,-73.944641,36047026500,2.0
303774,TOMPKINS AV/HALSEY ST,40.682206,-73.943754,36047026900,1.0
303776,TOMPKINS AV/FULTON ST,40.680153,-73.943352,36047026900,1.0
303777,BROOKLYN AV/FULTON ST,40.679761,-73.944077,36047024700,2.0
303778,BROOKLYN AV/ATLANTIC AV,40.67776,-73.944267,36047031300,1.0
303779,BROOKLYN AV/BERGEN ST,40.675479,-73.944478,36047031300,1.0
303780,BROOKLYN AV/PARK PL,40.672803,-73.944729,36047034100,2.0
303781,BROOKLYN AV/SAINT JOHNS PL,40.670992,-73.944899,36047033900,1.0
303782,BROOKLYN AV/EASTERN PKWY,40.669856,-73.945009,36047033701,2.0
303783,BROOKLYN AV/UNION ST,40.668305,-73.945143,36047033500,3.0
303784,BROOKLYN AV/CARROLL ST,40.666576,-73.945318,36047033300,3.0
303785,BROOKLYN AV/MONTGOMERY ST,40.664816,-73.945481,36047033100,2.0
303786,EMPIRE BLVD/BROOKLYN AV,40.664259,-73.945794,36047033100,2.0
303787,EMPIRE BLVD/NEW YORK AV,40.664137,-73.948647,36047031900,2.0
303788,EMPIRE BLVD/NOSTRAND AV,40.663963,-73.951411,36047032100,2.0
303790,EMPIRE BLVD/BEDFORD AV,40.663526,-73.957647,36047032700,2.0
303791,WASHINGTON AV/EMPIRE BLVD,40.663103,-73.960971,36047032700,2.0
303796,CLASSON AV/PRESIDENT ST,40.669925,-73.961793,36047021300,1.0
303798,CLASSON AV/SAINT JOHNS PL,40.672983,-73.960691,36047021700,2.0
303799,CLASSON AV/STERLING PL,40.674273,-73.960222,36047021700,2.0
303800,CLASSON AV/PROSPECT PL,40.676035,-73.959586,36047030500,2.0
303801,CLASSON AV/BERGEN ST,40.677813,-73.958943,36047030500,2.0
303802,CLASSON AV/ATLANTIC AV,40.679589,-73.958304,36047030500,2.0
303803,CLASSON AV/FULTON ST,40.681658,-73.958538,36047022700,2.0
303804,CLASSON AV/PUTNAM AV,40.682904,-73.958749,36047022700,2.0
303808,CLASSON AV/LAFAYETTE AV,40.688776,-73.959918,36047023300,2.0
303809,CLASSON AV/DE KALB AV,40.690651,-73.960277,36047019300,2.0
303810,CLASSON AV/WILLOUGHBY AV,40.692806,-73.960763,36047019300,2.0
303811,CLASSON AV/MYRTLE AV,40.693904,-73.961003,36047019300,2.0
303813,CLASSON AV/FLUSHING AV,40.698573,-73.961729,36047053700,3.0
303814,WALLABOUT ST/FRANKLIN AV,40.699335,-73.959139,36047053700,3.0
303815,LORIMER ST/LEE AV,40.700398,-73.953462,36047053102,3.0
303816,LORIMER ST/MARCY AV,40.701668,-73.951517,36047050900,3.0
303817,LORIMER ST/HARRISON AV,40.702891,-73.94963,36047050900,3.0
303818,LORIMER ST/BROADWAY,40.703994,-73.947916,36047050900,3.0
303819,LORIMER ST/BOERUM ST,40.705789,-73.947936,36047051100,2.0
303820,LORIMER ST/MESEROLE ST,40.707902,-73.948281,36047051100,2.0
303821,LORIMER ST/STAGG ST,40.70931,-73.948514,36047051100,2.0
303823,LORIMER ST/GRAND ST,40.711314,-73.948841,36047050300,3.0
303824,LORIMER ST/POWERS ST,40.712204,-73.948996,36047050300,3.0
303825,LORIMER ST/DEVOE ST,40.713626,-73.949225,36047050300,3.0
303826,LORIMER ST/CONSELYEA ST,40.715012,-73.949452,36047050100,3.0
303827,LORIMER ST/JACKSON ST,40.71609,-73.949631,36047050100,3.0
303828,LORIMER ST/FROST ST,40.717894,-73.949925,36047051500,3.0
303829,LORIMER ST/BAYARD ST,40.719412,-73.950219,36047051500,3.0
303830,LORIMER ST/DRIGGS AV,40.721633,-73.95054,36047051500,3.0
303831,LORIMER ST/NASSAU AV,40.723403,-73.95152,36047056900,3.0
303833,NASSAU AV/MCGUINNESS BLVD,40.724462,-73.948409,36047057100,3.0
303835,NASSAU AV/HUMBOLDT ST,40.725374,-73.94572,36047057100,3.0
303837,NASSAU AV/MONITOR ST,40.725758,-73.94234,36047059100,3.0
303844,NASSAU AV/HAUSMAN ST,40.726183,-73.939109,36047059300,3.0
303845,NASSAU AV/KINGSLAND AV,40.725927,-73.942029,36047058901,3.0
303847,NASSAU AV/HUMBOLDT ST,40.725594,-73.945331,36047058901,3.0
303848,NASSAU AV/NEWEL ST,40.724843,-73.947659,36047057100,3.0
303849,NASSAU AV/ECKFORD ST,40.724306,-73.949237,36047057100,3.0
303850,NASSAU AV/MANHATTAN AV,40.723854,-73.950659,36047056900,3.0
303853,LORIMER ST/MEEKER AV,40.716994,-73.949923,36047051500,3.0
303854,LORIMER ST/SKILLMAN AV,40.715156,-73.9496,36047050100,3.0
303855,LORIMER ST/METROPOLITAN AV,40.713724,-73.949364,36047051300,3.0
303856,LORIMER ST/AINSLIE ST,40.712316,-73.949148,36047051300,3.0
303857,LORIMER ST/GRAND ST,40.711011,-73.94892,36047051300,3.0
303858,LORIMER ST/TEN EYCK ST,40.709397,-73.948674,36047051100,2.0
303859,LORIMER ST/MESEROLE ST,40.707287,-73.948328,36047051100,2.0
303860,LORIMER ST/MONTROSE AV,40.705948,-73.948129,36047051100,2.0
303861,LORIMER ST/BROADWAY,40.704525,-73.947881,36047049100,1.0
303862,LORIMER ST/HARRISON AV,40.702815,-73.949923,36047050900,3.0
303863,LORIMER ST/MARCY AV,40.701574,-73.951854,36047050900,3.0
303864,LORIMER ST/LEE AV,40.700321,-73.953791,36047053102,3.0
303865,WALLABOUT ST/BEDFORD AV,40.699759,-73.957042,36047053101,3.0
303866,WALLABOUT ST/WYTHE AV,40.699466,-73.958892,36047053700,3.0
303869,FRANKLIN AV/MYRTLE AV,40.694016,-73.957966,36047023500,2.0
303870,FRANKLIN AV/WILLOUGHBY AV,40.692455,-73.957668,36047023500,2.0
303871,FRANKLIN AV/DE KALB AV,40.690331,-73.95725,36047023300,2.0
303872,FRANKLIN AV/LAFAYETTE AV,40.689313,-73.957216,36047023300,2.0
303874,FRANKLIN AV/GATES AV,40.685645,-73.956636,36047022900,3.0
303875,FRANKLIN AV/MADISON ST,40.68374,-73.956246,36047022900,3.0
303876,FRANKLIN AV/PUTNAM AV,40.682957,-73.956091,36047022700,2.0
303878,FRANKLIN AV/ATLANTIC AV,40.678802,-73.955283,36047030500,2.0
303880,FRANKLIN AV/BERGEN ST,40.676929,-73.955757,36047030500,2.0
303881,FRANKLIN AV/PROSPECT PL,40.674972,-73.95646,36047030500,2.0
303882,FRANKLIN AV/STERLING PL,40.673404,-73.957014,36047021700,2.0
303883,FRANKLIN AV/SAINT JOHNS PL,40.672099,-73.957494,36047021700,2.0
303884,FRANKLIN AV/EASTERN PKWY,40.670962,-73.957938,36047021700,2.0
303885,FRANKLIN AV/UNION ST,40.669498,-73.958445,36047021300,1.0
303886,FRANKLIN AV/CARROLL ST,40.667707,-73.95908,36047021300,1.0
303887,FRANKLIN AV/MONTGOMERY ST,40.665959,-73.959715,36047021300,1.0
303888,SULLIVAN PL/WASHINGTON AV,40.664123,-73.960924,36047021300,1.0
303901,WEST END AV/HAMPTON AV,40.579575,-73.953305,36047061200,3.0
303902,WEST END AV/SHORE BLVD,40.58162,-73.953693,36047061200,3.0
303903,SHORE BLVD/EMMONS AV,40.582935,-73.953936,36047060800,3.0
303911,OCEAN AV/AVENUE Z,40.588853,-73.949277,36047059404,2.0
303912,OCEAN AV/AVENUE Y,40.590973,-73.949679,36047059404,2.0
303913,OCEAN AV/AVENUE X,40.593073,-73.95008,36047059403,2.0
303914,OCEAN AV/AVENUE W,40.595181,-73.950478,36047059403,2.0
303915,OCEAN AV/AVENUE V,40.597599,-73.950938,36047057800,2.0
303916,OCEAN AV/AVENUE U,40.599713,-73.951339,36047057800,2.0
303917,OCEAN AV/AVENUE T,40.602564,-73.951904,36047056000,3.0
303918,OCEAN AV/AVENUE S,40.604355,-73.952218,36047056000,3.0
303919,OCEAN AV/AVENUE R,40.606666,-73.952652,36047055000,2.0
303920,OCEAN AV/QUENTIN RD,40.609131,-73.953122,36047055000,2.0
303921,OCEAN AV/KINGS HWY,40.610608,-73.953479,36047055000,2.0
303922,OCEAN AV/AVENUE O,40.613866,-73.95402,36047054600,2.0
303923,OCEAN AV/AVENUE N,40.616496,-73.954511,36047075800,3.0
303926,OCEAN AV/AVENUE K,40.623682,-73.955872,36047076200,1.0
303927,OCEAN AV/AVENUE J,40.626078,-73.95632,36047076200,1.0
303928,OCEAN AV/AVENUE I,40.628016,-73.956697,36047076200,1.0
303929,OCEAN AV/AVENUE H,40.630833,-73.957225,36047076600,2.0
303930,OCEAN AV/GLENWOOD RD,40.633193,-73.957678,36047076600,2.0
303931,OCEAN AV/FARRAGUT RD,40.635178,-73.958047,36047076600,2.0
303937,ROGERS AV/AVENUE D,40.641107,-73.95136,36047082800,1.0
303938,ROGERS AV/CLARENDON RD,40.643413,-73.951607,36047082600,1.0
303939,ROGERS AV/BEVERLEY RD,40.645298,-73.951811,36047082600,1.0
303940,ROGERS AV/TILDEN AV,40.647083,-73.952,36047082400,1.0
303942,ROGERS AV/CHURCH AV,40.651173,-73.95244,36047082000,1.0
303943,ROGERS AV/LINDEN BLVD,40.652819,-73.952612,36047082000,1.0
303944,ROGERS AV/LENOX RD,40.654269,-73.952774,36047082000,1.0
303945,ROGERS AV/CLARKSON AV,40.65552,-73.952902,36047082000,1.0
303946,ROGERS AV/WINTHROP ST,40.657225,-73.953085,36047080200,2.0
303947,ROGERS AV/FENIMORE ST,40.658828,-73.95326,36047080200,2.0
303948,ROGERS AV/MIDWOOD ST,40.659835,-73.953364,36047080000,2.0
303949,ROGERS AV/LINCOLN RD,40.661641,-73.953554,36047080000,2.0
303950,ROGERS AV/EMPIRE BLVD,40.663626,-73.953748,36047032900,2.0
303951,ROGERS AV/MONTGOMERY ST,40.665855,-73.953594,36047032100,2.0
303953,ROGERS AV/CARROLL ST,40.667642,-73.953427,36047032100,2.0
303954,ROGERS AV/PRESIDENT ST,40.668544,-73.95334,36047032100,2.0
303955,ROGERS AV/EASTERN PKWY,40.669673,-73.953231,36047032100,2.0
303957,ROGERS AV/PARK PL,40.673886,-73.952828,36047031701,2.0
303958,ROGERS AV/ST MARKS AV,40.675598,-73.952668,36047031500,2.0
303959,BEDFORD AV/DEAN ST,40.67736,-73.952627,36047031500,2.0
303960,BEDFORD AV/ATLANTIC AV,40.679153,-73.952972,36047024700,2.0
303966,DEAN ST/FRANKLIN AV,40.677433,-73.955064,36047022100,2.0
303967,DEAN ST/BEDFORD AV,40.676985,-73.952934,36047022100,2.0
303968,BEDFORD AV/BERGEN ST,40.675964,-73.953259,36047022100,2.0
303969,BEDFORD AV/PROSPECT PL,40.674235,-73.953884,36047022100,2.0
303970,BEDFORD AV/STERLING PL,40.672862,-73.954383,36047021900,2.0
303971,BEDFORD AV/SAINT JOHNS PL,40.671542,-73.954859,36047021900,2.0
303972,BEDFORD AV/EASTERN PKWY,40.670423,-73.955267,36047021900,2.0
303973,NASSAU AV/MORGAN ST,40.72601,-73.939539,36047059300,3.0
303974,BEDFORD AV/CARROLL ST,40.667204,-73.95643,36047032500,2.0
303975,BEDFORD AV/MONTGOMERY ST,40.665411,-73.957073,36047032500,2.0
303976,BEDFORD AV/EMPIRE BLVD,40.662983,-73.957279,36047032700,2.0
303977,BEDFORD AV/LEFFERTS AV,40.661624,-73.957094,36047079801,3.0
303978,BEDFORD AV/MAPLE ST,40.660172,-73.956906,36047079801,3.0
303979,BEDFORD AV/RUTLAND RD,40.658717,-73.956778,36047079801,3.0
303981,BEDFORD AV/PARKSIDE AV,40.655541,-73.956442,36047079601,1.0
303982,BEDFORD AV/CLARKSON AV,40.654712,-73.956352,36047079602,2.0
303983,BEDFORD AV/LENOX RD,40.653447,-73.956219,36047079602,2.0
303984,BEDFORD AV/LINDEN BLVD,40.651975,-73.956065,36047079602,2.0
303985,BEDFORD AV/CHURCH AV,40.649829,-73.95595,36047079400,1.0
303986,BEDFORD AV/SNYDER AV,40.648377,-73.955844,36047079400,1.0
303987,BEDFORD AV/TILDEN AV,40.646335,-73.955586,36047079201,1.0
303988,BEDFORD AV/BEVERLEY RD,40.644482,-73.954788,36047079201,1.0
303989,BEDFORD AV/CLARENDON RD,40.642552,-73.954576,36047079001,1.0
303990,BEDFORD AV/AVENUE D,40.640238,-73.954329,36047079001,1.0
303996,OCEAN AV/GLENWOOD RD,40.632592,-73.957836,36047076400,1.0
303997,OCEAN AV/AVENUE H,40.630144,-73.957362,36047076400,1.0
303998,OCEAN AV/AVENUE I,40.628217,-73.957003,36047076400,1.0
303999,OCEAN AV/AVENUE J,40.625376,-73.956461,36047076200,1.0
304000,OCEAN AV/AVENUE K,40.622999,-73.956013,36047076000,2.0
304002,OCEAN AV/AVENUE M,40.618239,-73.955115,36047053800,3.0
304004,OCEAN AV/AVENUE O,40.613147,-73.954153,36047054600,2.0
304005,OCEAN AV/AVENUE P,40.610992,-73.95368,36047054600,2.0
304006,OCEAN AV/QUENTIN RD,40.608469,-73.953263,36047055000,2.0
304007,OCEAN AV/AVENUE R,40.606013,-73.9528,36047056000,3.0
304008,OCEAN AV/AVENUE S,40.603721,-73.952366,36047056000,3.0
304009,OCEAN AV/AVENUE T,40.601308,-73.951907,36047057800,2.0
304011,OCEAN AV/AVENUE V,40.596946,-73.951078,36047059200,2.0
304012,OCEAN AV/AVENUE W,40.59458,-73.950637,36047059200,2.0
304013,OCEAN AV/AVENUE X,40.592865,-73.950267,36047059200,2.0
304014,OCEAN AV/AVENUE Y,40.590306,-73.94983,36047059200,2.0
304015,OCEAN AV/AVENUE Z,40.588604,-73.949508,36047059200,2.0
304019,SHEEPSHEAD BAY RD/SHORE PKWY,40.5844,-73.950979,36047060800,3.0
304022,SHORE BLVD/NEPTUNE AV,40.582669,-73.954239,36047061004,2.0
304023,WEST END AV/OCEAN VIEW AV,40.578946,-73.953378,36047061004,2.0
304024,WEST END AV/ORIENTAL BLVD,40.577017,-73.953015,36047061004,2.0
304052,FLATLANDS AV/E 53 ST,40.628107,-73.924526,36047067800,2.0
304053,FLATLANDS AV/E 57 ST,40.630435,-73.920928,36047072000,1.0
304071,FLATLANDS AV/ E 103 ST,40.646732,-73.895698,36047098600,2.0
304072,FLATLANDS AV/E 105 ST,40.647692,-73.894212,36047098400,2.0
304073,FLATLANDS AV/E 108 ST,40.64875,-73.892574,36047098400,2.0
304078,PENNSYLVANIA AV/VANDALIA AV,40.650381,-73.884737,36047105804,1.0
304083,SEAVIEW AV/PENNSYLVANIA AV,40.643021,-73.878132,36047105804,1.0
304084,PENNSYLVANIA AV/GENEVA LOOP,40.646437,-73.879941,36047105801,1.0
304085,PENNSYLVANIA AV/SCHROEDERS AV,40.64792,-73.881636,36047105801,1.0
304086,PENNSYLVANIA AV/DELMAR LOOP NORTH,40.650182,-73.884121,36047105801,1.0
304087,PENNSYLVANIA AV/VANDALIA AV,40.651709,-73.885341,36047105801,1.0
304090,FLATLANDS AV/WILLIAMS AV,40.649825,-73.891665,36047098200,1.0
304091,FLATLANDS AV/E 108 ST,40.648698,-73.893083,36047098200,1.0
304092,FLATLANDS AV/E 105 ST,40.647412,-73.895075,36047098200,1.0
304113,FLATLANDS AV/E 57 ST,40.630235,-73.921638,36047072800,2.0
304114,FLATLANDS AV/AVENUE J,40.628189,-73.924793,36047073000,2.0
304115,FLATLANDS AV/UTICA AV,40.62602,-73.928138,36047073000,2.0
304196,GATES AV/IRVING AV,40.698169,-73.9136,36047043300,1.0
304197,GATES AV/KNICKERBOCKER AV,40.696571,-73.915192,36047043300,1.0
304198,GATES AV/WILSON AV,40.695173,-73.916567,36047041700,1.0
304199,GATES AV/CENTRAL AV,40.693667,-73.918051,36047041700,1.0
304200,GATES AV/EVERGREEN AV,40.69192,-73.919766,36047039900,1.0
304201,GATES AV/BUSHWICK AV,40.690696,-73.920979,36047039700,1.0
304203,GATES AV/RALPH AV,40.689263,-73.924414,36047038700,1.0
304204,GATES AV/PATCHEN AV,40.688886,-73.92766,36047038700,1.0
304205,GATES AV/MALCOLM X BLVD,40.68853,-73.930617,36047029300,1.0
304206,GATES AV/STUYVESANT AV,40.688206,-73.933536,36047029300,1.0
304207,GATES AV/LEWIS AV,40.687934,-73.935916,36047029300,1.0
304209,GATES AV/THROOP AV,40.687251,-73.941654,36047027700,1.0
304210,GATES AV/TOMPKINS AV,40.686884,-73.945016,36047026500,2.0
304211,GATES AV/MARCY AV,40.686541,-73.94787,36047025100,1.0
304212,GATES AV/NOSTRAND AV,40.686164,-73.951161,36047024300,2.0
304213,GATES AV/BEDFORD AV,40.685761,-73.954837,36047022900,3.0
304214,GATES AV/FRANKLIN AV,40.685515,-73.956944,36047022900,3.0
304390,MYRTLE AV/CLINTON AV,40.693104,-73.96836,36047019500,2.0
304391,MYRTLE AV/WASHINGTON AV,40.693329,-73.966463,36047019500,2.0
304394,MYRTLE AV/CLASSON AV,40.693991,-73.960664,36047019300,2.0
304396,MYRTLE AV/FRANKLIN AV,40.694347,-73.957595,36047023500,2.0
304399,MYRTLE AV/NOSTRAND AV,40.694908,-73.952639,36047024100,3.0
304400,MYRTLE AV/MARCY AV,40.695293,-73.949344,36047025300,2.0
304402,MYRTLE AV/THROOP AV,40.696012,-73.943079,36047028300,1.0
304404,MYRTLE AV/LEWIS AV,40.696674,-73.937388,36047028700,1.0
304405,MYRTLE AV/BROADWAY,40.696948,-73.935287,36047028700,1.0
304406,MYRTLE AV/BUSHWICK AV,40.697313,-73.931794,36047039300,1.0
304407,MYRTLE AV/EVERGREEN AV,40.697577,-73.929388,36047039300,1.0
304408,MYRTLE AV/HART ST,40.697796,-73.927415,36047042300,2.0
304409,MYRTLE AV/DE KALB AV,40.69799,-73.925645,36047042300,2.0
304410,MYRTLE AV/STOCKHOLM ST,40.6982,-73.923646,36047042100,2.0
304411,MYRTLE AV/WILSON AV,40.698464,-73.921086,36047043100,2.0
304412,MYRTLE AV/KNICKERBOCKER AV,40.698745,-73.918435,36047043100,2.0
304413,MYRTLE AV/MENAHAN ST,40.699018,-73.915784,36047043300,1.0
304418,MYRTLE AV/GATES AV,40.699516,-73.911851,36047043900,1.0
304419,MYRTLE AV/IRVING AV,40.699179,-73.915286,36047043300,1.0
304420,MYRTLE AV/KNICKERBOCKER AV,40.698871,-73.918265,36047043100,2.0
304422,MYRTLE AV/WILSON AV,40.698448,-73.922294,36047042100,2.0
304423,MYRTLE AV/DE KALB AV,40.698157,-73.925089,36047042100,2.0
304424,MYRTLE AV/HART ST,40.697824,-73.928158,36047042300,2.0
304426,MYRTLE AV/CHARLES PL,40.697436,-73.931679,36047039100,2.0
304427,MYRTLE AV/BUSHWICK AV,40.69733,-73.932735,36047038900,3.0
304429,MYRTLE AV/LEWIS AV,40.696699,-73.938232,36047028502,1.0
304431,MYRTLE AV/THROOP AV,40.696108,-73.943397,36047028502,1.0
304432,MYRTLE AV/TOMPKINS AV,40.695718,-73.94679,36047025700,2.0
304434,MYRTLE AV/NOSTRAND AV,40.695024,-73.952404,36047025500,1.0
304435,MYRTLE AV/WALWORTH ST,40.694778,-73.954721,36047123700,2.0
304436,MYRTLE AV/BEDFORD AV,40.694595,-73.956369,36047123700,2.0
304437,MYRTLE AV/FRANKLIN AV,40.694385,-73.958216,36047123700,2.0
304440,MYRTLE AV/GRAND AV,40.69368,-73.964502,36047019100,3.0
304441,MYRTLE AV/WASHINGTON AV,40.693354,-73.967307,36047019100,3.0
304442,MYRTLE AV/CLINTON AV,40.693176,-73.969247,36047018700,3.0
304524,JAMAICA AV/GEORGIA AV,40.677162,-73.899167,36047119800,1.0
304645,SANDS ST/GOLD ST,40.699731,-73.983158,36047002300,1.0
304646,NASSAU ST/GOLD ST,40.698278,-73.98252,36047002300,1.0
304647,FLUSHING AV/NAVY ST,40.698155,-73.980247,36047021100,2.0
304649,FLUSHING AV/CUMBERLAND ST,40.697912,-73.974355,36047021100,2.0
304654,FLUSHING AV/STEUBEN ST,40.697849,-73.963529,36047021100,2.0
304655,FLUSHING AV/CLASSON AV,40.698092,-73.962025,36047019100,3.0
304657,FLUSHING AV/FRANKLIN AV,40.698681,-73.958458,36047123700,2.0
304658,FLUSHING AV/BEDFORD AV,40.698963,-73.956622,36047123700,2.0
304660,FLUSHING AV/NOSTRAND AV,40.699365,-73.952752,36047025500,1.0
304662,FLUSHING AV/TOMPKINS AV,40.700024,-73.947375,36047025700,2.0
304663,FLUSHING AV/THROOP AV,40.70038,-73.944147,36047028501,1.0
304664,FLUSHING AV/BROADWAY,40.700651,-73.942056,36047028501,1.0
304665,FLUSHING AV/BEAVER ST,40.70119,-73.93958,36047038900,3.0
304666,FLUSHING AV/BUSHWICK AV,40.701946,-73.936536,36047039100,2.0
304668,FLUSHING AV/EVERGREEN AV,40.702768,-73.933559,36047042500,1.0
304669,FLUSHING AV/WILSON AV,40.703877,-73.930723,36047042700,2.0
304670,FLUSHING AV/KNICKERBOCKER AV,40.704793,-73.928385,36047042700,2.0
304672,FLUSHING AV/WYCKOFF AV,40.707568,-73.923859,36047044700,2.0
304696,FLUSHING AV/HARRISON PL,40.707313,-73.924375,36047045300,1.0
304698,FLUSHING AV/KNICKERBOCKER AV,40.7048,-73.928649,36047045300,1.0
304699,FLUSHING AV/MORGAN AV,40.703691,-73.931513,36047045300,1.0
304701,FLUSHING AV/EVERGREEN AV,40.702678,-73.934108,36047048500,3.0
304703,FLUSHING AV/BUSHWICK AV,40.701826,-73.937479,36047048900,1.0
304705,FLUSHING AV/HUMBOLDT ST,40.70102,-73.940871,36047049100,1.0
304709,FLUSHING AV/GERRY ST,40.699873,-73.949583,36047050700,3.0
304710,FLUSHING AV/LEE AV,40.699394,-73.9538,36047053102,3.0
304711,FLUSHING AV/BEDFORD AV,40.698955,-73.957463,36047053700,3.0
304712,FLUSHING AV/FRANKLIN AV,40.698648,-73.959281,36047053700,3.0
304713,FLUSHING AV/KENT  AV,40.698454,-73.960557,36047053700,3.0
304716,FLUSHING AV/VANDERBILT AV,40.697898,-73.971277,36047054300,
304717,FLUSHING AV/CUMBERLAND ST,40.698024,-73.974687,36047054300,
304721,SANDS ST/GOLD ST,40.699807,-73.983434,36047002300,1.0
304722,SANDS ST/JAY ST,40.700212,-73.987083,36047001300,3.0
304940,DRIGGS AV/S 2 ST,40.712461,-73.960787,36047055100,3.0
304942,RALPH AV/GATES AV,40.688817,-73.923954,36047038500,2.0
304943,BROADWAY/BEDFORD AV,40.710389,-73.964353,36047054900,3.0
304947,WILLIAMS AV/FLATLANDS AV,40.650084,-73.891434,36047098200,1.0
304955,ROCKAWAY PY/FARRAGUT RD,40.646906,-73.904238,36047109800,1.0
304956,ROCKAWAY AV/FOSTER AV,40.648439,-73.905271,36047109800,1.0
304957,ROCKAWAY AV/AVENUE D,40.651507,-73.90602,36047109800,1.0
304958,ROCKAWAY AV/DITMAS AV,40.653249,-73.90646,36047109800,1.0
304959,ROCKAWAY AV/LINDEN BLVD,40.655243,-73.906976,36047092200,1.0
304960,ROCKAWAY AV/HEGEMAN AV,40.656179,-73.907213,36047092200,1.0
304962,ROCKAWAY AV/NEWPORT ST,40.659816,-73.908141,36047091600,1.0
304973,ROCKAWAY AV/PACIFIC ST,40.675884,-73.910885,36047036501,1.0
304974,ROCKAWAY AV/ATLANTIC AV,40.676713,-73.910804,36047036900,1.0
304975,ROCKAWAY AV/FULTON ST,40.678689,-73.910856,36047036900,1.0
304976,ROCKAWAY AV/MACDOUGAL ST,40.680545,-73.911224,36047036900,1.0
304977,ROCKAWAY AV/MARION ST,40.68203,-73.911514,36047036900,1.0
304978,ROCKAWAY AV/BROADWAY,40.683374,-73.911548,36047036900,1.0
304983,WILSON AV/DECATUR ST,40.690011,-73.906816,36047040900,1.0
304984,WILSON AV/SCHAEFFER ST,40.690426,-73.907548,36047040900,1.0
304986,WILSON AV/HALSEY ST,40.691487,-73.909418,36047043700,2.0
304987,WILSON AV/HANCOCK ST,40.692547,-73.911273,36047043700,2.0
304988,WILSON AV/CORNELIA ST,40.693449,-73.912855,36047043500,1.0
304990,WILSON AV/GATES AV,40.69558,-73.916609,36047043300,1.0
304991,WILSON AV/GROVE ST,40.696398,-73.918044,36047043300,1.0
304992,WILSON AV/BLEECKER ST,40.697316,-73.919655,36047043100,2.0
304993,WILSON AV/HIMROD ST,40.698319,-73.921428,36047043100,2.0
304994,WILSON AV/STANHOPE ST,40.698995,-73.922603,36047043100,2.0
304995,WILSON AV/DE KALB AV,40.699871,-73.924157,36047042900,1.0
304996,WILSON AV/WILLOUGHBY AV,40.701116,-73.926344,36047042900,1.0
304997,WILSON AV/TROUTMAN ST,40.702007,-73.927901,36047042700,2.0
304998,WILSON AV/MELROSE ST,40.702825,-73.929343,36047042700,2.0
304999,WILSON AV/FLUSHING AV,40.703738,-73.930954,36047042700,2.0
305000,MORGAN AV/THAMES ST,40.704817,-73.9314,36047045300,1.0
305001,HARRISON PL/MORGAN AV,40.706367,-73.931503,36047045300,1.0
305002,JOHNSON AV/MORGAN AV,40.707706,-73.932772,36047048500,3.0
305003,JOHNSON AV/BOGART ST,40.707456,-73.934375,36047048500,3.0
305004,JOHNSON AV/WHITE ST,40.707329,-73.935777,36047048500,3.0
305006,JOHNSON AV/HUMBOLDT ST,40.706768,-73.941757,36047049302,1.0
305009,MESEROLE ST/MANHATTAN AV,40.707923,-73.945388,36047050500,1.0
305010,MESEROLE ST/LEONARD ST,40.707764,-73.94704,36047051100,2.0
305011,MESEROLE ST/LORIMER ST,40.707611,-73.948667,36047051100,2.0
305012,MESEROLE ST/UNION AV,40.707448,-73.950373,36047051100,2.0
305013,S 4 ST/HEWES ST,40.70797,-73.952029,36047052700,1.0
305014,S 4 ST/HOOPER ST,40.708525,-73.953557,36047052700,1.0
305015,S 4 ST/RODNEY ST,40.709333,-73.955764,36047052700,1.0
305021,S 5 ST/RODNEY ST,40.708536,-73.955981,36047052700,1.0
305022,S 5 ST/KEAP ST,40.708103,-73.954799,36047052700,1.0
305023,S 5 ST/HOOPER ST,40.707594,-73.953327,36047052700,1.0
305024,S 5 ST/MONTROSE AV,40.706737,-73.950846,36047052700,1.0
305025,MONTROSE AV/LORIMER ST,40.706821,-73.947781,36047051100,2.0
305026,MONTROSE AV/LEONARD ST,40.706985,-73.946082,36047050500,1.0
305027,MONTROSE AV/MANHATTAN AV,40.707157,-73.944404,36047050500,1.0
305028,MONTROSE AV/GRAHAM AV,40.707312,-73.942763,36047049302,1.0
305029,MONTROSE AV/BUSHWICK AV,40.707574,-73.940004,36047049302,1.0
305030,JOHNSON AV/BUSHWICK AV,40.706923,-73.939036,36047049302,1.0
305031,JOHNSON AV/WHITE ST,40.707262,-73.93547,36047048500,3.0
305033,JOHNSON AV/MORGAN AV,40.707672,-73.932382,36047045300,1.0
305034,MORGAN AV/HARRISON PL,40.706038,-73.931875,36047045300,1.0
305035,MORGAN AV/THAMES ST,40.704663,-73.931494,36047045300,1.0
305036,MORGAN AV/FLUSHING AV,40.703833,-73.93119,36047045300,1.0
305037,WILSON AV/GEORGE ST,40.702839,-73.929606,36047042500,1.0
305038,WILSON AV/JEFFERSON ST,40.701954,-73.928042,36047042500,1.0
305039,WILSON AV/STARR ST,40.701111,-73.926557,36047042300,2.0
305040,WILSON AV/SUYDAM ST,40.700229,-73.925,36047042300,2.0
305041,WILSON AV/DE KALB AV,40.699415,-73.92358,36047042100,2.0
305042,WILSON AV/MYRTLE AV,40.698522,-73.922002,36047042100,2.0
305043,WILSON AV/GREENE AV,40.697289,-73.919863,36047041900,1.0
305044,WILSON AV/MENAHAN ST,40.69654,-73.918498,36047041900,1.0
305047,WILSON AV/WOODBINE ST,40.694283,-73.914541,36047041500,2.0
305048,WILSON AV/PUTNAM AV,40.693555,-73.913241,36047041500,2.0
305049,WILSON AV/JEFFERSON AV,40.692577,-73.91154,36047041500,2.0
305050,WILSON AV/HALSEY ST,40.691511,-73.909688,36047041300,1.0
305052,WILSON AV/SCHAEFFER ST,40.69001,-73.907026,36047041100,1.0
305053,WILSON AV/COOPER ST,40.689397,-73.905958,36047041100,1.0
305054,COOPER ST/CENTRAL AV,40.68764,-73.907555,36047041100,1.0
305055,COOPER ST/EVERGREEN AV,40.686194,-73.908981,36047040300,2.0
305057,COOPER ST/BROADWAY,40.683574,-73.911505,36047040300,2.0
305058,ROCKAWAY AV/CHAUNCEY ST,40.682188,-73.911668,36047037100,2.0
305059,ROCKAWAY AV/SUMPTER ST,40.680706,-73.911368,36047037100,2.0
305060,ROCKAWAY AV/FULTON ST,40.678404,-73.910902,36047037100,2.0
305061,ROCKAWAY AV/ATLANTIC AV,40.675946,-73.911023,36047036501,1.0
305062,ROCKAWAY AV/DEAN ST,40.674392,-73.911164,36047036501,1.0
305064,ROCKAWAY AV/PROSPECT PL,40.67226,-73.911359,36047036300,1.0
305065,ROCKAWAY AV/PITKIN AV,40.669115,-73.910666,36047092400,1.0
305066,ROCKAWAY AV/SUTTER AV,40.666862,-73.910071,36047092400,1.0
305067,ROCKAWAY AV/BLAKE AV,40.665335,-73.909681,36047092400,1.0
305068,ROCKAWAY AV/DUMONT AV,40.6638,-73.909301,36047092400,1.0
305069,ROCKAWAY AV/LIVONIA AV,40.662221,-73.908895,36047091600,1.0
305070,ROCKAWAY AV/RIVERDALE AV,40.660683,-73.908491,36047091600,1.0
305071,ROCKAWAY AV/NEWPORT ST,40.659091,-73.908093,36047091600,1.0
305072,ROCKAWAY AV/LOTT AV,40.657836,-73.907782,36047091600,1.0
305075,ROCKAWAY AV/DITMAS AV,40.65311,-73.906587,36047109800,1.0
305076,ROCKAWAY AV/AVENUE D,40.651111,-73.906074,36047109800,1.0
305077,ROCKAWAY AV/FOSTER AV,40.648665,-73.90545,36047109800,1.0
305078,ROCKAWAY PKWY/FARRAGUT RD,40.646699,-73.904178,36047097000,2.0
305087,E 108 ST/GLENWOOD RD,40.65067,-73.894445,36047098200,1.0
305088,E 108 ST/FARRAGUT RD,40.652142,-73.896077,36047098200,1.0
305089,E 108 ST/STANLEY AV,40.653321,-73.897401,36047098200,1.0
305090,STANLEY AV/WILLIAMS AV,40.654349,-73.895429,36047098200,1.0
305092,WILLIAMS AV/GLENWOOD RD,40.65108,-73.892489,36047098200,1.0
305095,VAN DYKE ST/VAN BRUNT ST,40.675698,-74.014662,36047005301,3.0
305096,VAN BRUNT ST/DIKEMAN ST,40.676988,-74.013231,36047005301,3.0
305097,VAN BRUNT ST/SULLIVAN ST,40.677757,-74.012326,36047005301,3.0
305098,VAN BRUNT ST/PIONEER ST,40.679115,-74.010729,36047005900,3.0
305099,VAN BRUNT ST/VERONA ST,40.680191,-74.009468,36047005900,3.0
305100,VAN BRUNT ST/SEABRING ST,40.68149,-74.007946,36047005900,3.0
305103,COLUMBIA ST/UNION ST,40.684644,-74.002812,36047005100,3.0
305108,COLUMBIA ST/ATLANTIC AV,40.691443,-73.999437,36047004700,3.0
305110,ATLANTIC AV/HENRY ST,40.690701,-73.996401,36047004900,3.0
305111,ATLANTIC AV/CLINTON ST,40.690095,-73.994155,36047004500,3.0
305112,ATLANTIC AV/COURT ST,40.689565,-73.992204,36047004300,3.0
305125,VANDERBILT AV/MYRTLE AV,40.693453,-73.969817,36047018700,3.0
305126,VANDERBILT AV/PARK AV,40.695753,-73.970308,36047018700,3.0
305139,WYTHE AV/ROSS ST,40.703388,-73.964695,36047054500,1.0
305140,WYTHE AV/CLYMER ST,40.705168,-73.966508,36047054500,1.0
305141,DIVISION AV/BERRY ST,40.70716,-73.96598,36047054500,1.0
305155,MANHATTAN AV/NORMAN AV,40.725769,-73.951846,36047056100,3.0
305156,MANHATTAN AV/MESEROLE AV,40.727417,-73.95279,36047056100,3.0
305157,MANHATTAN AV/CALYER ST,40.728435,-73.95337,36047057500,3.0
305159,MANHATTAN AV/GREENPOINT AV,40.730535,-73.95422,36047057500,3.0
305162,McGUINNESS BLVD/FREEMAN ST,40.734565,-73.952273,36047057901,2.0
305166,McGUINNESS BLVD/FREEMAN ST,40.734736,-73.952529,36047057901,2.0
305167,MANHATTAN AV/FREEMAN ST,40.734065,-73.954997,36047056301,3.0
305170,MANHATTAN AV/GREENPOINT AV,40.729832,-73.954159,36047056500,3.0
305171,MANHATTAN AV/CALYER ST,40.727818,-73.953172,36047056100,3.0
305172,MANHATTAN AV/MESEROLE AV,40.726763,-73.952574,36047056100,3.0
305173,MANHATTAN AV/NORMAN AV,40.725111,-73.95163,36047056900,3.0
305174,MANHATTAN AV/NASSAU AV,40.723452,-73.950693,36047056900,3.0
305175,MANHATTAN AV/DRIGGS AV,40.722292,-73.950016,36047056900,3.0
305177,DRIGGS AV/UNION AV,40.720497,-73.95261,36047051500,3.0
305179,DRIGGS AV/N 11 ST,40.719035,-73.954376,36047051700,3.0
305181,DRIGGS AV/N 7 ST,40.716878,-73.956671,36047055300,3.0
305182,DRIGGS AV/N 4 ST,40.715175,-73.958516,36047055300,3.0
305183,DRIGGS AV/GRAND ST,40.71363,-73.96005,36047055100,3.0
305185,DRIGGS AV/S 4 ST,40.7111,-73.961653,36047054900,3.0
305186,DRIGGS AV/BROADWAY,40.710029,-73.962321,36047054900,3.0
305191,WYTHE AV/CLYMER ST,40.704836,-73.966339,36047054500,1.0
305192,WYTHE AV/ROSS ST,40.702869,-73.964078,36047053900,2.0
305211,JAY ST/FULTON ST,40.691633,-73.987375,36047001100,3.0
305215,COURT ST/ATLANTIC AV,40.689856,-73.992366,36047000900,3.0
305216,ATLANTIC AV/CLINTON ST,40.690391,-73.994744,36047000700,3.0
305217,ATLANTIC AV/HENRY ST,40.690747,-73.996107,36047000700,3.0
305224,COLUMBIA ST/SACKETT ST,40.684797,-74.002888,36047005100,3.0
305226,COLUMBIA ST/CARROLL ST,40.682794,-74.003854,36047005100,3.0
305228,VAN BRUNT ST/SUMMIT ST,40.682959,-74.006333,36047005900,3.0
305229,VAN BRUNT ST/COMMERCE ST,40.681155,-74.008541,36047005900,3.0
305230,VAN BRUNT ST/VERONA ST,40.679824,-74.010102,36047005900,3.0
305231,VAN BRUNT ST/KING ST,40.678434,-74.011643,36047005301,3.0
305232,VAN BRUNT ST/WOLCOTT ST,40.677144,-74.013242,36047005301,3.0
305233,VAN BRUNT ST/COFFEY ST,40.676082,-74.014489,36047005301,3.0
305234,BEARD ST/VAN BRUNT ST,40.674935,-74.015268,36047005301,3.0
305263,GRAHAM AV/GRAND ST,40.711973,-73.943884,36047049500,3.0
305264,GRAHAM AV/AINSLIE ST,40.713382,-73.944114,36047049500,3.0
305265,GRAHAM AV/METROPOLITAN AV,40.714869,-73.944365,36047049700,3.0
305271,GRAHAM AV/ENGERT AV,40.721765,-73.947018,36047049900,3.0
305272,GRAHAM AV/DRIGGS AV,40.72263,-73.947342,36047049900,3.0
305284,MANHATTAN AV/EAGLE ST,40.735462,-73.955025,36047057500,3.0
305286,BOX ST/MANHATTAN AV,40.737197,-73.955757,36047056302,2.0
305287,BOX ST/MANHATTAN AV,40.737195,-73.95567,36047056302,2.0
305299,GRAHAM AV/ENGERT AV,40.721162,-73.946867,36047049900,3.0
305300,GRAHAM AV/MEEKER AV,40.719586,-73.945703,36047049900,3.0
305301,GRAHAM AV/RICHARDSON ST,40.718471,-73.945083,36047049700,3.0
305304,GRAHAM AV/METROPOLITAN AV,40.7142,-73.944416,36047049700,3.0
305305,GRAHAM AV/AINSLIE ST,40.7128,-73.944183,36047049500,3.0
305306,GRAHAM AV/GRAND ST,40.711306,-73.943936,36047049500,3.0
305308,GRAHAM AV/SCHOLES ST,40.708465,-73.943469,36047050500,1.0
305310,GRAHAM AV/JOHNSON AV,40.706289,-73.943117,36047050500,1.0
305311,GRAHAM AV/SEIGEL ST,40.704148,-73.942762,36047049100,1.0
305312,GRAHAM AV/COOK ST,40.702034,-73.942414,36047049100,1.0
305334,4 AV/100 ST,40.612914,-74.033455,36047016200,3.0
305335,4 AV/MARINE AV,40.614236,-74.032305,36047016200,3.0
305338,5 AV/92 ST,40.618115,-74.029021,36047016000,2.0
305341,5 AV/86 ST,40.621753,-74.0259,36047014200,2.0
305344,5 AV/80 ST,40.626054,-74.023956,36047013600,2.0
305346,5 AV/BAY RIDGE PKWY,40.629815,-74.022412,36047013400,2.0
305348,5 AV/BAY RIDGE AV,40.633754,-74.020803,36047013000,2.0
305349,5 AV/SENATOR ST,40.635003,-74.020295,36047012600,2.0
305350,5 AV/66 ST,40.636271,-74.019391,36047012600,2.0
305353,5 AV/60 ST,40.639689,-74.015843,36047010200,1.0
305357,5 AV/52 ST,40.644183,-74.011174,36047009800,1.0
305358,5 AV/50 ST,40.645297,-74.010014,36047009800,1.0
305361,5 AV/44 ST,40.648651,-74.006515,36047008600,
305362,5 AV/41 ST,40.650345,-74.004764,36047008800,1.0
305363,5 AV/39 ST,40.651479,-74.003571,36047008800,1.0
305364,5 AV/36 ST,40.65281,-74.00217,36047008800,1.0
305365,5 AV/34 ST,40.654298,-74.000645,36047017500,
305367,5 AV/30 ST,40.656546,-73.998313,36047017500,
305369,5 AV/26 ST,40.65878,-73.995981,36047017500,
305370,5 AV/24 ST,40.659836,-73.994871,36047014500,3.0
305373,5 AV/18 ST,40.663243,-73.991377,36047014300,3.0
305377,5 AV/11 ST,40.668191,-73.987012,36047013900,3.0
305380,5 AV/5 ST,40.671805,-73.983994,36047013500,3.0
305392,ATLANTIC AV/NEVINS ST,40.686331,-73.983042,36047004100,3.0
305393,ATLANTIC AV/BOND ST,40.687143,-73.985137,36047004100,3.0
305394,ATLANTIC AV/HOYT ST,40.688014,-73.987376,36047004300,3.0
305395,ATLANTIC AV/SMITH ST,40.688815,-73.989478,36047004300,3.0
305396,ATLANTIC AV/BOERUM PL,40.689271,-73.991016,36047000900,3.0
305397,ATLANTIC AV/COURT ST,40.689806,-73.992532,36047000900,3.0
305407,ATLANTIC AV/SMITH ST,40.688371,-73.988811,36047004300,3.0
305408,ATLANTIC AV/HOYT ST,40.687563,-73.986727,36047004100,3.0
305409,ATLANTIC AV/BOND ST,40.686734,-73.984586,36047004100,3.0
305410,ATLANTIC AV/NEVINS ST,40.68592,-73.982507,36047003900,3.0
305411,ATLANTIC AV/3 AV,40.685314,-73.980912,36047003900,3.0
305412,ATLANTIC AV/4 AV,40.684422,-73.978557,36047003900,3.0
305413,5 AV/DEAN ST,40.681882,-73.976787,36047012901,3.0
305423,5 AV/9 ST,40.66891,-73.986637,36047013900,3.0
305426,5 AV/15 ST,40.665348,-73.989615,36047014102,3.0
305427,5 AV/PROSPECT AV,40.664173,-73.990499,36047014102,3.0
305428,5 AV/18 ST,40.662385,-73.992373,36047014300,3.0
305431,5 AV/24 ST,40.659502,-73.995444,36047010100,2.0
305432,5 AV/26 ST,40.658332,-73.996663,36047010100,2.0
305434,5 AV/30 ST,40.656093,-73.998994,36047010100,2.0
305438,5 AV/39 ST,40.651061,-74.004227,36047008400,2.0
305439,5 AV/42 ST,40.649382,-74.005971,36047008200,1.0
305442,5 AV/48 ST,40.646033,-74.009466,36047007800,1.0
305443,5 AV/50 ST,40.644913,-74.010623,36047007800,1.0
305445,5 AV/53 ST,40.643233,-74.012374,36047007600,1.0
305446,5 AV/56 ST,40.641555,-74.014114,36047007400,1.0
305447,5 AV/58 ST,40.64049,-74.015167,36047007400,1.0
305449,5 AV/62 ST,40.638226,-74.01757,36047012200,1.0
305451,5 AV/66 ST,40.635854,-74.020047,36047012600,2.0
305452,5 AV/SENATOR ST,40.634687,-74.020598,36047012600,2.0
305453,5 AV/BAY RIDGE AV,40.633191,-74.021217,36047013000,2.0
305455,5 AV/BAY RIDGE PKWY,40.6292,-74.022848,36047013400,2.0
305458,5 AV/81 ST,40.624786,-74.024647,36047013800,3.0
305460,5 AV/86 ST,40.621449,-74.026438,36047016000,2.0
305477,HARWAY AV/28 AV,40.589018,-73.986243,36047030600,2.0
305479,HARWAY AV/27 AV,40.590341,-73.988424,36047030600,2.0
305480,HARWAY AV/BAY 43 ST,40.591214,-73.989875,36047030400,2.0
305481,HARWAY AV/BAY 41 ST,40.59212,-73.991369,36047030400,2.0
305483,BATH AV/25 AV,40.594552,-73.99116,36047030200,2.0
305484,BATH AV/24 AV,40.595905,-73.993374,36047030200,2.0
305487,BATH AV/BAY PKWY,40.598853,-73.997645,36047029200,1.0
305490,BATH AV/20 AV,40.601699,-74.00184,36047028200,2.0
305493,BATH AV/18 AV,40.604194,-74.006569,36047017800,2.0
305496,BATH AV/16 AV,40.606955,-74.01111,36047017200,3.0
305500,14 AV/BENSON AV,40.610891,-74.013531,36047017000,3.0
305503,86 ST/12 AV,40.615664,-74.016381,36047016600,3.0
305504,86 ST/11 AV,40.616992,-74.018579,36047016600,3.0
305505,86 ST/7 AV,40.618778,-74.02154,36047014000,3.0
305511,86 ST/FORT HAMILTON PKWY,40.620153,-74.024181,36047016000,2.0
305512,86 ST/DAHLGREN PL,40.6193,-74.022767,36047015200,3.0
305513,86 ST/7 AV,40.618174,-74.020913,36047015400,
305514,86 ST/11 AV,40.616501,-74.018139,36047015400,
305515,86 ST/12 AV,40.615395,-74.016309,36047015400,
305519,BATH AV/14 AV,40.609123,-74.014975,36047017000,3.0
305522,BATH AV/16 AV,40.606442,-74.010541,36047017400,3.0
305525,BATH AV/18 AV,40.603642,-74.005877,36047028000,3.0
305528,BATH AV/20 AV,40.601167,-74.001296,36047028600,1.0
305531,BATH AV/BAY PKWY,40.598227,-73.997018,36047029400,1.0
305532,BATH AV/23 AV,40.596819,-73.994973,36047030400,2.0
305537,HARWAY AV/BAY 41 ST,40.591653,-73.990872,36047030400,2.0
305538,HARWAY AV/BAY 43 ST,40.59075,-73.989382,36047031401,3.0
305539,HARWAY AV/27 AV,40.589858,-73.987906,36047031401,3.0
305544,MERMAID AV/STILLWELL AV,40.577134,-73.981589,36047035000,2.0
305554,SMITH ST/WARREN ST,40.685739,-73.991065,36047006901,3.0
305561,DEAN ST/5 AV,40.682133,-73.976759,36047012901,3.0
305582,SAINT MARKS AV/RALPH AV,40.673638,-73.922269,36047035900,1.0
305597,BERGEN ST/NEW YORK AV,40.676019,-73.947596,36047031500,2.0
305598,BERGEN ST/NOSTRAND AV,40.676171,-73.950325,36047031500,2.0
305600,BERGEN ST/FRANKLIN AV,40.676939,-73.956139,36047030500,2.0
305606,BERGEN ST/CARLTON AV,40.680208,-73.971748,36047016100,3.0
305608,BERGEN ST/5 AV,40.681477,-73.976882,36047012902,3.0
305610,BERGEN ST/3 AV,40.683404,-73.981824,36047003900,3.0
305612,BERGEN ST/BOND ST,40.685208,-73.986457,36047004100,3.0
305613,BERGEN ST/HOYT ST,40.686049,-73.988606,36047004300,3.0
305616,COURT ST/WARREN ST,40.686475,-73.993982,36047004500,3.0
305617,COURT ST/KANE ST,40.685184,-73.99462,36047006700,3.0
305624,20 ST/8 AV,40.658161,-73.986513,36047150200,3.0
305626,7 AV/PROSPECT AV,40.661697,-73.985795,36047014902,3.0
305627,7 AV/15 ST,40.663481,-73.984313,36047014901,3.0
305628,7 AV/13 ST,40.664691,-73.983307,36047015100,3.0
305629,7 AV/11 ST,40.665909,-73.982287,36047015100,3.0
305630,7 AV/9 ST,40.667271,-73.981178,36047015300,3.0
305632,7 AV/3 ST,40.67075,-73.978241,36047015500,3.0
305633,7 AV/GARFIELD PL,40.672529,-73.976766,36047015700,3.0
305634,7 AV/UNION ST,40.674858,-73.975088,36047015900,3.0
305635,7 AV/LINCOLN PL,40.675611,-73.974587,36047015900,3.0
305636,7 AV/STERLING PL,40.677315,-73.97344,36047016100,3.0
305670,7 AV/FLATBUSH AV,40.677797,-73.973229,36047016100,3.0
305671,7 AV/STERLING PL,40.676845,-73.973898,36047015900,3.0
305672,7 AV/BERKELEY PL,40.675207,-73.975038,36047015900,3.0
305673,7 AV/UNION ST,40.674188,-73.975723,36047015700,3.0
305674,7 AV/GARFIELD PL,40.672109,-73.97735,36047015700,3.0
305675,7 AV/3 ST,40.670287,-73.978868,36047015500,3.0
305676,7 AV/6 ST,40.668484,-73.980365,36047015300,3.0
305677,7 AV/9 ST,40.666648,-73.981897,36047015100,3.0
305678,7 AV/11 ST,40.665459,-73.982889,36047015100,3.0
305679,7 AV/13 ST,40.664274,-73.983884,36047014901,3.0
305680,7 AV/15 ST,40.663017,-73.984879,36047014902,3.0
305681,7 AV/PROSPECT AV,40.661603,-73.986105,36047014902,3.0
305682,7 AV/18 ST,40.660157,-73.987605,36047014700,3.0
305687,WEST BRIGHTON AV/W 2 ST,40.576331,-73.970244,36047035602,3.0
305688,WEST BRIGHTON AV/OCEAN PKWY,40.576254,-73.968966,36047035602,3.0
305694,CONEY ISLAND AV/OCEAN VIEW AV,40.580181,-73.959734,36047061003,1.0
305695,CONEY ISLAND AV/NEPTUNE AV,40.581856,-73.959802,36047061003,1.0
305698,CONEY ISLAND AV/AVENUE Y,40.589769,-73.960405,36047058800,3.0
305699,CONEY ISLAND AV/AVENUE X,40.591965,-73.960573,36047058400,3.0
305700,CONEY ISLAND AV/GRAVESEND NECK RD,40.594702,-73.960781,36047058400,3.0
305701,CONEY ISLAND AV/AVENUE V,40.596442,-73.960916,36047058200,2.0
305702,CONEY ISLAND AV/AVENUE U,40.598193,-73.961045,36047058200,2.0
305703,CONEY ISLAND AV/AVENUE T,40.6009,-73.961259,36047055600,3.0
305704,CONEY ISLAND AV/AVENUE S,40.60334,-73.961445,36047055600,3.0
305705,CONEY ISLAND AV/AVENUE R,40.605665,-73.96162,36047055400,2.0
305706,CONEY ISLAND AV/KINGS HWY,40.607183,-73.961738,36047055400,2.0
305707,CONEY ISLAND AV/AVENUE P,40.610419,-73.962327,36047054200,2.0
305708,CONEY ISLAND AV/AVENUE O,40.612906,-73.962794,36047054200,2.0
305709,CONEY ISLAND AV/AVENUE N,40.615541,-73.963293,36047076800,3.0
305710,CONEY ISLAND AV/CHESTNUT AV,40.617183,-73.963661,36047076800,3.0
305711,CONEY ISLAND AV/AVENUE L,40.620353,-73.964206,36047053400,3.0
305712,CONEY ISLAND AV/AVENUE K,40.62273,-73.964655,36047053400,3.0
305713,CONEY ISLAND AV/AVENUE J,40.625066,-73.9651,36047053000,2.0
305715,CONEY ISLAND AV/AVENUE H,40.629935,-73.966016,36047052800,3.0
305716,CONEY ISLAND AV/FOSTER AV,40.63223,-73.966631,36047046000,2.0
305718,CONEY ISLAND AV/DITMAS AV,40.635593,-73.967599,36047052600,2.0
305719,CONEY ISLAND AV/DORCHESTER RD,40.637588,-73.968181,36047052600,2.0
305720,CONEY ISLAND AV/CORTELYOU RD,40.639658,-73.968775,36047152200,3.0
305721,CONEY ISLAND AV/SLOCUM PL,40.642011,-73.969451,36047152200,3.0
305723,CONEY ISLAND AV/TURNER PL,40.645222,-73.970463,36047152200,3.0
305724,CONEY ISLAND AV/CHURCH AV,40.646768,-73.970833,36047050600,1.0
305725,CONEY ISLAND AV/CATON AV,40.648599,-73.971358,36047017700,
305727,PROSPECT PARK SOUTHWEST/GREENWOOD AV,40.652993,-73.972686,36047017700,
305728,PROSPECT PARK SOUTHWEST/VANDERBILT ST,40.655038,-73.973276,36047017700,
305729,PROSPECT PARK SOUTHWEST/TERRACE PL,40.656765,-73.973777,36047017700,
305730,PROSPECT PARK SOUTHWEST/11 AV,40.658945,-73.975444,36047017700,
305731,PROSPECT PARK SOUTHWEST/10 AV,40.66007,-73.977772,36047017700,
305733,PROSPECT PARK SOUTHWEST/BARTEL PRITCHARD SQ,40.660699,-73.979409,36047016900,3.0
305734,PROSPECT PARK SOUTHWEST/10 AV,40.659626,-73.977217,36047017100,3.0
305735,PROSPECT PARK SOUTHWEST/11 AV,40.658472,-73.974832,36047017100,3.0
305736,PROSPECT PARK SOUTHWEST/TERRACE PL,40.656027,-73.973766,36047017100,3.0
305738,PROSPECT PARK SOUTHWEST/REEVE PL,40.653608,-73.973039,36047050202,3.0
305739,PROSPECT PARK SOUTHWEST/GREENWOOD AV,40.65231,-73.972694,36047050401,3.0
305740,CONEY ISLAND AV/CATON PL,40.649732,-73.971963,36047050401,3.0
305741,CONEY ISLAND AV/CATON AV,40.64794,-73.971448,36047050402,2.0
305742,CONEY ISLAND AV/CHURCH AV,40.645972,-73.970876,36047049200,2.0
305743,CONEY ISLAND AV/BEVERLEY RD,40.643402,-73.970132,36047049200,2.0
305744,CONEY ISLAND AV/AVENUE C,40.640888,-73.969394,36047049200,2.0
305745,CONEY ISLAND AV/CORTELYOU RD,40.638695,-73.968764,36047049200,2.0
305746,CONEY ISLAND AV/DITMAS AV,40.636296,-73.968074,36047048200,2.0
305749,CONEY ISLAND AV/FOSTER AV,40.631909,-73.966801,36047046000,2.0
305750,CONEY ISLAND AV/AVENUE H,40.629172,-73.966139,36047045600,1.0
305752,CONEY ISLAND AV/AVENUE J,40.624418,-73.965241,36047045600,1.0
305753,CONEY ISLAND AV/AVENUE K,40.622033,-73.964795,36047045400,3.0
305754,CONEY ISLAND AV/AVENUE L,40.619664,-73.964339,36047045400,3.0
305755,CONEY ISLAND AV/AVENUE M,40.617265,-73.963883,36047045400,3.0
305756,CONEY ISLAND AV/AVENUE N,40.614868,-73.963434,36047044200,3.0
305757,CONEY ISLAND AV/AVENUE O,40.612231,-73.962938,36047042000,3.0
305758,CONEY ISLAND AV/AVENUE P,40.609617,-73.962457,36047042000,3.0
305760,CONEY ISLAND AV/AVENUE R,40.60505,-73.961844,36047041600,2.0
305761,CONEY ISLAND AV/AVENUE S,40.602676,-73.961665,36047041600,2.0
305763,CONEY ISLAND AV/AVENUE U,40.598405,-73.961337,36047039400,3.0
305764,CONEY ISLAND AV/AVENUE V,40.595808,-73.961136,36047039200,3.0
305765,CONEY ISLAND AV/AVENUE W,40.593431,-73.960961,36047039000,3.0
305766,CONEY ISLAND AV/AVENUE X,40.591271,-73.960793,36047037000,3.0
305767,CONEY ISLAND AV/AVENUE Y,40.589116,-73.960625,36047037000,3.0
305768,CONEY ISLAND AV/AVENUE Z,40.586986,-73.960457,36047037000,3.0
305770,CONEY ISLAND AV/NEPTUNE AV,40.582048,-73.960086,36047036600,1.0
305771,CONEY ISLAND AV/OCEAN VIEW AV,40.579786,-73.959915,36047036200,1.0
305775,BRIGHTON BEACH AV/BRIGHTON 1 PL,40.576651,-73.965449,36047036001,1.0
305792,15 ST/8 AV,40.662113,-73.982057,36047016700,3.0
305793,8 AV/13 ST,40.663562,-73.98095,36047016700,3.0
305794,8 AV/11 ST,40.664753,-73.979955,36047016700,3.0
305803,VANDERBILT AV/STERLING PL,40.67626,-73.969255,36047020700,3.0
305804,VANDERBILT AV/PROSPECT PL,40.67794,-73.968642,36047020500,3.0
305805,VANDERBILT AV/BERGEN ST,40.679702,-73.968013,36047020300,3.0
305806,VANDERBILT AV/PACIFIC ST,40.681238,-73.967457,36047020300,3.0
305807,VANDERBILT AV/FULTON ST,40.684124,-73.96795,36047019900,3.0
305808,VANDERBILT AV/GREENE AV,40.686284,-73.968439,36047019900,3.0
305809,VANDERBILT AV/LAFAYETTE AV,40.687777,-73.968687,36047019700,3.0
305810,VANDERBILT AV/DE KALB AV,40.68935,-73.969,36047019700,3.0
305811,VANDERBILT AV/WILLOUGHBY AV,40.691867,-73.969504,36047019500,2.0
305831,VANDERBILT AV/PARK AV,40.695567,-73.9704,36047018700,3.0
305833,VANDERBILT AV/WILLOUGHBY AV,40.691255,-73.969544,36047018300,3.0
305834,VANDERBILT AV/DE KALB AV,40.689567,-73.969209,36047018300,3.0
305835,VANDERBILT AV/LAFAYETTE AV,40.687502,-73.968799,36047019700,3.0
305836,VANDERBILT AV/GREENE AV,40.686479,-73.968587,36047019700,3.0
305837,VANDERBILT AV/FULTON ST,40.683907,-73.96808,36047019900,3.0
305838,VANDERBILT AV/ATLANTIC AV,40.681922,-73.967541,36047019900,3.0
305839,VANDERBILT AV/DEAN ST,40.679894,-73.968176,36047016300,3.0
305841,VANDERBILT AV/SAINT MARKS AV,40.67825,-73.968764,36047016300,3.0
305842,VANDERBILT AV/PARK PL,40.676499,-73.969399,36047016300,3.0
305852,PROSPECT PARK WEST/9 ST,40.664314,-73.977194,36047016700,3.0
305853,PROSPECT PARK WEST/12 ST,40.662596,-73.978633,36047016700,3.0
305855,PROSPECT PARK WEST/16 ST,40.660162,-73.980667,36047016900,3.0
305858,PROSPECT PARK WEST/19 ST,40.65694,-73.983781,36047150200,3.0
305873,7 AV/POLY PREP ENT,40.612347,-74.023602,36047015400,
305883,8 AV/73 ST,40.628211,-74.017078,36047013200,2.0
305885,8 AV/BAY RIDGE AV,40.630541,-74.014598,36047012801,1.0
305886,8 AV/67 ST,40.631716,-74.013373,36047012801,1.0
305887,8 AV/65 ST,40.632874,-74.012174,36047012000,1.0
305888,8 AV/62 ST,40.634543,-74.01043,36047011800,1.0
305889,8 AV/60 ST,40.635699,-74.009234,36047010402,1.0
305891,8 AV/57 ST,40.637406,-74.007458,36047010402,1.0
305892,8 AV/55 ST,40.638509,-74.006309,36047010602,1.0
305895,8 AV/50 ST,40.641315,-74.003391,36047010802,1.0
305897,8 AV/47 ST,40.642984,-74.001654,36047009402,2.0
305900,8 AV/41 ST,40.646351,-73.998151,36047009002,1.0
305906,36 ST/4 AV,40.654583,-74.004775,36047008400,2.0
305907,36 ST/3 AV,40.655395,-74.00613,36047008400,2.0
305922,8 AV/40 ST,40.64646,-73.998197,36047009001,1.0
305925,8 AV/46 ST,40.643115,-74.001672,36047009401,1.0
305927,8 AV/49 ST,40.641426,-74.003426,36047010801,1.0
305929,8 AV/52 ST,40.639762,-74.005166,36047010601,1.0
305932,8 AV/58 ST,40.636442,-74.008676,36047010401,1.0
305933,8 AV/60 ST,40.635279,-74.009897,36047011800,1.0
305934,8 AV/62 ST,40.634447,-74.010758,36047011800,1.0
305935,8 AV/65 ST,40.632405,-74.012876,36047012000,1.0
305936,8 AV/67 ST,40.631282,-74.014054,36047012801,1.0
305937,8 AV/BAY RIDGE AV,40.630164,-74.015207,36047013200,2.0
305939,7 AV SERVICE RD SOUTH/OVINGTON AV,40.630488,-74.017516,36047013400,2.0
305940,7 AV SERVICE RD SOUTH/72 ST,40.629052,-74.017999,36047013400,2.0
305951,7 AV/92 ST,40.61419,-74.023068,36047015200,3.0
305952,7 AV/POLY PREP ENT,40.611979,-74.023953,36047015200,3.0
305988,MERMAID AV/W 21 ST,40.576296,-73.988358,36047032600,1.0
305989,MERMAID AV/W 23 ST,40.576115,-73.989967,36047032600,1.0
305990,MERMAID AV/W 25 ST,40.575821,-73.992685,36047032800,1.0
305991,MERMAID AV/W 28 ST,40.575596,-73.994719,36047032800,1.0
305992,MERMAID AV/W 30 ST,40.575357,-73.996843,36047032800,1.0
305993,MERMAID AV/W 32 ST,40.575119,-73.998956,36047032800,1.0
305994,MERMAID AV/W 36 ST,40.574828,-74.001634,36047032800,1.0
306003,MERMAID AV/W 29 ST,40.575456,-73.994904,36047034200,1.0
306004,MERMAID AV/W 27 ST,40.575676,-73.992775,36047034200,1.0
306005,MERMAID AV/W 24 ST,40.575906,-73.990709,36047032600,1.0
306006,MERMAID AV/W 22 ST,40.576134,-73.98861,36047032600,1.0
306018,9 ST/8 AV,40.665997,-73.979533,36047015300,3.0
306021,9 ST/5 AV,40.669432,-73.986637,36047013700,3.0
306022,9 ST/4 AV,40.670274,-73.988461,36047013700,3.0
306023,9 ST/3 AV,40.671428,-73.990912,36047012100,3.0
306034,SMITH ST/BERGEN ST,40.686974,-73.990228,36047004300,3.0
306053,COURT ST/SCHERMERHORN ST,40.691085,-73.991778,36047000900,3.0
306055,COURT ST/AMITY ST,40.688094,-73.993217,36047004500,3.0
306060,COURT ST/PRESIDENT ST,40.681442,-73.996386,36047006500,3.0
306061,COURT ST/1 PL,40.680045,-73.997055,36047006500,3.0
306062,COURT ST/3 PL,40.678421,-73.997876,36047006500,3.0
306063,COURT ST/NELSON ST,40.676204,-73.998925,36047006500,3.0
306064,COURT ST/W 9 ST,40.674938,-73.999538,36047006500,3.0
306069,9 ST/5 AV,40.668915,-73.985988,36047013900,3.0
306070,9 ST/6 AV,40.667771,-73.983627,36047015100,3.0
306072,9 ST/8 AV,40.665492,-73.978902,36047016700,3.0
306075,PROSPECT PARK SOUTHWEST/BARTEL PRITCHARD SQ,40.661372,-73.979653,36047016700,3.0
306086,OTSEGO ST/LORRAINE ST,40.675026,-74.009604,36047005302,3.0
306087,LORRAINE ST/COLUMBIA ST,40.674455,-74.007354,36047005302,3.0
306088,LORRAINE ST/HICKS ST,40.673983,-74.005656,36047005302,3.0
306089,LORRAINE ST/HENRY ST,40.673538,-74.00407,36047005302,3.0
306108,COURT ST/LORRAINE ST,40.672692,-74.000598,36047005302,3.0
306109,LORRAINE ST/CLINTON ST,40.673275,-74.002765,36047008500,1.0
306110,LORRAINE ST/HENRY ST,40.673821,-74.004756,36047008500,1.0
306111,LORRAINE ST/HICKS ST,40.674226,-74.00628,36047008500,1.0
306112,LORRAINE ST/COLUMBIA ST,40.674751,-74.008022,36047008500,1.0
306113,LORRAINE ST/OTSEGO ST,40.675131,-74.009397,36047008500,1.0
306114,DWIGHT ST/DIKEMAN ST,40.674574,-74.010824,36047005301,3.0
306115,DWIGHT ST/VAN DYKE ST,40.673779,-74.011781,36047005301,3.0
306116,VAN DYKE ST/RICHARDS ST,40.674669,-74.013151,36047005301,3.0
306144,AVENUE U/E 54 ST,40.611007,-73.920407,36047069800,3.0
306153,RALPH AV/AVENUE N,40.619865,-73.917245,36047069602,3.0
306154,RALPH AV/E 65 ST,40.622262,-73.917471,36047069601,3.0
306155,RALPH AV/AVENUE L,40.624604,-73.91774,36047069601,3.0
306156,RALPH AV/AVENUE K,40.62701,-73.917975,36047069601,3.0
306158,RALPH AV/FLATLANDS AV,40.632769,-73.918594,36047095000,2.0
306159,RALPH AV/GLENWOOD RD,40.634391,-73.918768,36047095000,2.0
306160,RALPH AV/E 76 ST,40.636277,-73.919014,36047095000,2.0
306161,RALPH AV/FARRAGUT RD,40.637906,-73.919149,36047095000,2.0
306162,RALPH AV/FOSTER AV,40.640704,-73.919472,36047095000,2.0
306165,RALPH AV/AVENUE B,40.64748,-73.920168,36047093400,2.0
306167,RALPH AV/E 88 ST,40.651264,-73.920557,36047093400,2.0
306168,RALPH AV/CHURCH AV,40.653133,-73.920772,36047088800,1.0
306172,CLARKSON AV/REMSEN AV,40.657878,-73.925025,36047088200,1.0
306173,CLARKSON AV/E 92 ST,40.658803,-73.923614,36047088200,1.0
306174,CLARKSON AV/E 94 ST,40.659758,-73.922135,36047088600,2.0
306175,CLARKSON AV/E 96 ST,40.660779,-73.920522,36047089200,1.0
306176,ROCKAWAY PKWY/CLARKSON AV,40.661489,-73.920433,36047089200,1.0
306177,WINTHROP ST/ROCKAWAY PKWY,40.662962,-73.921461,36047089200,1.0
306180,RUTLAND RD/E 98 ST,40.664652,-73.923456,36047089200,1.0
306181,ROCKAWAY PKWY/WINTHROP ST,40.662431,-73.921716,36047089200,1.0
306182,CLARKSON AV/E 96 ST,40.660455,-73.92126,36047088400,1.0
306183,CLARKSON AV/E 94 ST,40.659415,-73.922873,36047088400,1.0
306184,CLARKSON AV/E 91 ST,40.65802,-73.925026,36047086600,2.0
306189,RALPH AV/CHURCH AV,40.652592,-73.920823,36047086400,1.0
306190,RALPH AV/SNYDER AV,40.650327,-73.920625,36047093600,1.0
306191,RALPH AV/TILDEN AV,40.648436,-73.920421,36047093600,1.0
306192,RALPH AV/BEVERLY RD,40.647143,-73.920253,36047093600,1.0
306193,RALPH AV/CLARENDON RD,40.645217,-73.920045,36047093600,1.0
306195,RALPH AV/FOSTER AV,40.639764,-73.919499,36047094401,2.0
306198,RALPH AV/FLATLANDS AV,40.631281,-73.918616,36047072000,1.0
306199,RALPH AV/AVENUE J,40.628416,-73.918337,36047072000,1.0
306200,RALPH AV/AVENUE K,40.626078,-73.918059,36047069200,2.0
306201,RALPH AV/AVENUE L,40.623779,-73.917796,36047069200,2.0
306202,RALPH AV/AVENUE M,40.621613,-73.91761,36047069000,2.0
306203,RALPH AV/AVENUE N,40.61922,-73.917339,36047068800,3.0
306204,MILL AV/RALPH AV,40.617813,-73.916647,36047068600,3.0
306205,MILL AV/AVENUE T,40.616783,-73.915464,36047068600,3.0
306206,MILL AV/AVENUE U,40.615413,-73.913979,36047068600,3.0
306209,AVENUE U/E 54 ST,40.611147,-73.920646,36047067000,2.0
306215,VANDALIA AV/BETHEL LOOP,40.652039,-73.882331,36047105801,1.0
306216,VANDALIA AV/VAN SICLEN AV,40.653196,-73.881507,36047105801,1.0
306217,VAN SICLEN AV/FLATLANDS AV,40.654907,-73.882225,36047107800,2.0
306218,VAN SICLEN AV/COZINE AV,40.656615,-73.882654,36047110600,1.0
306219,VAN SICLEN AV/WORTMAN AV,40.657762,-73.883609,36047110600,1.0
306220,VAN SICLEN AV/STANLEY AV,40.659375,-73.884704,36047110400,1.0
306221,VAN SICLEN AV/LINDEN BLVD,40.661021,-73.885952,36047110400,1.0
306222,VAN SICLEN AV/HEGEMAN AV,40.662323,-73.886912,36047112200,1.0
306255,VAN SICLEN AV/HEGEMAN AV,40.661699,-73.886714,36047110400,1.0
306257,VAN SICLEN AV/STANLEY AV,40.658719,-73.884442,36047110600,1.0
306258,VAN SICLEN AV/WORTMAN AV,40.65736,-73.883471,36047110600,1.0
306259,VAN SICLEN AV/COZINE AV,40.656349,-73.882683,36047110600,1.0
306260,VAN SICLEN AV/FLATLANDS AV,40.654792,-73.882409,36047107800,2.0
306261,VANDALIA AV/VAN SICLEN AV,40.653463,-73.881917,36047105801,1.0
306262,VANDALIA AV/ARDSLEY LOOP,40.651521,-73.883265,36047105801,1.0
306264,JAY ST/CHAPEL ST,40.69735,-73.98706,36047001300,3.0
306268,STILLWELL AV/AVENUE T,40.598292,-73.985441,36047040400,2.0
306271,W 37 ST/CANAL AV,40.579236,-74.0036,36047033000,1.0
306273,FLATBUSH AV/E 46 ST,40.616934,-73.930461,36047067400,2.0
306280,NEPTUNE AV/OCEAN PKWY,40.580344,-73.968131,36047035601,2.0
306286,13 AV/50 ST,40.634293,-73.992992,36047022000,2.0
306288,SHELL RD/AVENUE X,40.589732,-73.974303,36047030800,3.0
306291,EUCLID AV/LINDEN BLVD,40.66824,-73.87016,36047121000,1.0
306292,COZINE AV/CRESCENT ST,40.662247,-73.86717,36047122000,2.0
306304,UTICA AV/EMPIRE BLVD,40.663714,-73.93172,36047035500,1.0
306318,AVENUE N/E 45 ST,40.618579,-73.931828,36047065000,2.0
306322,EMPIRE BLVD/LAMONT CT,40.66402,-73.943676,36047032900,2.0
306324,FLATBUSH AV/AVENUE D,40.640799,-73.955799,36047079001,1.0
306325,FLATBUSH AV/EMPIRE BLVD,40.663012,-73.962211,36047032700,2.0
306328,SMITH ST/FULTON ST,40.691215,-73.987395,36047003700,3.0
306332,RALPH AV/CHASE CT,40.641877,-73.919716,36047094401,2.0
306333,RALPH AV/E 86 ST,40.648302,-73.920249,36047093400,2.0
306337,SANDS ST/PEARL ST,40.699922,-73.987598,36047001300,3.0
306340,BEDFORD AV/CAMPUS RD,40.631963,-73.952858,36047077200,2.0
306341,SHORE PKWY/BAYSIDE OIL,40.59263,-73.995848,36047030400,2.0
306343,BUFFALO AV/PROSPECT PL,40.673264,-73.925056,36047035900,1.0
306344,BEVERLY RD/KINGS HWY,40.646733,-73.924307,36047094600,2.0
306345,AVENUE D/E 42 ST,40.641613,-73.936661,36047083800,2.0
306347,GLENWOOD RD/ALBANY AV,40.634568,-73.937435,36047078000,2.0
306348,EAST NEW YORK AV/RALPH AV,40.666989,-73.923112,36047035900,1.0
306349,CLARKSON AV/KINGS COUNTY HOSPITAL,40.655835,-73.944443,36047080800,1.0
306359,CRESCENT ST/JAMAICA AV,40.689202,-73.873875,36047118201,1.0
306366,MILL AV/AVENUE T,40.617328,-73.91588,36047069800,3.0
306370,AVENUE X/OCEAN PKWY,40.591099,-73.965802,36047039000,3.0
306371,W 37 ST/BAY VIEW AV,40.580721,-74.003877,36047033000,1.0
306373,BAYVIEW AV/W 36 ST,40.580932,-74.002498,36047033000,1.0
306374,SCHAEFER ST/BUSHWICK AV,40.685538,-73.911964,36047040100,1.0
306381,GLENWOOD RD/E 58 ST,40.633673,-73.919944,36047072200,3.0
306382,GLENWOOD RD/E 100 ST,40.646791,-73.899644,36047097400,1.0
306395,LAFAYETTE AV/PATCHEN AV,40.692493,-73.928106,36047038700,1.0
306405,ROCKAWAY PKWY/SCHENCK ST,40.631428,-73.887285,36047102801,2.0
306419,STILLWELL AV/NEPTUNE AV,40.579067,-73.982011,36047034800,1.0
306420,AVENUE H/E 56 ST,40.633156,-73.92219,36047072200,3.0
306421,7 AV/19 ST,40.660006,-73.987518,36047150200,3.0
306437,OLD FULTON ST/HICKS ST,40.702029,-73.992747,36047000100,3.0
306438,EMPIRE BLVD/UTICA AV,40.663602,-73.93216,36047035500,1.0
306446,AVENUE I/CONEY ISLAND AV,40.627163,-73.966118,36047045600,1.0
306452,PENNSYLVANIA AV/HORNELL LOOP,40.645187,-73.878555,36047105801,1.0
306454,CHURCH AV/E 93 ST,40.653939,-73.918309,36047088800,1.0
306457,86 ST/STILLWELL AV,40.596732,-73.985361,36047030000,2.0
306461,BROADWAY/BEDFORD AV,40.710192,-73.963556,36047054900,3.0
306465,LAFAYETTE AV/MARCUS GARVEY BLVD,40.691212,-73.939268,36047027900,2.0
306466,DE KALB AV/MARCUS GARVEY BLVD,40.692704,-73.939907,36047028100,1.0
306468,NOSTRAND AV/FLATBUSH AV,40.632419,-73.947699,36047077400,1.0
306470,CROPSEY AV/BAY 17 ST,40.602849,-74.007998,36047017600,3.0
306474,GRAHAM AV/SCHOLES ST,40.70911,-73.943414,36047049301,1.0
306476,GRAHAM AV/JACKSON ST,40.716959,-73.944738,36047049700,3.0
306479,UTICA AV/EAST NEW YORK AV,40.662841,-73.931689,36047088001,1.0
306480,MEEKER AV/STEWART AV,40.72671,-73.934225,36047044902,
306487,GREENPOINT AV/NORTH HENRY ST,40.732128,-73.944225,36047058901,3.0
306495,BERGEN ST/BEDFORD AV,40.676384,-73.953475,36047022100,2.0
306496,BEDFORD AV/WINTHROP ST,40.656782,-73.956574,36047079601,1.0
306500,BEDFORD AV/PRESIDENT ST,40.668071,-73.956113,36047032500,2.0
306502,RALPH AV/CHASE CT,40.642447,-73.919662,36047096000,
306515,MERMAID AV/W 20 ST,40.576367,-73.986497,36047032600,1.0
306519,14 AV/53 ST,40.631642,-73.991944,36047023800,2.0
306520,14 AV/50 ST,40.63333,-73.990189,36047023600,3.0
306521,14 AV/47 ST,40.635007,-73.988445,36047023400,3.0
306522,14 AV/44 ST,40.636695,-73.98669,36047023200,3.0
306523,14 AV/41 ST,40.638371,-73.984946,36047023000,1.0
306524,14 AV/39 ST,40.639486,-73.983782,36047022800,2.0
306526,36 ST/CHURCH AV,40.641281,-73.982751,36047022800,2.0
306530,GATES AV/MARCUS GARVEY BLVD,40.687516,-73.939383,36047027700,1.0
306532,39 ST/13 AV,40.640389,-73.986038,36047023000,1.0
306533,CADMAN PLAZA WEST/MONTAGUE ST,40.693578,-73.990408,36047001100,3.0
306537,FORT HAMILTON PKWY/60 ST,40.632957,-74.005602,36047021400,2.0
306538,FORT HAMILTON PKWY/59 ST,40.633734,-74.004442,36047021400,2.0
306540,56 ST/11 AV,40.633542,-74.000324,36047021600,2.0
306541,56 ST/12 AV,40.632199,-73.998112,36047021600,2.0
306542,56 ST/13 AV,40.63114,-73.996354,36047021600,2.0
306543,56 ST/NEW UTRECHT AV,40.630533,-73.995353,36047024000,2.0
306544,14 AV/56 ST,40.629954,-73.993706,36047024000,2.0
306549,MCDONALD AV/AVENUE C,40.641058,-73.979006,36047048600,1.0
306550,MCDONALD AV/CHURCH AV,40.643391,-73.979491,36047049600,2.0
306551,MCDONALD AV/ALBEMARLE RD,40.645476,-73.979895,36047049800,2.0
306553,MCDONALD AV/GREENWOOD AV,40.649876,-73.980715,36047150200,3.0
306554,MCDONALD AV/VANDERBILT ST,40.651955,-73.981126,36047150200,3.0
306555,MCDONALD AV/TERRACE PL,40.653719,-73.981478,36047150200,3.0
306556,20 ST/10 AV,40.655362,-73.981947,36047150200,3.0
306558,MCDONALD AV/TERRACE PL,40.653053,-73.981501,36047017500,
306559,MCDONALD AV/VANDERBILT ST,40.651248,-73.981106,36047017500,
306560,MCDONALD AV/GREENWOOD AV,40.649148,-73.98071,36047017500,
306562,MCDONALD AV/CATON AV,40.646942,-73.980298,36047049800,2.0
306563,MCDONALD AV/ALBEMARLE RD,40.644796,-73.979879,36047049600,2.0
306564,MCDONALD AV/CHURCH AV,40.641942,-73.97933,36047048600,1.0
306565,MCDONALD AV/AVENUE C,40.639954,-73.97926,36047048600,1.0
306566,MCDONALD AV/CORTELYOU RD,40.63816,-73.978939,36047048600,1.0
306567,AVENUE Z/E 28 ST,40.589322,-73.941402,36047060000,3.0
306570,GRAHAM AV/JACKSON ST,40.716366,-73.944743,36047049700,3.0
306571,20 ST/PROSPECT PARK WEST,40.656833,-73.984311,36047150200,3.0
306573,19 ST/PROSPECT PARK WEST,40.656665,-73.982737,36047150200,3.0
306579,52 ST/4 AV,40.645434,-74.013992,36047007600,1.0
306580,50 ST/4 AV,40.646192,-74.012223,36047007800,1.0
306581,50 ST/5 AV,40.644861,-74.010021,36047009800,1.0
306582,49 ST/6 AV,40.64452,-74.007747,36047009800,1.0
306583,49 ST/5 AV,40.645904,-74.010039,36047007800,1.0
306584,49 ST/4 AV,40.646977,-74.011809,36047007800,1.0
306585,4 AV/53 ST,40.644586,-74.014745,36047007600,1.0
306586,55 ST/4 AV,40.643968,-74.015884,36047007600,1.0
306587,55 ST/3 AV,40.645177,-74.017972,36047002200,1.0
306589,FLATLANDS AV/ROCKAWAY PKWY,40.643623,-73.900785,36047096800,2.0
306590,ROCKAWAY PKWY/FLATLANDS AV,40.643078,-73.900179,36047096600,2.0
306591,56 ST/FORT HAMILTON PKWY,40.634755,-74.002338,36047021600,2.0
306594,W 5 ST/WEST BRIGHTON AV,40.577103,-73.972618,36047035602,3.0
306600,GRAHAM AV/COOK ST,40.70264,-73.942345,36047049100,1.0
306603,MOTHER GASTON BLVD/SUTTER AV,40.667388,-73.906422,36047091200,1.0
306604,MOTHER GASTON BLVD/BLAKE AV,40.666298,-73.906146,36047091200,1.0
306619,SHORE RD/3 AV,40.612256,-74.035884,36047005602,3.0
306620,E 80 ST/AVENUE M,40.62992,-73.905074,36047100400,2.0
306622,GRAHAM AV/BAYARD ST,40.720459,-73.946183,36047049900,3.0
306623,DRIGGS AV/LEONARD ST,40.722414,-73.949486,36047056900,3.0
306624,NEW YORK AV/EAST NEW YORK AV,40.662064,-73.947783,36047080600,2.0
306633,9 ST/4 AV,40.670368,-73.988987,36047012100,3.0
306634,9 ST/7 AV,40.666884,-73.981778,36047015100,3.0
306636,39 ST/9 AV,40.645704,-73.994843,36047011000,2.0
306639,70 ST/7 AV,40.630285,-74.016212,36047013200,2.0
306655,SURF AV/W 28 ST,40.572983,-73.993326,36047034000,1.0
306656,SURF AV/W 25 ST,40.573439,-73.991267,36047035200,1.0
306658,SURF AV/W 16 ST,40.5754,-73.982978,36047035200,1.0
306659,DE KALB AV/RYERSON AV,40.69001,-73.963725,36047019300,2.0
306665,ATLANTIC AV/CARLTON AV,40.6822,-73.970287,36047016300,3.0
306676,GRAHAM AV/SEIGEL ST,40.70479,-73.942708,36047049302,1.0
306677,GRAHAM AV/JOHNSON AV,40.706923,-73.943059,36047049302,1.0
306680,3 AV/SHORE RD,40.612763,-74.036053,36047005602,3.0
306696,THORNTON ST/THROOP AV,40.700619,-73.944255,36047050700,3.0
306701,EMMONS AV/FORD ST,40.584153,-73.934837,36047062200,2.0
306702,EMMONS AV/BROWN ST,40.584088,-73.936702,36047062200,2.0
306707,PITKIN AV/ROCKAWAY AV,40.669683,-73.910341,36047090600,1.0
306708,PITKIN AV/OSBORN ST,40.669956,-73.908477,36047090600,1.0
306709,MOTHER GASTON BLVD/PITKIN AV,40.669911,-73.907025,36047090600,1.0
306710,MOTHER GASTON BLVD/BELMONT AV,40.668642,-73.906705,36047090600,1.0
306711,14 AV/CHURCH AV,40.64189,-73.981284,36047022800,2.0
306713,JOHNSON AV/BUSHWICK AV,40.706927,-73.940084,36047049302,1.0
306716,FLATBUSH AV/GRAND ARMY PLAZA,40.672222,-73.969008,36047017700,
306722,ROCKAWAY AV/RIVERDALE AV,40.661332,-73.908529,36047091800,1.0
306723,ROCKAWAY AV/LIVONIA AV,40.662364,-73.908801,36047091800,1.0
306724,ROCKAWAY AV/DUMONT AV,40.664426,-73.909307,36047091200,1.0
306725,ROCKAWAY AV/BLAKE AV,40.665955,-73.909697,36047091200,1.0
306726,ROCKAWAY AV/SUTTER AV,40.667492,-73.910099,36047090600,1.0
306727,ROCKAWAY AV/BELMONT AV,40.668676,-73.910408,36047090600,1.0
306728,ROCKAWAY AV/PITKIN AV,40.670002,-73.910745,36047090600,1.0
306730,OCEAN AV/FOSTER AV,40.636002,-73.95844,36047076400,1.0
306731,LYNCH ST/BEDFORD AV,40.69985,-73.957347,36047053700,3.0
306733,GERRITSEN AV/AVENUE X,40.59677,-73.929365,36047066600,
306734,DUMONT AV/MOTHER GASTON BLVD,40.664763,-73.905402,36047091000,1.0
306755,PARK AV/CARLTON AV,40.695867,-73.972961,36047018501,1.0
306757,PARK AV/VANDERBILT AV,40.695759,-73.969919,36047018700,3.0
306759,PARK AV/WASHINGTON AV,40.695652,-73.966898,36047019100,3.0
306760,PARK AV/RYERSON ST,40.695557,-73.964969,36047019100,3.0
306762,CLASSON AV/PARK AV,40.696521,-73.9616,36047019100,3.0
306763,KENT AV/WILLIAMSBURG ST EAST,40.700176,-73.962071,36047053700,3.0
306765,WYTHE AV/KEAP ST,40.702632,-73.9628,36047053900,2.0
306777,PARK AV/WASHINGTON AV,40.696052,-73.967854,36047021100,2.0
306778,PARK AV/VANDERBILT AV,40.696165,-73.970883,36047021100,2.0
306779,PARK AV/CARLTON AV,40.696279,-73.973902,36047021100,2.0
306782,AVENUE L/NEW YORK AV,40.622276,-73.94276,36047074400,3.0
306783,5 AV/92 ST,40.617651,-74.029605,36047005800,3.0
306784,HARWAY AV/BAY 47 ST,40.589012,-73.986506,36047031401,3.0
306787,GERRITSEN AV/AVENUE U,40.602198,-73.93543,36047063800,3.0
306796,GOLD ST/YORK ST,40.701066,-73.982897,36047002300,1.0
306798,SMITH ST/LIVINGSTON ST,40.690609,-73.987879,36047003700,3.0
306801,NAVY ST/SANDS ST,40.69936,-73.98059,36047002300,1.0
306805,MESEROLE ST/GRAHAM AV,40.708068,-73.943826,36047050500,1.0
306806,BEDFORD AV/GRAND ST,40.714721,-73.961019,36047055300,3.0
306808,BEDFORD AV/N 5 ST,40.716917,-73.958627,36047055300,3.0
306810,BEDFORD AV/N 9 ST,40.719151,-73.956234,36047051700,3.0
306813,PARK AV/NORTH PORTLAND AV,40.695977,-73.975939,36047018501,1.0
306814,PARK AV/NORTH PORTLAND AV,40.696406,-73.97688,36047021100,2.0
306819,AVENUE N/E 3 ST,40.614245,-73.97147,36047044000,3.0
306822,14 AV/BENSON AV,40.611171,-74.013452,36047015400,
306827,AVENUE L/E 36 ST,40.622646,-73.940649,36047073800,2.0
306828,AVENUE L/E 28 ST,40.621799,-73.948315,36047074800,3.0
306829,AVENUE M/E 9 ST,40.617403,-73.966105,36047045200,3.0
306830,AVENUE L/BEDFORD AV,40.621443,-73.950365,36047075400,3.0
306834,YORK AV/NAVY ST,40.701369,-73.981239,36047002100,3.0
306838,CHURCH AV/REMSEN AV,40.652955,-73.919557,36047088800,1.0
306843,LINDEN BLVD/ROCKAWAY PKWY,40.654227,-73.91209,36047089000,1.0
306845,AVENUE B/REMSEN AV,40.649379,-73.916682,36047093400,2.0
306846,AVENUE B/E 87 ST,40.647959,-73.918871,36047093400,2.0
306847,ASHFORD ST/WORTMAN AV,40.659801,-73.878726,36047111000,1.0
306848,WORTMAN AV/BARBEY ST,40.658496,-73.88144,36047111000,1.0
306850,COZINE AV/PENNSYLVANIA AV,40.654256,-73.88686,36047110400,1.0
306851,COZINE AV/VERMONT ST,40.654946,-73.885256,36047107800,2.0
306852,COZINE AV/VAN SICLEN AV,40.656079,-73.882626,36047107800,2.0
306853,COZINE AV/JEROME ST,40.657739,-73.878763,36047107800,2.0
306854,ASHFORD ST/COZINE AV,40.658951,-73.877926,36047107800,2.0
306855,ASHFORD ST/LINDEN BLVD,40.662583,-73.880618,36047111600,1.0
306857,LIVONIA AV/ASHFORD ST,40.66642,-73.883387,36047112400,1.0
306858,COZINE AV/VAN SICLEN AV,40.656354,-73.882381,36047110600,1.0
306859,COZINE AV/VERMONT AV,40.654744,-73.886124,36047110400,1.0
306860,GERRITSEN AV/AVENUE T,40.603334,-73.936672,36047063800,3.0
306861,GERRITSEN AV/FILLMORE AV,40.606597,-73.940307,36047063800,3.0
306862,GERRITSEN AV/BATCHELDER ST,40.605817,-73.939742,36047056400,3.0
306863,GERRITSEN AV/COYLE ST,40.603653,-73.937324,36047056800,3.0
306869,AVENUE B/RALPH AV,40.64718,-73.919813,36047093400,2.0
306870,REMSEN AV/AVENUE B,40.649807,-73.916502,36047093000,2.0
306874,CHURCH AV/STORY ST,40.641969,-73.981612,36047049600,2.0
306880,SHORE RD/MACKAY PL,40.637203,-74.036023,36047003400,3.0
306881,ASHFORD ST/WORTMAN AV,40.659995,-73.878701,36047111600,1.0
306885,GERRITSEN AV/AVENUE S,40.604977,-73.9385,36047063800,3.0
306887,PROSPECT PARK WEST/PROSPECT AV,40.658677,-73.981741,36047016900,3.0
306890,PROSPECT PARK WEST/PROSPECT AV,40.65857,-73.982065,36047016900,3.0
306894,SAINT JOHNS PL/ROCHESTER AV,40.670525,-73.928595,36047034901,1.0
306898,SHORE PKWY/NOSTRAND AV,40.585419,-73.938723,36047062200,2.0
306899,SHORE PKWY/BROWN ST,40.585697,-73.936898,36047062200,2.0
306901,LIVINGSTON ST/HOYT ST,40.689463,-73.985515,36047003700,3.0
306906,NOSTRAND AV/FLATBUSH AV,40.632685,-73.947721,36047077400,1.0
306907,AVENUE R/MADISON PL,40.609578,-73.940156,36047063800,3.0
306908,REMSEN AV/FARRAGUT RD,40.643491,-73.909458,36047096200,2.0
306915,KINGS HWY/W 12 ST,40.605846,-73.985364,36047042800,3.0
306916,GLENWOOD RD/E 108 ST,40.650247,-73.894615,36047098200,1.0
306921,LIVONIA AV/ASHFORD ST,40.666382,-73.883617,36047112400,1.0
306922,SURF AV/W 32 ST,40.572635,-73.997603,36047034000,1.0
306927,MYRTLE AV/VANDERBILT AV,40.693015,-73.969122,36047019500,2.0
306928,MYRTLE AV/ADELPHI ST,40.693133,-73.971425,36047018300,3.0
306930,MYRTLE AV/NORTH PORTLAND AV,40.693295,-73.975414,36047003102,
306931,MYRTLE AV/SAINT EDWARDS ST,40.693356,-73.977372,36047003102,
306932,MYRTLE AV/ASHLAND PL,40.693431,-73.979334,36047003101,3.0
306934,MYRTLE AV/CARLTON AV,40.6933,-73.972749,36047018501,1.0
306935,MYRTLE AV/NORTH PORTLAND AV,40.693411,-73.976311,36047002901,1.0
306936,MYRTLE AV/SAINT EDWARDS ST,40.693516,-73.978273,36047002901,1.0
306937,MYRTLE AV/NAVY ST,40.693573,-73.979589,36047001501,1.0
306940,3 AV/99 ST,40.614688,-74.034783,36047005601,3.0
306942,AVENUE M/E 15 ST,40.618027,-73.960435,36047076800,3.0
306943,49 ST/13 AV,40.63529,-73.992473,36047022000,2.0
306944,FLATLANDS AV/E 98 ST,40.643994,-73.900251,36047097400,1.0
306945,4 AV/97 ST,40.614527,-74.03233,36047005601,3.0
306948,WYTHE AV/WILLIAMSBURG ST WEST,40.701688,-73.961608,36047053900,2.0
306949,FLATLANDS AV/ALABAMA AV,40.651737,-73.888339,36047105804,1.0
306950,FLATLANDS AV/LOUISIANA AV,40.651136,-73.890168,36047098200,1.0
306952,YORK ST/GOLD ST,40.701307,-73.982436,36047002300,1.0
306953,PARK AV/NAVY ST,40.696137,-73.979899,36047002901,1.0
306954,PARK AV/RYERSON ST,40.695983,-73.965359,36047021100,2.0
306958,EMPIRE BLVD/FLATBUSH AV,40.663138,-73.961778,36047032700,2.0
306959,92 ST/FORT HAMILTON PKWY,40.616714,-74.027208,36047016200,3.0
306960,JAY ST/FULTON ST,40.691711,-73.98725,36047001100,3.0
306961,JAY ST/TILLARY ST,40.696456,-73.987037,36047001300,3.0
306962,JAY ST/CONCORD ST,40.69757,-73.986978,36047001300,3.0
306965,50 ST/18 AV,40.627499,-73.981263,36047047400,3.0
306967,ROCKAWAY AV/LOTT AV,40.65826,-73.907744,36047091600,1.0
306974,EMPIRE BLVD/BROOKLYN AV,40.664092,-73.945064,36047032900,2.0
306979,STILLWELL AV/AVENUE Z,40.584708,-73.98287,36047030800,3.0
306980,STILLWELL AV/W 15 PL,40.586421,-73.983197,36047030800,3.0
306982,HARWAY AV/BAY 50 ST,40.587645,-73.984241,36047030800,3.0
306983,STILLWELL AV/AVENUE Z,40.58442,-73.983043,36047030800,3.0
306986,OCEAN AV/VOORHIES AV,40.585947,-73.94898,36047060000,3.0
307000,RALPH AV/SAINT MARKS AV,40.67338,-73.922229,36047035900,1.0
307004,EASTERN PKWY/UTICA AV,40.668537,-73.931235,36047035102,1.0
307005,FLATLANDS AV/LOUISIANA AV,40.650979,-73.890005,36047105804,1.0
307011,EASTERN PKWY/SCHENECTADY AV,40.6687,-73.934069,36047035302,2.0
307018,GLENWOOD RD/E 94 ST,40.643499,-73.904734,36047096800,2.0
307020,EMMONS AV/NOSTRAND AV,40.584026,-73.93844,36047062200,2.0
307021,GERRITSEN AV/AVENUE U,40.601368,-73.934777,36047056800,3.0
307026,UTICA AV/EASTERN PKWY,40.667945,-73.931297,36047035102,1.0
307027,UTICA AV/CARROLL ST,40.665808,-73.931523,36047035102,1.0
307033,OCEAN AV/SHORE PKWY,40.584217,-73.94842,36047060800,3.0
307039,GOLD ST/SANDS ST,40.700329,-73.982855,36047002300,1.0
307040,SHORE PKWY/OCEAN AV,40.584308,-73.948082,36047060800,3.0
307041,SHORE PKWY/BEDFORD AV,40.584712,-73.943311,36047060800,3.0
307042,SHORE PKWY/E 28 ST,40.584996,-73.941046,36047060800,3.0
307045,SHORE PKWY/BRIGHAM ST,40.585581,-73.931926,36047062200,2.0
307047,PROSPECT PARK WEST/18 ST,40.657636,-73.982887,36047150200,3.0
307049,STILLWELL AV/W 15 PL,40.586259,-73.983403,36047030800,3.0
307070,60 ST/MCDONALD AV,40.614366,-73.974441,36047044600,3.0
307071,60 ST/FORT HAMILTON PKWY,40.632839,-74.005321,36047021400,2.0
307073,60 ST/5 AV,40.639735,-74.016459,36047007400,1.0
307075,60 ST/BAY PKWY,40.616964,-73.978741,36047024600,2.0
307078,3 AV/SENATOR ST,40.637425,-74.025268,36047007000,2.0
307081,AVENUE M/E 7 ST,40.617184,-73.968115,36047045200,3.0
307083,UTICA AV/EMPIRE BLVD,40.663942,-73.931453,36047035500,1.0
307086,UTICA AV/CARROLL ST,40.666445,-73.931263,36047034902,1.0
307089,UTICA AV/FLATBUSH AV,40.61344,-73.926412,36047067200,3.0
307090,UTICA AV/BERGEN ST,40.675351,-73.930421,36047030700,1.0
307092,UTICA AV/FULTON ST,40.679184,-73.929053,36047029900,1.0
307093,UTICA AV/PROSPECT PL,40.67355,-73.930593,36047034700,1.0
307094,UTICA AV/SAINT JOHNS PL,40.670935,-73.930844,36047034901,1.0
307096,NASSAU AV/MANHATTAN AV,40.72384,-73.950192,36047056900,3.0
307097,AVENUE U/OCEAN PKWY,40.597904,-73.965078,36047039400,3.0
307098,ASHFORD ST/NEW LOTS AV,40.665791,-73.883146,36047112200,1.0
307099,18 AV/60 ST,40.622145,-73.987248,36047024400,2.0
307102,MCDONALD AV/CATON AV,40.647124,-73.980191,36047049800,2.0
307103,WORTMAN AV/VERMONT ST,40.656089,-73.887024,36047110400,1.0
307107,PENNSYLVANIA AV/SEAVIEW AV,40.64438,-73.878008,36047105804,1.0
307111,AVENUE M/CONEY ISLAND AV,40.617504,-73.963987,36047045400,3.0
307112,AVENUE M/CONEY ISLAND AV,40.617674,-73.963641,36047076800,3.0
307113,AVENUE M/E 13 ST,40.617826,-73.961775,36047076800,3.0
307114,GRAHAM AV/MEEKER AV,40.719327,-73.945397,36047047700,3.0
307115,HEGEMAN AV/THOMAS S BOYLAND ST,40.655881,-73.90948,36047092200,1.0
307116,HEGEMAN AV/THOMAS S BOYLAND ST,40.655915,-73.910338,36047089600,1.0
307119,WORTMAN AV/VAN SICLEN AV,40.657472,-73.883656,36047110600,1.0
307121,MANHATTAN AV/NASSAU AV,40.72369,-73.950686,36047056900,3.0
307122,PITKIN AV/THOMAS S BOYLAND ST,40.669262,-73.913114,36047092400,1.0
307124,MYRTLE AV/MARCUS GARVEY BLVD,40.696363,-73.94116,36047028502,1.0
307125,MYRTLE AV/MARCUS GARVEY BLVD,40.696272,-73.940847,36047028300,1.0
307127,NOSTRAND AV/KINGS HWY,40.615799,-73.944766,36047064400,2.0
307128,CROPSEY AV/14 AV,40.607348,-74.017391,36047015400,
307129,ROCKAWAY AV/HEGEMAN AV,40.65549,-73.907175,36047092200,1.0
307132,AVENUE X/SHELL RD,40.590099,-73.973522,36047037402,3.0
307133,BAY RIDGE AV/8 AV,40.630101,-74.014612,36047013200,2.0
307151,MYRTLE AV/SUYDAM ST,40.697633,-73.929893,36047039100,2.0
307152,MYRTLE AV/VANDERBILT AV,40.693235,-73.970746,36047018700,3.0
307157,BROADWAY/GREENE AV,40.691709,-73.925835,36047039500,1.0
307158,KINGS HWY/RYDER ST,40.622058,-73.937036,36047073800,2.0
307166,60 ST/7 AV,40.636607,-74.01154,36047011800,1.0
307167,60 ST/7 AV,40.637079,-74.012045,36047010200,1.0
307169,FRANKLIN AV/FLUSHING AV,40.698328,-73.958858,36047123700,2.0
307172,GLENWOOD RD/WILLIAMS AV,40.651199,-73.893143,36047098200,1.0
307173,WILLIAMS AV/WORTMAN AV,40.652672,-73.893955,36047098200,1.0
307175,CADMAN PLAZA WEST/TILLARY ST,40.695988,-73.991009,36047001300,3.0
307181,FOUNTAIN AV/BROOKLYN DEVELOPMENTAL CENTER,40.655802,-73.863652,36047107001,1.0
307182,E 80 ST/PAERDEGAT 15 ST,40.627792,-73.900455,36047102600,2.0
307189,60 ST/21 AV,40.61829,-73.980945,36047024600,2.0
307190,60 ST/19 AV,40.620937,-73.985328,36047024400,2.0
307192,60 ST/11 AV,40.631733,-74.003199,36047021400,2.0
307194,60 ST/19 AV,40.620473,-73.984831,36047024400,2.0
307195,60 ST/21 AV,40.617821,-73.980448,36047024600,2.0
307199,AVENUE L/FLATBUSH AV,40.622875,-73.937349,36047073800,2.0
307200,BAY RIDGE AV/NARROWS AV,40.638,-74.03353,36047003400,3.0
307201,60 ST/11 AV,40.63125,-74.002673,36047021400,2.0
307203,92 ST/GATLING PL,40.616926,-74.027344,36047016000,2.0
307205,SURF AV/W 25 ST,40.57345,-73.992113,36047034200,1.0
307206,PENNSYLVANIA AV/GENEVA LOOP,40.646144,-73.88011,36047105804,1.0
307207,BROADWAY/GRANITE ST,40.681648,-73.908411,36047036900,1.0
307208,CONEY ISLAND AV/KINGS HWY,40.607416,-73.96203,36047042000,3.0
307210,FLATBUSH AV/SAINT MARKS AV,40.680035,-73.974402,36047016100,3.0
307214,KINGSLAND AV/LOMBARDY ST,40.721524,-73.940907,36047044901,1.0
307221,E 95 ST/KINGS HWY,40.658632,-73.920192,36047088600,2.0
307225,WORTMAN AV/VAN SICLEN AV,40.657675,-73.883371,36047110600,1.0
307227,PROSPECT PARK WEST/18 ST,40.657546,-73.983053,36047150200,3.0
307228,BROADWAY/LAFAYETTE AV,40.692336,-73.927167,36047038700,1.0
307238,FULTON ST/VAN SINDEREN AV,40.677953,-73.903754,36047036700,1.0
307239,FULTON ST/SACKMAN ST,40.678098,-73.906343,36047036700,1.0
307240,FULTON ST/EASTERN PKWY,40.678156,-73.907474,36047036700,1.0
307241,FULTON ST/ROCKAWAY AV,40.67836,-73.911216,36047037100,2.0
307243,FULTON ST/SARATOGA AV,40.678666,-73.916732,36047037900,1.0
307244,FULTON ST/HOWARD AV,40.678832,-73.919522,36047037900,1.0
307246,FULTON ST/BUFFALO AV,40.679063,-73.924105,36047038100,2.0
307247,FULTON ST/MALCOLM X BLVD,40.679324,-73.929591,36047029700,2.0
307248,FULTON ST/STUYVESANT AV,40.679483,-73.931747,36047029700,2.0
307249,FULTON ST/LEWIS AV,40.679682,-73.935381,36047027300,2.0
307251,FULTON ST/TROY AV,40.679501,-73.934459,36047027100,2.0
307252,FULTON ST/SCHENECTADY AV,40.679398,-73.932497,36047027100,2.0
307253,FULTON ST/UTICA AV,40.67919,-73.928636,36047029900,1.0
307254,FULTON ST/BUFFALO AV,40.67894,-73.924108,36047029900,1.0
307255,FULTON ST/RALPH AV,40.678762,-73.92125,36047030100,2.0
307256,FULTON ST/HOWARD AV,40.678615,-73.918564,36047030100,2.0
307257,FULTON ST/SARATOGA AV,40.678489,-73.915892,36047030100,2.0
307258,FULTON ST/KINGSTON AV,40.679965,-73.941071,36047026900,1.0
307259,FULTON ST/THOMAS S BOYLAND ST,40.678336,-73.913138,36047030100,2.0
307260,FULTON ST/ROCKAWAY AV,40.678189,-73.910359,36047036900,1.0
307263,FULTON ST/VAN SINDEREN AV,40.677816,-73.903542,36047036700,1.0
307269,POSTAL FACILITY RD/BROOKLYN MAIL FACILITY,40.664717,-73.862732,36047122000,2.0
307305,FULTON ST/ALABAMA AV,40.676821,-73.899631,36047119800,1.0
307306,RALPH AV/EASTERN PKWY NORTH,40.668654,-73.922674,36047035900,1.0
307308,EAST NEW YORK AV/E 98 ST,40.666065,-73.924923,36047089200,1.0
307309,EAST NEW YORK AV/PORTAL ST,40.666331,-73.92471,36047035702,
307310,CLASSON AV/EASTERN PKWY,40.671051,-73.961385,36047021300,1.0
307311,AVENUE U/E 38 ST,40.607522,-73.925925,36047066200,3.0
307313,POLY PL/VETERANS HOSPITAL,40.607339,-74.020721,36047015400,
307318,NOSTRAND AV/AVENUE V,40.599455,-73.94165,36047057000,2.0
307320,MYRTLE AV/BROADWAY,40.69693,-73.935966,36047028700,1.0
307322,GLENWOOD RD/REMSEN AV,40.641947,-73.907157,36047096400,1.0
307331,LINDEN BLVD/EMERALD ST,40.67014,-73.859523,36047120803,1.0
307332,LINDEN BLVD/ELDERT LN,40.669169,-73.863041,36047121400,1.0
307333,LINDEN BLVD/HIP CENTER PARKING LOT,40.669742,-73.859355,36047122000,2.0
307355,CADMAN PLAZA WEST/CRANBERRY ST,40.699009,-73.991217,36047001300,3.0
307360,FLATBUSH AV/SAINT MARKS AV,40.679494,-73.974272,36047016100,3.0
307361,MILL AV/AVENUE U,40.615959,-73.914388,36047069800,3.0
307370,PITKIN AV/BRISTOL ST,40.669408,-73.912998,36047092400,1.0
307373,UTICA AV/SAINT JOHNS PL,40.670219,-73.931072,36047035101,1.0
307383,AVENUE R/E 23 ST,40.606577,-73.949946,36047056000,3.0
307384,AVENUE R/E 27 ST,40.606998,-73.94618,36047056200,3.0
307385,AVENUE R/E 28 ST,40.607275,-73.945017,36047056400,3.0
307386,AVENUE R/E 22 ST,40.606643,-73.95065,36047055000,2.0
307389,SHORE PKWY/STORAGE,40.594129,-73.997678,36047029400,1.0
307390,NEW LOTS AV/MOTHER GASTON BLVD,40.65701,-73.903759,36047092000,1.0
307393,MARCUS GARVEY BLVD/BROADWAY,40.699716,-73.941451,36047028501,1.0
307394,AVENUE I/OCEAN PKWY,40.626462,-73.971324,36047046202,3.0
307397,RALPH AV/MILL AV,40.618633,-73.917077,36047069800,3.0
307398,ASHFORD ST/STANLEY AV,40.660855,-73.87951,36047111000,1.0
307403,CADMAN PLAZA WEST/JOHNSON ST,40.695535,-73.990829,36047001300,3.0
307404,CADMAN PLAZA WEST/JOHNSON ST,40.695776,-73.990905,36047001300,3.0
307408,BOERUM PL/JORALEMON ST,40.692022,-73.989228,36047000900,3.0
307426,JAY ST/TILLARY ST,40.695699,-73.987196,36047001300,3.0
307432,E 96 ST/FLATLANDS AV,40.643356,-73.901563,36047096800,2.0
307441,FLATBUSH AV/AVENUE U,40.609528,-73.921821,36047069800,3.0
307460,ADAMS ST/BROOKLYN SUPREME COURT,40.692973,-73.989171,36047001100,3.0
307475,AVENUE B/E 87 ST,40.648214,-73.918204,36047093000,2.0
307477,AVENUE J/E 23 ST,40.626067,-73.953899,36047075200,3.0
307478,AVENUE J/OCEAN AV,40.625771,-73.956562,36047076200,1.0
307479,AVENUE J/E 18 ST,40.625517,-73.958932,36047053200,2.0
307480,AVENUE J/E 16 ST,40.625295,-73.960892,36047053200,2.0
307482,AVENUE J/CONEY ISLAND AV,40.624846,-73.964992,36047053000,2.0
307484,58 ST/1 AV,40.645419,-74.023199,36047001804,
307485,2 AV/56 ST,40.645954,-74.020082,36047002200,1.0
307486,7 AV SERVICE RD SOUTH/BAY RIDGE PKWY,40.626752,-74.018855,36047013400,2.0
307487,7 AV SERVICE RD SOUTH/77 ST,40.625286,-74.019489,36047013600,2.0
307488,7 AV SERVICE RD SOUTH/79 ST,40.624024,-74.020393,36047014200,2.0
307489,7 AV SERVICE RD SOUTH/81 ST,40.622816,-74.021408,36047014200,2.0
307490,FORT HAMILTON PKWY/83 ST,40.621767,-74.02264,36047014200,2.0
307491,FULTON ST/HOYT ST,40.69069,-73.985547,36047003700,3.0
307492,FULTON ST/DUFFIELD ST,40.690536,-73.984949,36047001502,3.0
307493,TILLARY ST/JAY ST,40.695976,-73.986768,36047001300,3.0
307496,AVENUE J/E 8 ST,40.624466,-73.968425,36047045800,3.0
307497,AVENUE J/OCEAN PKWY,40.624167,-73.971156,36047046202,3.0
307499,60 ST/15 AV,40.62643,-73.994423,36047024200,3.0
307501,86 ST/FORT HAMILTON PKWY,40.620732,-74.024776,36047014200,2.0
307506,FULTON ST/MACDOUGAL ST,40.678922,-73.921386,36047037900,1.0
307508,FLATLANDS AV/UTICA AV,40.625963,-73.927911,36047067600,2.0
307510,AVENUE N/OCEAN PKWY,40.614607,-73.969352,36047044400,3.0
307511,HALSEY ST/MARCUS GARVEY BLVD,40.683164,-73.938482,36047027500,1.0
307513,FORT HAMILTON PKWY/7 AV,40.624523,-74.018509,36047013200,2.0
307515,86 ST/NARROWS AV,40.625802,-74.040556,36047004600,3.0
307516,FLATBUSH AV/AVENUE K,40.624869,-73.939404,36047073800,2.0
307518,13 AV/56 ST,40.630907,-73.996513,36047021600,2.0
307520,OCEAN AV/AVENUE L,40.621275,-73.955419,36047076000,2.0
307521,19 ST/8 AV,40.658211,-73.985302,36047150200,3.0
307526,MERMAID AV/W 31 ST,40.575193,-73.99712,36047034200,1.0
307531,FLATLANDS AV/SCHENECTADY AV,40.624261,-73.930685,36047073000,2.0
307532,FLATLANDS AV/AVENUE L,40.622937,-73.932716,36047065000,2.0
307533,FLATLANDS AV/FLATBUSH AV,40.621319,-73.935232,36047073600,2.0
307534,FLATLANDS AV/FLATBUSH AV,40.621408,-73.934998,36047065000,2.0
307535,FLATLANDS AV/TROY AV,40.622865,-73.932785,36047065000,2.0
307538,55 ST/2 AV,40.646232,-74.019643,36047002200,1.0
307539,PENNSYLVANIA AV/SCHROEDERS AV,40.647608,-73.881733,36047105804,1.0
307540,ATLANTIC AV/4 AV,40.684576,-73.978665,36047003900,3.0
307541,FULTON ST/MARCUS GARVEY BLVD,40.679832,-73.937977,36047027300,2.0
307547,GREENE AV/FULTON ST,40.685878,-73.97255,36047017900,1.0
307548,GREENE AV/ADELPHI ST,40.686169,-73.970051,36047017900,1.0
307549,GREENE AV/VANDERBILT AV,40.686401,-73.968035,36047019900,3.0
307550,GREENE AV/WASHINGTON AV,40.686738,-73.965107,36047020100,3.0
307551,GREENE AV/GRAND AV,40.687089,-73.962078,36047023100,3.0
307552,GREENE AV/CLASSON AV,40.687412,-73.95928,36047023300,2.0
307553,FRANKLIN AV/GREENE AV,40.687399,-73.956963,36047023300,2.0
307572,GREENE AV/CLASSON AV,40.687391,-73.960122,36047023100,3.0
307573,GREENE AV/GRAND AV,40.687092,-73.962958,36047019700,3.0
307575,GREENE AV/VANDERBILT AV,40.686366,-73.968929,36047019700,3.0
307576,GREENE AV/ADELPHI ST,40.686129,-73.970882,36047018100,3.0
307577,GREENE AV/CUMBERLAND ST,40.685925,-73.972816,36047018100,3.0
307578,BEDFORD AV/N 11 ST,40.720221,-73.955083,36047051700,3.0
307581,CHURCH AV/E 5 ST,40.644458,-73.975219,36047049400,2.0
307582,4 AV/95 ST,40.616105,-74.031146,36047005400,3.0
307585,53 ST/2 AV,40.647571,-74.018922,36047001803,
307588,FLUSHING AV/NORTH PORTLAND AV,40.697995,-73.9764,36047021100,2.0
307591,FLATLANDS AV/SCHENECTADY AV,40.624296,-73.930583,36047067600,2.0
307593,4 AV/92 ST,40.618234,-74.030316,36047005800,3.0
307595,DEAN ST/3 AV,40.683863,-73.981211,36047003900,3.0
307596,GREENE AV/WASHINGTON AV,40.686704,-73.965978,36047019700,3.0
307599,ELDERT LN/LORING AV,40.668189,-73.862477,36047122000,2.0
307600,ASHFORD ST/STANLEY AV,40.661418,-73.879809,36047111600,1.0
307615,ROCKAWAY AV/LINDEN BLVD,40.65432,-73.906867,36047109800,1.0
307616,BEDFORD AV/N 3 ST,40.715782,-73.959844,36047055300,3.0
307618,50 ST/7 AV,40.642193,-74.005596,36047010801,1.0
307619,50 ST/13 AV,40.634173,-73.992311,36047023600,3.0
307623,CONEY ISLAND AV/PARK CIRCLE,40.65043,-73.971891,36047017700,
307625,AVENUE N/E 5 ST,40.614385,-73.970145,36047044000,3.0
307626,OCEAN AV/AVENUE N,40.616252,-73.954738,36047053800,3.0
307627,LINDEN BLVD/AUTUMN AV,40.668758,-73.866234,36047121400,1.0
307628,ELDERT LN/LINDEN BLVD,40.669125,-73.862818,36047121400,1.0
307629,ELDERT LN/LORING AV,40.667652,-73.86246,36047121400,1.0
307631,FULTON ST/EASTERN PKWY,40.678066,-73.908188,36047036900,1.0
307632,NASSAU AV/VARICK ST,40.726541,-73.93623,36047059300,3.0
307636,FLATBUSH AV/AVENUE T,40.61127,-73.924385,36047066200,3.0
307637,BROADWAY/JEFFERSON ST,40.697354,-73.935803,36047038900,3.0
307638,CATON AV/SAINT PAULS PL,40.651613,-73.962646,36047050801,1.0
307639,OCEAN AV/CATON AV,40.652502,-73.961377,36047050803,1.0
307641,OCEAN AV/231 OCEAN AV,40.657322,-73.9622,36047079802,1.0
307642,OCEAN AV/LINCOLN RD,40.660874,-73.962778,36047032700,2.0
307643,OCEAN AV/LINCOLN RD,40.660149,-73.962861,36047017700,
307644,OCEAN AV/OPP 231 OCEAN AV,40.657494,-73.96234,36047017700,
307645,OCEAN AV/PARKSIDE AV,40.654503,-73.961946,36047050804,2.0
307646,FLATBUSH AV/OCEAN AV,40.662643,-73.962143,36047032700,2.0
307647,FORT HAMILTON PKWY/83 ST,40.6218,-74.022276,36047014200,2.0
307649,FOUNTAIN AV/FLATLANDS AV,40.659987,-73.866959,36047107001,1.0
307656,60 ST/12 AV,40.63038,-74.000958,36047021400,2.0
307665,FRANKLIN AV/LEFFERTS PL,40.680474,-73.955643,36047022700,2.0
307666,18 AV/57 ST,40.624055,-73.985112,36047046800,3.0
307668,UTICA AV/EASTERN PKWY,40.668476,-73.931074,36047034902,1.0
307669,SHORE PKWY/COYLE ST,40.585988,-73.933881,36047062200,2.0
307674,GATES AV/FRANKLIN AV,40.685527,-73.956108,36047022900,3.0
307675,GATES AV/BEDFORD AV,40.685774,-73.953956,36047024300,2.0
307676,GATES AV/NOSTRAND AV,40.686129,-73.950865,36047024300,2.0
307677,GATES AV/MARCY AV,40.686569,-73.947043,36047026500,2.0
307678,GATES AV/TOMPKINS AV,40.686906,-73.944118,36047026500,2.0
307679,GATES AV/THROOP AV,40.687217,-73.941334,36047027700,1.0
307680,GATES AV/MARCUS GARVEY BLVD,40.68754,-73.938532,36047027700,1.0
307681,GATES AV/LEWIS AV,40.687873,-73.935615,36047029300,1.0
307682,GATES AV/STUYVESANT AV,40.688214,-73.932665,36047029300,1.0
307683,GATES AV/MALCOLM X BLVD,40.688553,-73.92974,36047038500,2.0
307684,GATES AV/PATCHEN AV,40.688902,-73.926862,36047038500,2.0
307687,GATES AV/BUSHWICK AV,40.69113,-73.92038,36047039900,1.0
307688,GATES AV/EVERGREEN AV,40.692361,-73.919202,36047041700,1.0
307689,GATES AV/CENTRAL AV,40.694104,-73.917491,36047041700,1.0
307690,GATES AV/WILSON AV,40.695572,-73.916057,36047043300,1.0
307691,GATES AV/KNICKERBOCKER AV,40.69704,-73.914567,36047043300,1.0
307695,9 ST/2 AV,40.672384,-73.992997,36047012100,3.0
307696,SMITH ST/W 9 ST,40.674894,-73.997673,36047007700,3.0
307699,TILLARY ST/ADAMS ST,40.696035,-73.988147,36047001300,3.0
307702,60 ST/17 AV,40.623125,-73.989229,36047024400,2.0
307706,AVENUE J/OCEAN AV,40.625645,-73.956173,36047076200,1.0
307709,37 ST/4 AV,40.653814,-74.00524,36047008400,2.0
307712,BATH AV/14 AV,40.609343,-74.015069,36047017000,3.0
307713,STILLWELL AV/2670 STILLWELL AV,40.581461,-73.982482,36047034800,1.0
307728,MALCOLM X BLVD/HALSEY ST,40.683867,-73.929334,36047029500,2.0
307737,NOSTRAND AV/CHURCH AV,40.650362,-73.949609,36047082400,1.0
307738,CROPSEY AV/HARWAY AV,40.593319,-73.993749,36047030400,2.0
307739,KINGS HWY/W 10 ST,40.605596,-73.983466,36047042800,3.0
307742,KINGS HWY/E 16 ST,40.609038,-73.957521,36047055200,3.0
307780,SHORE RD/83 ST,40.627897,-74.039898,36047004600,3.0
307784,4 AV/94 ST,40.616435,-74.03107,36047005400,3.0
307789,AVENUE L/E 88 ST,40.634236,-73.9023,36047099400,2.0
307790,CHURCH AV/NEW YORK AV,40.650992,-73.947114,36047081800,1.0
307791,CHURCH AV/NEW YORK AV,40.650909,-73.946217,36047085600,2.0
307792,CHURCH AV/NOSTRAND AV,40.650764,-73.949277,36047082400,1.0
307793,CHURCH AV/NOSTRAND AV,40.650853,-73.950008,36047082000,1.0
307794,CHURCH AV/ROGERS AV,40.650626,-73.95199,36047082400,1.0
307795,CHURCH AV/ROGERS AV,40.650717,-73.952873,36047082200,1.0
307798,DRIGGS AV/N 9 ST,40.717935,-73.955549,36047051700,3.0
307804,ROCKAWAY AV/EASTERN PKWY,40.673581,-73.911093,36047036502,1.0
307806,SHORE PKWY/BRAGG ST,40.586567,-73.933336,36047059800,2.0
307809,RODNEY ST/GRAND ST,40.711723,-73.954316,36047051300,3.0
307811,DEAN ST/TROY AV,40.676076,-73.936146,36047031100,1.0
307812,DEAN ST/SCHENECTADY AV,40.675896,-73.932818,36047030900,1.0
307813,DEAN ST/UTICA AV,40.67574,-73.930039,36047030700,1.0
307814,DEAN ST/ROCHESTER AV,40.675621,-73.92789,36047030700,1.0
307815,DEAN ST/FLATBUSH AV,40.681669,-73.975281,36047012902,3.0
307816,DEAN ST/CARLTON AV,40.680718,-73.970739,36047016300,3.0
307817,DEAN ST/VANDERBILT AV,40.680042,-73.967519,36047020300,3.0
307819,DEAN ST/CLASSON AV,40.678142,-73.958453,36047030500,2.0
307820,DEAN ST/NOSTRAND AV,40.676827,-73.949985,36047031500,2.0
307821,DEAN ST/NEW YORK AV,40.67665,-73.946697,36047031300,1.0
307822,DEAN ST/BROOKLYN AV,40.676495,-73.943914,36047031300,1.0
307823,DEAN ST/KINGSTON AV,40.676348,-73.941156,36047031100,1.0
307824,BERGEN ST/ALBANY AV,40.675534,-73.939214,36047031100,1.0
307825,BERGEN ST/KINGSTON AV,40.675714,-73.94204,36047031300,1.0
307826,BERGEN ST/BROOKLYN AV,40.675869,-73.944859,36047031300,1.0
307827,BERGEN ST/CLASSON AV,40.677654,-73.959513,36047030500,2.0
307828,BERGEN ST/WASHINGTON AV,40.678671,-73.964365,36047020300,3.0
307829,BERGEN ST/VANDERBILT AV,40.679573,-73.968673,36047016300,3.0
307831,VANDERBILT AV/MYRTLE AV,40.692836,-73.969853,36047018300,3.0
307832,AVENUE M/E 13 ST,40.617723,-73.961988,36047076800,3.0
307833,5 AV/5 ST,40.671355,-73.984596,36047013700,3.0
307835,WEST BRIGHTON AV/W 5 ST,40.57651,-73.972278,36047035602,3.0
307836,AVENUE U/OCEAN AV,40.599393,-73.95062,36047057800,2.0
307838,AVENUE M/E 15 ST,40.618013,-73.959211,36047076800,3.0
307839,FLATBUSH AV/E 31 ST,40.631992,-73.946701,36047078601,1.0
307848,CLASSON AV/GREENE AV,40.687769,-73.959716,36047023300,2.0
307851,MYRTLE AV/HARMAN ST,40.698634,-73.920534,36047043100,2.0
307853,FLATBUSH AV/PLAZA ST EAST,40.675168,-73.970874,36047015900,3.0
307854,EMMONS AV/BRIGHAM ST,40.584324,-73.932383,36047062200,2.0
307893,COLUMBIA ST/CARROLL ST,40.683269,-74.003479,36047005100,3.0
307894,OCEAN AV/AVENUE U,40.598764,-73.951363,36047057800,2.0
307895,VETERANS AV/E 69 ST,40.619939,-73.90958,36047070000,3.0
307896,STANLEY AV/ELDERT LN,40.666252,-73.862215,36047121400,1.0
307897,VAN SINDEREN AV/FULTON ST,40.678111,-73.903408,36047036700,1.0
307901,GATES AV/RALPH AV,40.689211,-73.924117,36047038500,2.0
307902,MARCUS GARVEY BLVD/GATES AV,40.687208,-73.938965,36047027700,1.0
307904,CLASSON AV/GATES AV,40.685529,-73.95927,36047022900,3.0
307905,NOSTRAND AV/GATES AV,40.685866,-73.950754,36047024300,2.0
307909,SMITH ST/2 ST,40.6797,-73.995149,36047007700,3.0
307910,SMITH ST/UNION ST,40.68178,-73.99375,36047007500,3.0
307911,SMITH ST/DOUGLASS ST,40.683793,-73.992381,36047006902,3.0
307912,MEEKER AV/MORGAN AV,40.722971,-73.939248,36047044901,1.0
307913,CHERRY ST/VANDERVOORT AV,40.723884,-73.937198,36047044901,1.0
307914,AVENUE D/NEW YORK AV,40.641165,-73.946019,36047083000,1.0
307915,WILLIAMSBURG BRIDGE PLAZA/LANE 4,40.709278,-73.959521,36047052500,3.0
307919,WILLIAMSBURG BRIDGE PLAZA/LANE 4,40.709327,-73.959348,36047052500,3.0
307920,KINGS PLAZA/AVENUE U,40.609564,-73.921817,36047069800,3.0
307921,WILLIAMSBURG BRIDGE PLAZA/LANE 2,40.709539,-73.95942,36047052500,3.0
307922,FOUNTAIN AV/FLATLANDS AV,40.660245,-73.866942,36047122000,2.0
307923,SURF AV/W 21 ST,40.574494,-73.98813,36047032600,1.0
307925,PENNSYLVANIA AV/ATLANTIC AV,40.675114,-73.896804,36047119800,1.0
307926,FULTON ST/ALBANY AV,40.679664,-73.937573,36047027100,2.0
307927,FULTON ST/THOMAS S BOYLAND ST,40.678507,-73.913974,36047037100,2.0
307928,HALSEY ST/NOSTRAND AV,40.68188,-73.949674,36047024900,2.0
307935,METROTECH UNDERPASS/LAWRENCE ST,40.692969,-73.986036,36047001100,3.0
307936,7 AV/6 ST,40.668923,-73.979777,36047015300,3.0
307938,PROSPECT PARK SOUTHWEST/BARTEL PRITCHARD SQ,40.660853,-73.97939,36047017700,
307939,W 33 ST/BAY VIEW AV,40.579173,-74.000482,36047033000,1.0
307941,SHORE RD/71 ST,40.636852,-74.036257,36047003400,3.0
307942,BRIGHTON BEACH AV/OCEAN PKWY,40.576218,-73.967609,36047036001,1.0
307943,NAVY ST/NASSAU ST,40.69791,-73.980641,36047002300,1.0
307945,AVENUE N/MCDONALD AV,40.614018,-73.973548,36047044000,3.0
307947,CHURCH AV/MCDONALD AV,40.642696,-73.979883,36047049600,2.0
307948,GATES AV/CLASSON AV,40.685282,-73.959148,36047022900,3.0
307951,CROPSEY AV/BAY 8 ST,40.607039,-74.015998,36047015400,
307952,SURF AV/STILLWELL AV,40.575529,-73.980963,36047035200,1.0
307953,W 5 ST/WEST BRIGHTON AV,40.576301,-73.972971,36047035400,3.0
307954,E 98 ST/CHURCH AV,40.65608,-73.913135,36047089000,1.0
307956,CROPSEY AV/18 AV,40.602907,-74.007811,36047017600,3.0
307957,CROPSEY AV/BAY 25 ST,40.599962,-74.002355,36047028600,1.0
307958,SHORE RD/88 ST,40.624496,-74.040638,36047005000,3.0
307959,SHORE RD/79 ST,40.631504,-74.038495,36047004400,3.0
307960,SHORE RD/BAY RIDGE PKWY,40.633942,-74.036695,36047003800,3.0
307961,SHORE RD/72 ST,40.636202,-74.036908,36047003400,3.0
307963,WASHINGTON AV/SULLIVAN PL,40.664,-73.961029,36047021300,1.0
307964,WASHINGTON AV/MONTGOMERY ST,40.667019,-73.9616,36047021300,1.0
307969,STANLEY AV/CRESCENT ST,40.665458,-73.867081,36047122000,2.0
307971,STANLEY AV/SHERIDAN AV,40.666053,-73.863201,36047122000,2.0
307975,STILLWELL AV/NEPTUNE AV,40.582191,-73.98241,36047034800,1.0
307977,FLUSHING AV/THORNTON ST,40.700485,-73.944199,36047050700,3.0
307983,KINGS HWY/BEDFORD AV,40.612821,-73.949455,36047054800,3.0
307984,EASTERN PKWY/UTICA AV,40.668552,-73.931509,36047035102,1.0
307987,LEWIS AV/LAFAYETTE AV,40.691818,-73.936744,36047028900,1.0
307989,NEW LOTS AV/PENNSYLVANIA AV,40.66201,-73.892557,36047112800,1.0
307990,RALPH AV/EASTERN PKWY,40.668816,-73.922511,36047036100,1.0
307994,REMSEN AV/AVENUE A,40.650865,-73.917945,36047093400,2.0
307995,GOLD ST/SANDS ST,40.699462,-73.983031,36047002300,1.0
307996,GOLD ST/TILLARY ST,40.696228,-73.983279,36047001501,1.0
307998,GOLD ST/TILLARY ST,40.696427,-73.983131,36047001501,1.0
308002,KINGS HWY/E 26 ST,40.613806,-73.948116,36047064200,3.0
308003,GLENWOOD RD/E 98 ST,40.645616,-73.90147,36047097400,1.0
308004,GLENWOOD RD/ROCKAWAY PKWY,40.645456,-73.901761,36047097400,1.0
308006,STANLEY AV/AUTUMN AV,40.6658,-73.865559,36047121400,1.0
308008,GLENWOOD RD/WILLIAMS AV,40.651182,-73.892844,36047098200,1.0
308014,BATH AV/25 AV,40.594354,-73.991106,36047030400,2.0
308016,HALSEY ST/BUSHWICK AV,40.686786,-73.914259,36047040100,1.0
308017,STILLWELL AV/NEPTUNE AV,40.578275,-73.981718,36047035000,2.0
308021,STERLING PL/CLASSON AV,40.674017,-73.960247,36047021700,2.0
308023,TOMPKINS AV/PUTNAM AV,40.68437,-73.944185,36047026700,3.0
308025,WATER ST/MAIN ST,40.703318,-73.991102,36047002100,3.0
308028,1 AV/56 ST,40.647142,-74.02267,36047001803,
308036,UTICA AV/FARRAGUT RD,40.637187,-73.928955,36047093200,1.0
308038,FORT HAMILTON PKWY/MARINE AV,40.613323,-74.030616,36047016200,3.0
308039,FORT HAMILTON PKWY/95 ST,40.615101,-74.029071,36047016200,3.0
308040,92 ST/FORT HAMILTON PKWY,40.617177,-74.02776,36047016000,2.0
308044,ROCKAWAY PKWY/GLENWOOD RD,40.645075,-73.902291,36047096800,2.0
308045,BRIGHTON BEACH AV/CONEY ISLAND AV,40.577935,-73.959729,36047036002,2.0
308046,GATES AV/BROADWAY,40.689479,-73.922704,36047037500,1.0
308047,FLATLANDS AV/E 77 ST,40.633944,-73.915509,36047095600,2.0
308048,KENT AV/HOOPER ST,40.701222,-73.9634,36047053900,2.0
308049,COLUMBIA ST/CONGRESS ST,40.68943,-74.000632,36047004700,3.0
308050,26 AV/SHORE PKWY SERVICE RD NORTH,40.589955,-73.992357,36047031401,3.0
308051,ADAMS ST/BROOKLYN SUPREME COURT,40.692839,-73.989175,36047001100,3.0
308052,52 ST/3 AV,40.646227,-74.015297,36047007600,1.0
308053,AVENUE J/CONEY ISLAND AV,40.62483,-73.964229,36047053400,3.0
308054,BERGEN ST/GRAND AV,40.67819,-73.962083,36047030500,2.0
308055,MERMAID AV/W 15 ST,40.576856,-73.98303,36047034800,1.0
308056,DEAN ST/GRAND AV,40.678808,-73.961614,36047030500,2.0
308057,NOSTRAND AV/AVENUE L,40.621671,-73.946006,36047074800,3.0
308059,VANDERBILT AV/PLAZA ST EAST,40.675179,-73.969641,36047015900,3.0
308061,GRAND ARMY PLAZA/FLATBUSH AV,40.674107,-73.970688,36047015900,3.0
308062,GRAND ARMY PLAZA/FLATBUSH AV,40.673095,-73.969547,36047015900,3.0
308063,FORT HAMILTON PKWY/66 ST,40.630051,-74.010164,36047012801,1.0
308066,UTICA AV/ATLANTIC AV,40.677732,-73.930213,36047029900,1.0
308067,TOMPKINS AV/ELLERY ST,40.698737,-73.947048,36047025700,2.0
308068,QUENTIN RD/CONEY ISLAND AV,40.607888,-73.961743,36047055400,2.0
308070,FLATBUSH AV/GRAND ARMY PLAZA,40.672576,-73.968972,36047017700,
308071,VANDERBILT AV/PLAZA ST EAST,40.675102,-73.969897,36047015900,3.0
308072,SURF AV/W 17 ST,40.575333,-73.984347,36047032600,1.0
308073,FRANKLIN AV/FULTON ST,40.680595,-73.955606,36047022700,2.0
308074,LINCOLN RD/FLATBUSH AV,40.660843,-73.961463,36047032700,2.0
308075,LINCOLN RD/FLATBUSH AV,40.660797,-73.961533,36047032700,2.0
308076,LINCOLN RD/FLATBUSH AV,40.660662,-73.962371,36047032700,2.0
308079,BAY PKWY/CROPSEY AV,40.597429,-73.998547,36047029200,1.0
308080,9 ST/2 AV,40.672778,-73.993558,36047011902,
308081,9 ST/SMITH ST,40.674271,-73.996969,36047007700,3.0
308082,9 ST/SMITH ST,40.674697,-73.997577,36047007700,3.0
308083,CHURCH AV/E 39 ST,40.651272,-73.941344,36047081400,2.0
308084,4 AV/39 ST,40.652917,-74.005712,36047008400,2.0
308085,TOMPKINS AV/DEKALB AV,40.692113,-73.945729,36047026100,2.0
308086,LINDEN BLVD/78 ST,40.670098,-73.856542,,
308087,WAKEMAN PL/3 AV,40.638125,-74.024872,36047007000,2.0
308088,SHORE RD/BAY RIDGE AV,40.63843,-74.036175,36047003400,3.0
308089,SHORE RD/72 ST,40.635944,-74.03739,36047003800,3.0
308090,SHORE RD/BAY RIDGE PKWY,40.633545,-74.037091,36047004400,3.0
308091,SHORE RD/79 ST,40.631403,-74.038844,36047004400,3.0
308092,SHORE RD/83 ST,40.627754,-74.04019,36047004600,3.0
308096,CROPSEY AV/BAY 25 ST,40.599525,-74.001945,36047028600,1.0
308097,CROPSEY AV/18 AV,40.602457,-74.007249,36047017600,3.0
308099,8 AV/52 ST,40.6402,-74.004554,36047010802,1.0
308100,8 AV/44 ST,40.644672,-73.999906,36047009202,1.0
308101,8 AV/43 ST,40.644794,-73.999911,36047009201,1.0
308102,8 AV/55 ST,40.638096,-74.00689,36047010601,1.0
308103,GREENPOINT AV/FRANKLIN ST,40.729839,-73.957201,36047056500,3.0
308104,FORT HAMILTON PKWY/64 ST,40.631299,-74.008081,36047021200,1.0
308106,ROCKAWAY PKWY/TRUCKLEMANS LN,40.643303,-73.900129,36047098800,2.0
308107,WAKEMAN PL/RIDGE BLVD,40.639351,-74.026868,36047007000,2.0
308109,VAN BRUNT ST/HAMILTON AV,40.682847,-74.006385,36047005900,3.0
308112,VOORHIES AV/KNAPP ST,40.588097,-73.931941,36047059800,2.0
308114,FLATLANDS AV/E 103 ST,40.646733,-73.896124,36047098200,1.0
308116,RALPH AV/HERKIMER ST,40.677374,-73.921853,36047029900,1.0
308118,9 ST/7 AV,40.667142,-73.981908,36047015300,3.0
308119,9 ST/6 AV,40.668298,-73.984301,36047013700,3.0
308120,AVENUE Z/W 3 ST,40.585979,-73.971795,36047037402,3.0
308121,9 ST/3 AV,40.671175,-73.990656,36047012100,3.0
308122,NOSTRAND AV/AVENUE Y,40.592022,-73.940115,36047059402,3.0
308123,CONEY ISLAND AV/AVENUE Z,40.587656,-73.960241,36047058800,3.0
308128,NEPTUNE AV/SHORE BLVD,40.583018,-73.954431,36047061004,2.0
308129,NEPTUNE AV/BRIGHTON 10 ST,40.582407,-73.957472,36047061003,1.0
308130,5 AV/95 ST,40.615941,-74.030883,36047016200,3.0
308136,KINGSTON AV/UNION ST,40.668732,-73.942191,36047033702,2.0
308152,AVENUE N/UTICA AV,40.618908,-73.926421,36047068200,2.0
308153,AVENUE N/E 48 ST,40.618868,-73.928964,36047067400,2.0
308154,AVENUE N/E 46 ST,40.618746,-73.931183,36047067400,2.0
308155,McDONALD AV/20 ST,40.654895,-73.981857,36047017500,
308157,FLUSHING AV/CYPRESS AV,40.709611,-73.921545,,
308158,FLUSHING AV/ONDERDONK AV,40.711262,-73.920133,,
308159,ORIENTAL BLVD/MACKENZIE ST,40.578036,-73.939948,36047061600,3.0
308160,FLATLANDS AV/GEORGIA AV,40.651993,-73.888364,36047110400,1.0
308176,92 ST/7 AV,40.614897,-74.023174,36047015200,3.0
308177,FORT HAMILTON PKWY/90 ST,40.618478,-74.026057,36047016000,2.0
308178,FORT HAMILTON PKWY/90 ST,40.618061,-74.026637,36047016000,2.0
308179,3 AV/46 ST,40.650093,-74.012343,36047000200,1.0
308182,SURF AV/W 19 ST,40.575159,-73.985119,36047035200,1.0
308183,86 ST/W 7 ST,40.592441,-73.977976,36047038600,2.0
308186,MANHATTAN AV/INDIA ST,40.732637,-73.954599,36047057500,3.0
308187,MANHATTAN AV/CLAY ST,40.736393,-73.955196,36047057901,2.0
308188,MANHATTAN AV/INDIA ST,40.732402,-73.954724,36047056301,3.0
308189,MANHATTAN AV/CLAY ST,40.736239,-73.95535,36047056301,3.0
308195,KINGS HWY/W 7 ST,40.605134,-73.980387,36047042600,2.0
308201,BAY RIDGE AV /10 AV,40.627445,-74.010206,36047020800,2.0
308203,LINDEN BLVD/DREW ST,40.66987,-73.861434,36047120803,1.0
308204,5 AV/9 ST,40.669431,-73.98597,36047013700,3.0
308205,THOMAS S BOYLAND ST/MACDONOUGH ST,40.684519,-73.914737,36047037300,1.0
308206,5 AV/7 ST,40.67057,-73.985025,36047013700,3.0
308207,5 AV/3 ST,40.673007,-73.982988,36047013500,3.0
308208,5 AV/GARFIELD PL,40.674824,-73.981473,36047013300,3.0
308209,5 AV/UNION ST,40.676682,-73.98019,36047013100,3.0
308210,5 AV/SAINT JOHNS PL,40.678656,-73.978851,36047013100,3.0
308211,5 AV/PROSPECT PL,40.680557,-73.977567,36047012902,3.0
308212,5 AV/WARREN ST,40.679965,-73.978144,36047012901,3.0
308213,5 AV/DOUGLASS ST,40.678052,-73.979439,36047013100,3.0
308214,5 AV/UNION ST,40.67615,-73.980723,36047013300,3.0
308215,5 AV/GARFIELD PL,40.674382,-73.982072,36047013300,3.0
308216,5 AV/3 ST,40.672566,-73.983583,36047013500,3.0
308217,5 AV/7 ST,40.67017,-73.985584,36047013700,3.0
308219,BATH AV/15 AV,40.607828,-74.012828,36047017200,3.0
308220,BATH AV/17 AV,40.604968,-74.008103,36047017600,3.0
308221,BATH AV/19 AV,40.602424,-74.003565,36047028200,2.0
308222,BATH AV/21 AV,40.59974,-73.999211,36047029200,1.0
308223,BATH AV/24 AV,40.595422,-73.99287,36047030400,2.0
308224,BATH AV/23 AV,40.597357,-73.995466,36047029600,2.0
308225,BATH AV/21 AV,40.599976,-73.999276,36047029200,1.0
308226,BATH AV/19 AV,40.602874,-74.00408,36047028000,3.0
308227,BATH AV/17 AV,40.605435,-74.008589,36047018000,2.0
308228,BATH AV/15 AV,40.608278,-74.0133,36047017000,3.0
308239,4 AV/BAY RIDGE AV,40.63467,-74.023455,36047013000,2.0
308240,4 AV/SENATOR ST,40.636196,-74.02276,36047012600,2.0
308242,4 AV/63 ST,40.639473,-74.019603,36047012200,1.0
308245,4 AV/60 ST,40.640852,-74.018683,36047007200,1.0
308247,4 AV/65 ST,40.637908,-74.021666,36047007000,2.0
308248,4 AV/SENATOR ST,40.636048,-74.022991,36047006800,2.0
308254,3 AV/82 ST,40.62627,-74.029832,36047006200,3.0
308255,3 AV/72 ST,40.634093,-74.02664,36047006800,2.0
308256,3 AV/47 ST,40.649364,-74.012535,36047000200,1.0
308257,3 AV/23 ST,40.66316,-73.998136,36047014500,3.0
308259,3 AV/BALTIC ST,40.681731,-73.983002,36047012700,2.0
308260,3 AV/DEAN ST,40.683945,-73.981543,36047003900,3.0
308265,3 AV/52 ST,40.646485,-74.016081,36047002000,1.0
308266,3 AV/72 ST,40.633684,-74.026925,36047006800,2.0
308267,3 AV/80 ST,40.62804,-74.029261,36047006400,3.0
308268,3 AV/89 ST,40.621144,-74.032088,36047006000,3.0
308269,3 AV/95 ST,40.616997,-74.033765,36047005400,3.0
308270,CROPSEY AV/OPP V A HOSPITAL,40.608845,-74.023156,36047015400,
308277,SMITH ST/LIVINGSTON ST,40.690703,-73.9877,36047003700,3.0
308278,W 17 ST/MERMAID AV,40.57652,-73.984838,36047032600,1.0
308281,SHORE PKWY/SHEEPSHEAD BAY RD,40.58502,-73.95173,36047060600,3.0
308282,AVENUE Z/E 15 ST,40.587988,-73.953686,36047059000,2.0
308300,NEPTUNE AV/STILLWELL AV,40.579171,-73.981486,36047035000,2.0
308301,NEPTUNE AV/W 12 ST,40.579404,-73.979394,36047035000,2.0
308302,NEPTUNE AV/W 8 ST,40.579741,-73.976456,36047035000,2.0
308303,NEPTUNE AV/W 6 ST,40.57982,-73.974228,36047035400,3.0
308304,WEST BRIGHTON AV/W 2 ST,40.576633,-73.970457,36047035602,3.0
308305,NEPTUNE AV/W 5 ST,40.579893,-73.972057,36047035400,3.0
308306,NEPTUNE AV/W 6 ST,40.580064,-73.974502,36047035400,3.0
308307,NEPTUNE AV/SHELL RD,40.579819,-73.976528,36047034800,1.0
308308,NEPTUNE AV/W 12 ST,40.579518,-73.979394,36047034800,1.0
308311,E 98 ST/SUTTER AV,40.665096,-73.922981,36047090000,1.0
308312,MARCUS GARVEY BLVD/BROADWAY,40.699574,-73.941444,36047028501,1.0
308313,ROCKAWAY AV/HEGEMAN AV,40.655904,-73.907318,36047092200,1.0
308314,LINDEN BLVD/THOMAS BOYLAND ST,40.654434,-73.909594,36047092200,1.0
308315,LORING AV/DREW ST,40.668064,-73.86097,36047122000,2.0
308316,ELDERT LN/LORING AV,40.667493,-73.862277,36047122000,2.0
308322,NASSAU AV/VAN DAM ST,40.726195,-73.937399,36047059300,3.0
308323,ATLANTIC AV/3 AV,40.68554,-73.981005,36047003900,3.0
308324,5 AV/72 ST,40.632002,-74.021519,36047013000,2.0
308325,5 AV/63 ST,40.637957,-74.017644,36047012200,1.0
308326,5 AV/57 ST,40.641361,-74.01411,36047010200,1.0
308327,5 AV/54 ST,40.643074,-74.01232,36047010000,1.0
308328,5 AV/47 ST,40.646969,-74.008263,36047009600,1.0
308331,5 AV/21 ST,40.661533,-73.993101,36047014500,3.0
308332,5 AV/PROSPECT AV,40.664135,-73.990452,36047014102,3.0
308333,5 AV/14 ST,40.666231,-73.988559,36047014101,3.0
308334,5 AV/12 ST,40.667143,-73.988108,36047013900,3.0
308335,5 AV/21 ST,40.661137,-73.993761,36047014500,3.0
308336,5 AV/33 ST,40.654416,-74.000735,36047008400,2.0
308337,5 AV/45 ST,40.647691,-74.007733,36047008000,1.0
308338,5 AV/60 ST,40.639269,-74.016488,36047012200,1.0
308340,5 AV/72 ST,40.631418,-74.021937,36047013000,2.0
308342,53 ST/1 AV,40.648691,-74.020762,36047001803,
308343,FLUSHING AV/MARCY AV,40.699767,-73.949625,36047025700,2.0
308344,AVENUE L/REMSEN AV,40.635107,-73.900944,36047099200,2.0
308345,GERRITSEN AV/FORD ST,40.605216,-73.939058,36047056800,3.0
308348,FLATBUSH AV/CHURCH AV,40.650948,-73.958772,36047079602,2.0
308349,OCEAN AV/PARKSIDE AV,40.655139,-73.961837,36047079802,1.0
308351,ORIENTAL BLVD/HASTINGS ST,40.577746,-73.943997,36047061600,3.0
308352,TILLARY ST/CADMAN PLAZA EAST,40.696092,-73.990591,36047001300,3.0
308353,NEW LOTS AV/SNEDIKER AV,40.659471,-73.898565,36047113200,1.0
308354,NOSTRAND AV/PARK AV,40.696879,-73.952945,36047123700,2.0
308355,CROPSEY AV/BROOKLYN CAMPUS,40.609103,-74.023816,36047016400,3.0
308356,V A HOSPITAL/BAY 3,40.607531,-74.023155,36047016400,3.0
308357,POLY PL/7 AV,40.609308,-74.024143,36047016400,3.0
308358,V A HOSPITAL/BAY 1,40.608122,-74.022985,36047016400,3.0
308359,V A HOSPITAL/BAY 2,40.608332,-74.023352,36047016400,3.0
308360,NOSTRAND AV/FOSTER AV,40.638229,-73.948313,36047078801,1.0
308361,NOSTRAND AV/AVENUE V,40.597747,-73.941419,36047059402,3.0
308363,FLATLANDS AV/E 78 ST,40.634191,-73.915429,36047095000,2.0
308364,GREENPOINT AV/FRANKLIN ST,40.729908,-73.958027,36047056500,3.0
308365,BAY PKWY/83 ST,40.603843,-73.991688,36047029600,2.0
308366,FORT HAMILTON PKWY/64 ST,40.631109,-74.008621,36047012000,1.0
308367,60 ST/9 AV,40.633937,-74.007119,36047011800,1.0
308368,60 ST/9 AV,40.634387,-74.007591,36047010402,1.0
308369,FLATBUSH AV/CHURCH AV,40.649697,-73.958641,36047051002,1.0
308370,EUCLID AV/LINDEN BLVD,40.66859,-73.870157,36047120801,1.0
308371,EUCLID AV/BLAKE AV,40.671671,-73.870922,36047120801,1.0
308377,CRESCENT ST/ATLANTIC AV,40.682083,-73.871634,36047118400,1.0
308380,SEAVIEW AV/ERSKINE ST,40.653023,-73.866561,36047107001,1.0
308381,E 70 ST/VETERANS AV,40.619935,-73.908708,36047070000,3.0
308382,FORT HAMILTON PKWY/73 ST,40.626602,-74.015397,36047013200,2.0
308396,KENT AV/S 6 ST,40.71216,-73.967883,36047054900,3.0
308398,KENT AV/S 1 ST,40.715795,-73.966214,36047055100,3.0
308410,CROPSEY AV/HART PL,40.58137,-73.985657,36047034800,1.0
308411,CROPSEY AV/CANAL AV,40.583358,-73.986269,36047034800,1.0
308412,CROPSEY AV/BAY 52 ST,40.58335,-73.986611,36047034800,1.0
308413,CROPSEY AV/HART PL,40.580668,-73.985699,36047034800,1.0
308414,FLATLANDS AV/E 96 ST,40.643249,-73.901426,36047096800,2.0
308417,NEPTUNE AV/W 37 ST,40.57686,-74.00268,36047032800,1.0
308418,5 AV/89 ST,40.619974,-74.02743,36047016000,2.0
308419,5 AV/83 ST,40.623896,-74.024834,36047014200,2.0
308420,5 AV/77 ST,40.628283,-74.023049,36047013600,2.0
308421,5 AV/78 ST,40.626979,-74.023755,36047013600,2.0
308422,5 AV/84 ST,40.622587,-74.025544,36047013800,3.0
308423,5 AV/89 ST,40.619282,-74.028204,36047016000,2.0
308424,WILSON AV/GATES AV,40.695075,-73.915925,36047041700,1.0
308425,SAINT JOHNS PL/BROOKLYN AV,40.671239,-73.944369,36047033900,1.0
308435,NOSTRAND AV/FULTON ST,40.67997,-73.949642,36047024700,2.0
308437,3 AV/8 ST,40.671917,-73.990563,36047012100,3.0
308438,BATH AV/BAY 20 ST,40.603065,-74.004839,36047028000,3.0
308439,JAMAICA AV/HERKIMER ST,40.677432,-73.900799,36047114201,2.0
308442,MYRTLE AV/SPENCER ST,40.694573,-73.95541,36047024100,3.0
308443,NOSTRAND AV/MONTGOMERY ST,40.665458,-73.950974,36047032100,2.0
308449,CRESCENT ST/MCKINLEY AV,40.67976,-73.871,36047119000,1.0
308450,CRESCENT ST/ATLANTIC AV,40.681434,-73.871555,36047117800,2.0
308455,WYTHE AV/S 3 ST,40.713629,-73.965508,36047055100,3.0
308456,WYTHE AV/S 5 ST,40.712032,-73.9662,36047054900,3.0
308457,WILSON AV/WOODBINE ST,40.694629,-73.914918,36047043500,1.0
308459,E 36 ST/AVENUE S,40.609924,-73.931471,36047065400,3.0
308472,JAY ST/MYRTLE PLAZA,40.694503,-73.987123,36047001100,3.0
308477,STILLWELL TERMINAL/BUS LOOP,40.577007,-73.981358,36047035000,2.0
308478,STILLWELL TERMINAL/BUS LOOP,40.577042,-73.981163,36047035000,2.0
308479,STILLWELL TERMINAL/BUS LOOP,40.577015,-73.981308,36047035000,2.0
308480,SHORE PKWY/BRIGHAM ST,40.585495,-73.931629,36047062200,2.0
308483,CHURCH AV/UTICA AV,40.651797,-73.930558,36047086800,1.0
308521,KINGS HWY/E 92 ST,40.6564,-73.921148,36047088600,2.0
308522,KINGS HWY/E 94 ST,40.657709,-73.920712,36047088600,2.0
308523,FLUSHING AV/JOHNSON AV,40.709077,-73.922278,36047045300,1.0
308528,ERSKINE ST/GATEWAY DR,40.653458,-73.867026,36047107001,1.0
308537,18 AV/82 ST,40.609289,-74.00023,36047027600,2.0
308542,CONEY ISLAND AV/BRIGHTON BEACH AV,40.578098,-73.959581,36047061004,2.0
308543,ROCKAWAY PKWY/SKIDMORE AV,40.632944,-73.888478,36047103401,1.0
308544,DEAN ST/WASHINGTON AV,40.679225,-73.963611,36047020300,3.0
308545,AVENUE U/E 16 ST,40.598844,-73.955258,36047058000,2.0
308546,REMSEN AV/LENOX RD,40.655905,-73.923545,36047086400,1.0
308547,SAINT JOHNS PL/FRANKLIN AV,40.672296,-73.957155,36047021900,2.0
308557,FLATBUSH AV/KINGS HWY,40.622177,-73.936521,36047073800,2.0
308560,BEARD ST/OTSEGO ST,40.672266,-74.011209,36047005301,3.0
308561,BEARD ST/OTSEGO ST,40.672273,-74.011218,36047005301,3.0
308562,COLUMBIA ST/KANE ST,40.687858,-74.001251,36047004700,3.0
308563,COLUMBIA ST/WARREN ST,40.688913,-74.000744,36047004700,3.0
308564,COLUMBIA ST/BALTIC ST,40.688292,-74.001193,36047004700,3.0
308565,ROGERS AV/ALBERMARLE RD,40.648137,-73.9521,36047082400,1.0
308569,NEW LOTS AV/WILLIAMS AV,40.660288,-73.896653,36047113000,1.0
308570,4 AV/DEAN ST,40.683264,-73.979275,36047003900,3.0
308572,4 AV/63 ST,40.639096,-74.020474,36047007200,1.0
308574,SEAVIEW AV/E 100 ST,40.635321,-73.887639,36047102200,2.0
308577,BROADWAY/WYTHE AV,40.710673,-73.96693,36047054900,3.0
308582,WOODPOINT RD/CONSELYEA ST,40.715113,-73.942251,36047047700,3.0
308585,FORT HAMILTON PKWY/86 ST,40.620356,-74.024532,36047016000,2.0
308591,7 AV/79 ST,40.623646,-74.018997,36047020600,3.0
308592,WEST 20 ST/MERMAID AV,40.57657,-73.986851,36047032600,1.0
308594,WILLIAMSBURG ST W/KENT AV,40.700323,-73.962197,36047053900,2.0
308595,CROPSEY AV/BAY 31 ST,40.597032,-73.998301,36047029400,1.0
308596,GATES AV/WYCKOFF AV,40.699861,-73.911815,36047043900,1.0
308599,DIVISION AV/LEE AV,40.707504,-73.961751,36047053500,2.0
308600,HAVEMEYER ST/DIVISION AV,40.707619,-73.959851,36047052500,3.0
308601,ROEBLING ST/S 8 ST,40.708983,-73.960945,36047052500,3.0
308602,DIVISION AV/DRIGGS AV,40.707708,-73.962213,36047052500,3.0
308603,DIVISION AV/BERRY ST,40.707243,-73.966206,36047054700,3.0
308604,LORIMER ST/BAYARD ST,40.719116,-73.950259,36047051500,3.0
308605,WYTHE AV/GRAND ST,40.715615,-73.964675,36047055100,3.0
308608,ROCKAWAY PKWY/GLENWOOD RD,40.645514,-73.902683,36047097400,1.0
308612,AVENUE Z/E 15 ST,40.587986,-73.954732,36047059000,2.0
308616,BROOKLYN BRIDGE PARK/PIER 6,40.69307,-74.000829,36047000700,3.0
308618,SURF AV/W 30 ST,40.57281,-73.996022,36047034200,1.0
308621,BAY PKWY/W 8 ST,40.612887,-73.98233,36047043200,2.0
308622,WILSON AV/BLEECKER ST,40.697066,-73.919485,36047041900,1.0
308624,MYRTLE AV/CLASSON AV,40.69399,-73.96156,36047019100,3.0
308626,FRONT ST/YORK ST,40.702576,-73.99195,36047002100,3.0
308638,MYRTLE AV/FLEET PL,40.693501,-73.981498,36047003101,3.0
308640,SHORE RD/4 AV,40.611842,-74.035202,36047005602,3.0
308641,FLATBUSH AV/PACIFIC ST,40.683169,-73.976717,36047012902,3.0
308644,87 ST/4 AV,40.621924,-74.028495,36047016000,2.0
308650,4 AV/65 ST,40.638045,-74.021215,36047012600,2.0
308651,HARWAY AV/BAY 50 ST,40.587843,-73.984326,36047030800,3.0
308652,GRAVESEND NECK RD/E 29 ST,40.599885,-73.942643,36047057000,2.0
308653,FLATLANDS AV/FOUNTAIN AV,40.660507,-73.867723,36047107800,2.0
308658,FLATLANDS AV/JEROME ST,40.65628,-73.87771,36047107001,1.0
308659,FLATLANDS AV/ELTON ST,40.657618,-73.874569,36047107001,1.0
308660,FLATLANDS AV/ESSEX ST,40.658305,-73.873012,36047107001,1.0
308664,VANDALIA AV/ERSKINE ST,40.657858,-73.868064,36047107001,1.0
308666,KENT AV/METROPOLITAN AV,40.717695,-73.964402,36047055500,3.0
308667,KENT AV/N 6 ST,40.719605,-73.962335,36047055500,3.0
308668,KENT AV/N 9 ST,40.721534,-73.960224,36047055700,3.0
308670,FRANKLIN ST/CALYER ST,40.72656,-73.957228,36047056100,3.0
308672,FRANKLIN ST/GREENPOINT AV,40.730114,-73.957546,36047056500,3.0
308673,FRANKLIN ST/INDIA ST,40.732257,-73.957897,36047056301,3.0
308674,GREEN ST/MANHATTAN AV,40.7337,-73.954622,36047057500,3.0
308675,FREEMAN ST/MANHATTAN AV,40.734414,-73.955654,36047056301,3.0
308677,FRANKLIN ST/GREENPOINT AV,40.729638,-73.957616,36047056500,3.0
308680,WYTHE AV/N 12 ST,40.722116,-73.957694,36047055700,3.0
308681,WYTHE AV/N 9 ST,40.720443,-73.959495,36047055700,3.0
308682,WYTHE AV/N 6 ST,40.71879,-73.961289,36047055500,3.0
308683,WYTHE AV/METROPOLITAN AV,40.716587,-73.963635,36047055500,3.0
308686,SANDS ST/NAVY ST,40.699654,-73.980579,36047002300,1.0
308688,WASHINGTON AV/KENT AV,40.703637,-73.967274,36047054300,
308689,DIVISION AV/WYTHE AV,40.706958,-73.967424,36047054500,1.0
308690,WASHINGTON AV/KENT AV,40.703638,-73.967413,36047054300,
308693,YORK ST/JAY ST,40.701558,-73.986936,36047002100,3.0
308694,DREW ST/LINDEN BLVD,40.669266,-73.860939,36047122000,2.0
308695,ROGERS AV/STERLING ST,40.663262,-73.953775,36047032900,2.0
308697,ROGERS AV/LINCOLN PL,40.671093,-73.953088,36047031702,2.0
308699,KNAPP ST/SHORE PKWY,40.585012,-73.931329,36047062200,2.0
308700,EMMONS AV/HARING ST,40.583994,-73.938351,36047062200,2.0
308704,LEE AV/WALLABOUT ST,40.699835,-73.953769,36047053102,3.0
308706,NOSTRAND AV/KOSKIUSKO ST,40.69078,-73.951715,36047024100,3.0
308712,NOSTRAND AV/AVENUE D,40.640644,-73.948548,36047082800,1.0
308713,NOSTRAND AV/FLATBUSH AV,40.632571,-73.947689,36047077400,1.0
308714,NOSTRAND AV/AVENUE U,40.600551,-73.942008,36047056600,2.0
308715,NOSTRAND AV/AVENUE X,40.594789,-73.940677,36047057200,1.0
308716,NOSTRAND AV/KINGS HWY,40.615813,-73.944766,36047064400,2.0
308722,PROSPECT PARK W/PROSPECT PARK SW,40.660705,-73.9796,36047016900,3.0
308723,NOSTRAND AV/AVENUE N,40.616912,-73.945103,36047074600,3.0
308725,FULTON ST/ASHLAND PL,40.68772,-73.978091,36047003300,2.0
308726,CLINTON ST/LORRAINE ST,40.673347,-74.002441,36047005302,3.0
308727,MILL ST/CLINTON ST,40.675002,-74.001462,36047005302,3.0
308729,LIVINGSTON ST/NEVINS ST,40.687651,-73.980839,36047003700,3.0
308730,FRANKLIN ST/GREEN ST,40.733508,-73.958248,36047056301,3.0
308732,FRANKLIN ST/INDIA ST,40.731823,-73.957988,36047056500,3.0
308737,NOSTRAND AV/MONROE ST,40.685545,-73.950741,36047024300,2.0
308739,BEDFORD AV/MONROE ST,40.68528,-73.954194,36047024300,2.0
308741,3 AV/27 ST,40.6606,-74.000737,36047010100,2.0
308742,3 AV/16 ST,40.667434,-73.994261,36047011700,3.0
308743,3 AV/DOUGLASS ST,40.680164,-73.984155,36047011901,3.0
308745,3 AV/DOUGLASS ST,40.680016,-73.984416,36047011901,3.0
308746,3 AV/10 ST,40.67095,-73.991492,36047012100,3.0
308747,3 AV/21 ST,40.66413,-73.997764,36047001801,
308749,3 AV/61 ST,40.641376,-74.021488,36047002200,1.0
308750,3 AV/97 ST,40.61552,-74.034401,36047005601,3.0
308752,FLATBUSH AV/AV H,40.631746,-73.946603,36047077400,1.0
308759,GATEWAY PLAZA 2/BAY 2,40.652908,-73.876624,36047107001,1.0
308761,SEAVIEW AV/E 108 ST,40.638947,-73.881526,36047103402,
308769,PENNSYLVANIA AV/SCHROEDERS AV,40.647641,-73.881773,36047105804,1.0
308774,MYRTLE AV/MARCY AV,40.695398,-73.949412,36047025500,1.0
308777,UTICA AV/TILDEN AV,40.648249,-73.930095,36047086000,1.0
308780,FLATBUSH AV/DEAN ST,40.682166,-73.976137,36047012902,3.0
308781,SEAVIEW AV/E 105 ST,40.637397,-73.883905,36047103402,
308782,CLARKSON AV/ROGERS AV,40.655312,-73.952805,36047082000,1.0
308783,PENNSYLVANIA AV/LIBERTY AV,40.674699,-73.896556,36047119800,1.0
308791,CADMAN PLAZA WEST/REMSEN ST,40.693227,-73.990599,36047001100,3.0
308792,FLATBUSH AV/AVENUE T,40.611077,-73.924197,36047066200,3.0
308793,FLATBUSH AV/AVENUE T,40.611492,-73.92407,36047067000,2.0
308794,MALCOLM X BLVD/DE KALB AV,40.693143,-73.931178,36047028900,1.0
308799,UTICA AV/MONTGOMERY ST,40.66373,-73.93172,36047035500,1.0
308800,UTICA AV/CHURCH AV,40.650968,-73.930412,36047086000,1.0
308802,UTICA AV/AVENUE N,40.61991,-73.926824,36047068000,2.0
308803,UTICA AV/AVENUE K,40.625673,-73.927481,36047067600,2.0
308804,UTICA AV/CHURCH AV,40.652508,-73.930416,36047086800,1.0
308805,UTICA AV/EMPIRE BLVD,40.663921,-73.931457,36047035500,1.0
308806,UTICA AV/UNION ST,40.668335,-73.931073,36047034902,1.0
308807,UTICA AV/FULTON ST,40.679159,-73.929075,36047029900,1.0
308808,MALCOLM X BLVD/HALSEY ST,40.684522,-73.92931,36047038300,2.0
308809,UTICA AV/AVENUE H,40.632759,-73.928288,36047072200,3.0
308813,MALCOLM X BLVD/GATES AV,40.688876,-73.930158,36047038700,1.0
308815,ALABAMA AV/FULTON ST,40.67672,-73.899944,36047119800,1.0
308818,WYCKOFF ST/PALMETTO ST,40.69915,-73.91046,36047043900,1.0
308820,NEW LOTS AV/CLEVELAND ST,40.666494,-73.882291,36047112000,2.0
308821,KINGS HWY/E 35 St,40.619846,-73.940893,36047074600,3.0
308822,KINGS HWY/FRASER SQ,40.620224,-73.94142,36047074600,3.0
308828,NAVY ST/SANDS ST,40.699805,-73.980403,36047054300,
308829,SANDS ST/NAVY ST,40.69973,-73.980927,36047002300,1.0
308831,NEW LOTS AV/WARWICK ST,40.665826,-73.884059,36047112400,1.0
308832,MYRTLE AV/GRAND AV,40.693614,-73.963943,36047019300,2.0
308833,LINDEN BLVD SERVICE RD/FOUNTAIN AV,40.666622,-73.871567,36047122000,2.0
308835,SAINT JOHNS PL/RALPH AV,40.670249,-73.92385,36047035900,1.0
308837,BEDFORD AV/N 8 ST,40.718383,-73.957057,36047051700,3.0
308844,NAVY YARD DR/4 ROW,40.699607,-73.970864,36047054300,
308845,LIVINGSTON ST/SMITH ST,40.69022,-73.987435,36047003700,3.0
308847,YORK ST/JAY ST,40.701401,-73.9846,36047002300,1.0
308848,RALPH AV/BERGEN AV,40.629914,-73.918285,36047069601,3.0
308850,KINGS HWY/NOSTRAND AV,40.616049,-73.944742,36047064400,2.0
308853,NASSAU AV/MANHATTAN AV,40.723668,-73.950877,36047056900,3.0
308854,EMPIRE BLVD/ROGERS AV,40.663759,-73.95372,36047032100,2.0
308855,KINGS HWY/RYDER ST,40.622176,-73.937256,36047073800,2.0
308857,NOSTRAND AV/AVENUE R,40.607249,-73.943139,36047056400,3.0
308860,CROPSEY AV/BAY 37 ST,40.593799,-73.994387,36047030400,2.0
308861,BAY PKWY/BATH AV,40.598548,-73.997253,36047029600,2.0
308863,FLATLANDS AV/E 81 ST,40.635918,-73.912525,36047095600,2.0
308864,PENNSYLVANIA AV/VANDALIA AV,40.650558,-73.884532,36047105801,1.0
308865,PENNSYLVANIA AV/VANDALIA AV,40.650686,-73.88462,36047105801,1.0
308866,GLENWOOD RD/E 102 ST,40.647473,-73.8988,36047097400,1.0
308868,KINGS HWY/W 8 ST,40.605326,-73.980974,36047042600,2.0
308870,KINGS HWY/AVENUE K,40.625573,-73.933602,36047073600,2.0
308871,KINGS HWY/FLATBUSH AV,40.622325,-73.936666,36047073800,2.0
308876,PROSPECT ST/JAY ST,40.700594,-73.986386,36047002300,1.0
308877,CHURCH AV/E 48 ST,40.651652,-73.932463,36047087000,1.0
308878,5 AV/37 ST,40.652269,-74.002921,36047008400,2.0
308884,LIVINGSTON ST/NEVINS ST,40.687645,-73.980853,36047003700,3.0
308885,UTICA AV/AVENUE D,40.641743,-73.929433,36047084000,2.0
308886,VAN SICLEN AV/LINDEN BL,40.660297,-73.88561,36047110400,1.0
308889,LINDEN BLVD/EUCLID AV,40.668041,-73.869579,36047122000,2.0
308893,POSTAL FACILITY RD/AT FACILITY,40.664836,-73.863323,36047122000,2.0
308895,UTICA AV/WINTHROP ST,40.658114,-73.930983,36047087800,1.0
308900,FULTON ST/SHEFFIELD AV,40.67704,-73.898058,36047119800,1.0
308903,E 98 ST/ROCKAWAY PKWY,40.645679,-73.902111,36047097400,1.0
308910,FRANKLIN ST/CALYER ST,40.727084,-73.957278,36047056100,3.0
308911,N 14 ST/KENT AV,40.724076,-73.957514,36047055700,3.0
308913,LIVONIA AV/ASHFORD ST,40.666382,-73.883643,36047112400,1.0
308915,NAVY YARD DR/4 ROW,40.699507,-73.970693,36047054300,
308917,ATLANTIC AV/WAVERLY AV,40.681424,-73.965414,36047019900,3.0
308918,GLENWOOD RD/E 104 ST,40.648502,-73.89718,36047097400,1.0
308921,CONEY ISLAND AV/TURNER PL,40.64522,-73.970582,36047049200,2.0
308924,EAST NEW YORK AV SOUTH/UTICA AV,40.662749,-73.9318,36047088001,1.0
308927,KINGS HWY/AVENUE H,40.632903,-73.929616,36047072400,1.0
308936,ALBANY AV/RUTLAND RD,40.659991,-73.939673,36047087401,1.0
308938,FLUSHING AV/WHIPPLE ST,40.700229,-73.946364,36047050700,3.0
308939,FLUSHING AV/NORTH ELLIOT PL,40.698147,-73.977749,36047054300,
308950,EMPIRE BLVD/UTICA AV,40.6635,-73.931338,36047088002,2.0
308951,3 AV/59 ST,40.642592,-74.020259,36047002200,1.0
308958,PARK AV/NAVY ST,40.696523,-73.980231,36047021100,2.0
308962,LIVINGSTON ST/NEVINS ST,40.688057,-73.981566,36047003700,3.0
308963,FREEMAN ST/MCGUINNESS BLVD,40.734707,-73.952771,36047057500,3.0
308964,PARKVILLE AV/47 ST,40.628186,-73.977213,36047047600,3.0
308965,CRESCENT ST/MCKINLEY AV,40.679442,-73.871025,36047119000,1.0
308970,AVENUE U/W 8 ST,40.596283,-73.979251,36047039800,3.0
308972,LINDEN BLVD/ESSEX ST,40.664144,-73.877134,36047111600,1.0
308973,58 ST/ 2 AV,40.644691,-74.021817,36047001804,
308979,EMMONS AV/E 16 ST,40.583289,-73.952374,36047060800,3.0
308980,OTSEGO ST/CREAMER ST,40.674361,-74.009923,36047005302,3.0
308984,39 ST/3 AV,40.653981,-74.008365,36047000200,1.0
308985,HEGEMAN ST/HERZL ST,40.655526,-73.912141,36047089000,1.0
308986,COURT ST/DEGRAW ST,40.683678,-73.995298,36047006700,3.0
308987,LIVINGSTON ST/SMITH ST,40.69042,-73.987635,36047003700,3.0
350218,LEE AV/TAYLOR ST,40.706825,-73.961295,36047053500,2.0
400070,TRINITY PL/RECTOR ST,40.708007,-74.012714,,
400071,CHURCH ST/LIBERTY ST,40.710016,-74.011358,,
400134,5 AV/W 44 ST,40.7545,-73.980223,,
400191,MADISON AV/E 37 ST,40.749808,-73.981344,,
400723,6 AV/WAVERLY PL,40.733006,-73.999838,,
400910,CHURCH ST/CHAMBERS ST,40.714954,-74.007835,,
400917,6 AV/SPRING ST,40.72573,-74.00387,,
401679,ALLEN ST/DELANCEY ST,40.719558,-73.989999,,
402128,W 23 ST/6 AV,40.74236,-73.991763,,
402130,E 23 ST/BROADWAY,40.741142,-73.98879,,
402132,E 23 ST/PARK AV SOUTH,40.739922,-73.985994,,
402134,E 23 ST/3 AV,40.738589,-73.982755,,
402143,E 23 ST/1 AV,40.737297,-73.97936,,
402145,E 23 ST/3 AV,40.739027,-73.983456,,
402227,E 57 ST/MADISON AV,40.762524,-73.972826,,
403410,DELANCEY ST/ESSEX ST,40.718509,-73.988565,,
403647,ALLEN ST/DELANCEY ST,40.719411,-73.990466,,
403679,DELANCEY ST/ESSEX ST,40.718689,-73.988295,,
403847,6 AV/WEST BROADWAY,40.7209,-74.005175,,
404179,5 AV/W 52 ST,40.759519,-73.976567,,
404181,5 AV/W 41 ST,40.752469,-73.981704,,
404183,5 AV/W 30 ST,40.745638,-73.986682,,
404184,BROADWAY/WAVERLY PL,40.729526,-73.993348,,
404185,BROADWAY/THOMAS ST,40.715464,-74.005263,,
404186,BROADWAY/MURRAY ST,40.71283,-74.007535,,
404188,BROADWAY/CEDAR ST,40.708888,-74.01086,,
404197,BROADWAY/E 13 ST,40.733849,-73.991058,,
404225,BROADWAY/BARCLAY ST,40.711896,-74.008313,,
404231,BROADWAY/EXCHANGE ALLEY,40.707027,-74.012382,,
404295,MADISON AV/E 25 ST,40.742006,-73.987081,,
404299,MADISON AV/E 48 ST,40.756882,-73.976199,,
404833,E 23 ST/PARK AV SOUTH,40.740491,-73.986847,,
404877,MADISON AV/E 29 ST,40.744849,-73.984987,,
404878,MADISON AV/E 34 ST,40.747357,-73.983153,,
404879,MADISON AV/E 42 ST,40.752666,-73.979335,,
404890,CHURCH ST/PARK PL,40.713424,-74.009009,,
404897,6 AV/ W 14 ST,40.737609,-73.9966,,
404900,MADISON AV/E 25 ST,40.742255,-73.986895,,
404903,MADISON AV/E 37 ST,40.749803,-73.981377,,
404907,E 57 ST/MADISON AV,40.762461,-73.972734,,
404914,BROADWAY/E 13 ST,40.733779,-73.991037,,
404942,E 23 ST/BROADWAY,40.741032,-73.988625,,
405049,5 AV/W 35 ST,40.748922,-73.984296,,
405218,BROADWAY/WALKER ST,40.718583,-74.002673,,
405277,BROADWAY/BROOME ST,40.721704,-74.000018,,
405507,E 23 ST/1 AV,40.736864,-73.978692,,
405557,6 AV/ W 13 ST,40.737241,-73.99687,,
450075,CHURCH ST/DUANE ST,40.716228,-74.006778,,
450106,MADISON AV/E 54 ST,40.760293,-73.973773,,
450367,BATTERY PL/WASHINGTON ST,40.704768,-74.01555,,
450372,hugh carey tunnel-non-public,40.704962,-74.015386,,
503454,67 AV/60 ST,40.704678,-73.900551,,
503455,67 AV/FRESH POND RD,40.705683,-73.896695,,
503592,47 AV/48 ST,40.741025,-73.917671,,
503593,48 ST/47 AV,40.740618,-73.917395,,
503594,48 ST/47 ST,40.732747,-73.918836,,
503615,48 ST/48 AV,40.738779,-73.917761,,
503626,48 ST/48 AV,40.738971,-73.91758,,
503627,48 ST/50 AV,40.736935,-73.918135,,
503628,48 ST/50 AV,40.737562,-73.917873,,
503639,61 ST/75 AV,40.698349,-73.893955,,
503640,61 ST/GRAND AV,40.721716,-73.904337,,
503641,61 ST/ST FELIX AV,40.697218,-73.89377,,
503642,62 ST/75 AV,40.698636,-73.892974,,
503643,62 ST/MYRTLE AV,40.700794,-73.89328,,
503707,METROPOLITAN AV/STARR ST,40.71335,-73.914305,,
503743,GRAND AV/64 ST,40.722723,-73.901821,,
503792,LINDEN BLVD/79 ST,40.670592,-73.856147,,
503832,QUEENS MIDTOWN EXPWY/48 ST,40.731515,-73.919372,,
503883,WOODWARD AV/STANHOPE ST,40.709012,-73.91259,,
503884,STARR ST/WOODWARD AV,40.711616,-73.916457,,
503885,STARR ST/METROPOLITAN AV,40.713339,-73.914687,,
503907,GRANDVIEW AV/METROPOLITAN AV,40.713079,-73.912783,,
503908,STANHOPE ST/GRANDVIEW AV,40.710851,-73.910275,,
503962,11 ST/JACKSON AV,40.743291,-73.951316,,
503963,JACKSON AV/11 ST,40.743667,-73.950278,,
503991,48 ST/BROOKLYN-QUEENS EXPWY,40.735766,-73.918233,,
503993,GREENPOINT AV/44 ST,40.741502,-73.9208,,
504095,CYPRESS HILL ST/MACHPELAH CEMETERY,40.693704,-73.884168,,
504096,CYPRESS HILL ST/MOUNT NEBOH CEMETERY,40.695278,-73.885384,,
504099,COOPER AV/65 ST,40.698624,-73.889176,,
504100,COOPER AV/64 PL,40.698206,-73.891016,,
504101,COOPER AV/62 ST,40.697799,-73.892795,,
504102,FRESH POND RD/MYRTLE AV,40.701221,-73.894632,,
504104,FRESH POND RD/70 AV,40.702876,-73.895221,,
504105,FRESH POND RD/CATALPA AV,40.704257,-73.895745,,
504106,FRESH POND RD/68 AV,40.705542,-73.896375,,
504107,PUTNAM AV/FRESH POND RD,40.706427,-73.897352,,
504109,PUTNAM AV/FOREST AV,40.705216,-73.901966,,
504110,FOREST AV/WOODBINE ST,40.706731,-73.902919,,
504111,GATES AV/GRANDVIEW AV,40.707497,-73.904122,,
504112,GATES AV/FAIRVIEW AV,40.706146,-73.905557,,
504113,GATES AV/WOODWARD AV,40.705063,-73.906654,,
504114,GATES AV/ONDERDONK AV,40.703933,-73.907814,,
504115,GATES AV/SENECA AV,40.703019,-73.908746,,
504116,GATES AV/CYPRESS AV,40.702221,-73.909555,,
504118,GATES AV/SAINT NICHOLAS AV,40.701149,-73.910645,,
504119,GATES AV/WYCKOFF AV,40.70005,-73.911769,36047043900,1.0
504120,GATES AV/SENECA AV,40.703466,-73.908132,,
504121,GATES AV/ONDERDONK AV,40.704369,-73.907207,,
504122,GATES AV/WOODWARD AV,40.705488,-73.906062,,
504123,GATES AV/FAIRVIEW AV,40.70656,-73.904968,,
504124,GRANDVIEW AV/GATES AV,40.707327,-73.903755,,
504125,FOREST AV/WOODBINE ST,40.706091,-73.902678,,
504126,FOREST AV/PUTNAM AV,40.704918,-73.902087,,
504127,FRESH POND RD/CATALPA AV,40.70364,-73.895646,,
504129,FRESH POND RD/70 AV,40.702648,-73.895308,,
504130,FRESH POND RD/MYRTLE AV,40.700889,-73.894687,,
504131,COOPER AV/64 ST,40.697856,-73.892109,,
504132,COOPER AV/64 LN,40.698271,-73.890309,,
504133,COOPER AV/CYPRESS HILL ST,40.698714,-73.88835,,
504136,CYPRESS HILLS ST/BETH-EL CEMETERY,40.695435,-73.8857,,
504137,CYPRESS HILLS ST/MACHPELAH CEMETERY,40.693626,-73.88431,,
504138,CYPRESS HILLS ST/CYPRESS AV,40.692468,-73.882906,,
504170,DECATUR ST/WYCKOFF AV,40.694466,-73.901534,,
504171,DECATUR ST/CYPRESS AV,40.696427,-73.899555,,
504172,DECATUR ST/SENECA AV,40.697324,-73.89863,,
504173,DECATUR ST/FOREST AV,40.698637,-73.897291,,
504174,DECATUR ST/MYRTLE AV,40.700552,-73.896018,,
504177,SUMMERFIELD ST/MYRTLE AV,40.700306,-73.897093,,
504178,SUMMERFIELD ST/FOREST AV,40.699001,-73.898368,,
504179,SUMMERFIELD ST/SENECA AV,40.69766,-73.899672,,
504180,SUMMERFIELD ST/CYPRESS AV,40.696845,-73.900467,,
504181,SUMMERFIELD ST/WYCKOFF AV,40.694799,-73.902489,,
504182,COVERT ST/WYCKOFF AV,40.695042,-73.903805,,
504215,GREENPOINT AV/GALE AV,40.736248,-73.932714,,
504216,GREENPOINT AV/HUNTERS POINT AV,40.737632,-73.929512,,
504218,GREENPOINT AV/39 PL,40.739142,-73.925812,,
504219,GREENPOINT AV/48 AV,40.739761,-73.924389,,
504220,GREENPOINT AV/43 ST,40.740994,-73.921613,,
504221,GREENPOINT AV/46 ST,40.742069,-73.919031,,
504222,GREENPOINT AV/47 ST,40.742562,-73.917504,,
504223,GREENPOINT AV/42 ST,40.740345,-73.923396,,
504224,GREENPOINT AV/HUNTERS POINT AV,40.737418,-73.93044,,
504225,GREENPOINT AV/GALE AV,40.736456,-73.932609,,
504226,GREENPOINT AV/BRADLEY AV,40.735642,-73.934714,,
504227,GREENPOINT AV/STARR AV,40.735052,-73.936194,,
504228,VAN DAM ST/REVIEW AV,40.734543,-73.938017,,
504230,DE KALB AV/SENECA AV,40.707491,-73.915895,,
504231,SENECA AV/STOCKHOLM ST,40.706949,-73.914821,,
504233,SENECA AV/BLEECKER ST,40.704778,-73.911156,,
504236,SENECA AV/PALMETTO ST,40.702821,-73.907833,,
504238,SENECA AV/CORNELIA ST,40.701057,-73.90486,,
504239,ONDERDONK AV/CATALPA AV,40.701487,-73.903094,,
504240,STANHOPE ST/ONDERDONK AV,40.707886,-73.913159,,
504241,SENECA AV/CORNELIA ST,40.70102,-73.904586,,
504244,SENECA AV/GATES AV,40.703241,-73.908298,,
504246,SENECA AV/BLEECKER ST,40.705231,-73.911671,,
504249,SENECA AV/DE KALB AV,40.707575,-73.915688,,
504386,FLUSHING AV/ONDERDONK AV,40.711674,-73.919559,,
504390,FLUSHING AV/60 ST,40.719459,-73.906504,,
504392,FLUSHING AV/61 ST,40.720895,-73.904176,,
504394,FLUSHING AV/61 ST,40.721081,-73.904044,,
504396,FLUSHING AV/METROPOLITAN AV,40.713603,-73.915679,,
504416,JACKSON AV/47 AV,40.744393,-73.949152,,
504435,GREENPOINT AV/BORDEN AV,40.736716,-73.93162,,
504547,DECATUR ST/IRVING AV,40.693076,-73.903242,,
504560,47 ST/GREENPOINT AV,40.742392,-73.917847,,
505054,FLUSHING AV/METROPOLITAN AV,40.713863,-73.914957,,
505055,GREENPOINT AV/39 ST,40.738736,-73.927046,,
505056,GREENPOINT AV/38 ST,40.738131,-73.928573,,
505074,FLUSHING AV/58 DR,40.719503,-73.906633,,
505075,BROOKLYN-QUEENS EXPWY/45 ST,40.735462,-73.921593,,
505076,GREENPOINT AV/40 ST,40.73966,-73.924952,,
505085,STANHOPE ST/WOODWARD AV,40.708548,-73.912584,,
505086,STANHOPE ST/ONDERDONK AV,40.707425,-73.913732,,
505101,GATES AV/CYPRESS AV,40.702312,-73.909309,,
505103,WYCKOFF AV/WEIRFIELD ST,40.696996,-73.906457,,
505168,BROOKLYN-QUEENS EXPWY/47 ST,40.73541,-73.919102,,
505218,PALMETTO ST/SAINT NICHOLAS AV,40.700419,-73.910235,,
505248,11 ST/48 AV,40.743762,-73.951035,,
505249,11 ST/47 AV,40.745277,-73.950541,,
505250,11 ST/45 AV,40.747628,-73.949777,,
505252,21 ST/44 DR,40.747857,-73.947515,,
505269,WYCKOFF AV/CORNELIA ST,40.697876,-73.90807,,
505274,GATES AV/WYCKOFF AV,40.700079,-73.91161,,
505277,GREENPOINT AV/STARR AV,40.734909,-73.936357,,
505305,SENECA AV/CORNELIA ST,40.701134,-73.90482,,
505338,21 ST/45 RD,40.746445,-73.948019,,
505412,21 ST/38 AV,40.757004,-73.93975,,
505413,21 ST/38 AV,40.757715,-73.938786,,
505511,21 ST/QUEENS PLAZA SOUTH,40.751786,-73.944731,,
505530,21 ST/44 DR,40.74825,-73.94721,,
550523,30 AV/21 ST,40.770126,-73.928178,,
550658,21 ST/QUEENS PLZ SOUTH,40.751962,-73.944204,,
550670,21 ST/41 AV,40.754086,-73.942186,,
550671,21 ST/41 AV,40.754176,-73.942286,,
550680,21 ST/35 AV,40.761199,-73.935385,,
550681,21 ST/35 AV,40.761117,-73.935761,,
550685,21 ST/BROADWAY,40.765371,-73.931688,,
550689,21 ST/30 AV,40.769676,-73.928113,,
551923,21 ST/44 DR,40.747794,-73.947564,,
552987,8 ST/ASTORIA BLVD,40.772756,-73.932703,,
552988,8 ST/ASTORIA BLVD,40.772953,-73.932424,,
553040,21 ST/BROADWAY,40.765429,-73.931349,,
553049,27 AV/2 ST,40.77535,-73.935122,,
553050,27 AV/2 ST,40.775136,-73.934985,,
701185,PUTNAM AV/FOREST AV,40.705428,-73.901219,,
801007,BROOKLYN BRIDGE PARK RD/JORALEMON ST,40.693001,-74.000512,36047000700,3.0
801012,WILLIAMSBURG BRIDGE PLAZA/LANE 1,40.709649,-73.959518,36047052500,3.0
801020,CROPSEY AV/V A HOSPITAL,40.609134,-74.023885,36047016400,3.0
801026,LIVINGSTON ST/COURT ST,40.691439,-73.991194,36047000900,3.0
801030,LINCOLN RD/FLATBUSH AV,40.660869,-73.961137,36047032700,2.0
801031,MEEKER AV/STEWART AV,40.726636,-73.934326,36047044902,
801039,FLATBUSH AV/KINGS PLAZA,40.608306,-73.920622,36047069800,3.0
801042,SHORE RD/3 AV,40.612311,-74.035981,36047005602,3.0
801044,MCDONALD AV/CORTELYOU RD,40.638191,-73.978944,36047048600,1.0
801047,SANDS ST/PEARL ST,40.699912,-73.987652,36047001300,3.0
801049,SHORE RD/MACKAY PL,40.637071,-74.036088,36047003400,3.0
801064,VAN SINDEREN AV/FULTON ST,40.678139,-73.903574,36047036700,1.0
801067,GREENPOINT AV/MANHATTAN AV,40.730088,-73.954574,36047056500,3.0
801068,SENECA AV/CORNELIA ST,40.700947,-73.904496,,
801071,FRONT ST/YORK ST,40.702573,-73.99201,36047002100,3.0
801074,STILLWELL/TERMINAL,40.576864,-73.981026,36047035000,2.0
801076,GLENWOOD RD/E 94 ST,40.643466,-73.904788,36047096800,2.0
801077,GLENWOOD RD/E 96 ST,40.644854,-73.90264,36047096800,2.0
801078,FLATLANDS AV/ROCKAWAY PKWY,40.643589,-73.900979,36047096800,2.0
801079,FLATLANDS AV/E 94 ST,40.642054,-73.903276,36047096800,2.0
801080,FLATLANDS AV/E 92 ST,40.641009,-73.904946,36047096400,1.0
801081,W 17 ST/NEPTUNE AV,40.578785,-73.985273,36047032600,1.0
801094,UTICA AV/AVENUE H,40.63278,-73.928289,36047072200,3.0
801107,n conduit av/cohancy st,40.665938,-73.822211,,
801108,n conduit av/95 st,40.669295,-73.841071,,
801134,JAY ST/MYRTLE PLAZA,40.694489,-73.987124,36047001100,3.0
801136,PROSPECT PARK WEST/18 ST,40.657574,-73.982948,36047150200,3.0
801143,MACKENZIE LOOP (Last stop),40.578107,-73.940647,36047061600,3.0
801144,FLATBUSH AV/KINGS PLAZA,40.609212,-73.921513,36047069800,3.0
801152,E 80 St/P 15 (not used),40.62671,-73.901822,36047099800,2.0
801154,DREW ST/LINDEN BLVD,40.669209,-73.860902,36047122000,2.0
801157,FLUSHING AV/CLERMONT AV,40.69781,-73.970924,36047021100,2.0
801163,BEDFORD AV/GATES AV,40.685507,-73.954251,36047024300,2.0
801168,GATEWAY CENTER TERMINAL/GATEWAY DR,40.652693,-73.87689,36047107001,1.0
801170,ERSKINE ST/GATEWAY DR,40.652635,-73.866548,36047107001,1.0
801171,GATEWAY DR/ERSKINE ST,40.65287,-73.867,36047107001,1.0
801172,4 AV/DEAN ST,40.68353,-73.979074,36047003900,3.0
801192,CROPSEY AV/BAY 37 ST,40.593774,-73.994363,36047030400,2.0
801194,KINGS HWY/AVENUE K,40.625559,-73.933602,36047073600,2.0
801195,kings hwy/e 35 st,40.620224,-73.94143,36047074600,3.0
801197,kings hwy/e 35 st,40.620514,-73.940695,36047073800,2.0
801199,gowanus exp/20 st.nonpublic,40.665087,-73.996717,36047001801,
801200,belt py/63 st-non-public,40.640455,-74.022802,36047002200,1.0
801204,Belt py/51 st,40.646938,-74.015279,36047002000,1.0
801205,gowanus expwy/woodhull st,40.681745,-74.005376,36047005900,3.0
801209,FLUSHING AV/NORTH ELLIOT PL,40.698146,-73.977734,36047054300,
803042,BBT/west st,40.707261,-74.015869,,
803168,FLATLANDS AV/ATKINS AV,40.659458,-73.871033,36047107800,2.0
803169,FLATLANDS AV/ESSEX ST,40.658386,-73.873539,36047107800,2.0
803170,FLATLANDS AV/ELTON ST,40.657656,-73.875257,36047107800,2.0
803171,JEROME ST/FLATLANDS AV,40.656495,-73.878192,36047107800,2.0
803175,FLATLANDS AV/ATKINS AV,40.659353,-73.870585,36047107001,1.0
803176,SEAVIEW AV/ERSKINE ST,40.653293,-73.86626,36047107001,1.0
803220,fdr dr n/e 20 st,40.728232,-73.971603,,
803221,hugh carey tunnel/west st.non-public,40.707264,-74.015841,,
803234,BATTERY PL/GREENWICH ST,40.704921,-74.015441,,
805039,Gowanus Exp./22 St (N.B.),40.663351,-73.998119,36047001801,
901001,FLATBUSH AV/AV U,40.609407,-73.921791,36047069800,3.0
901003,NARROWS AV/77 ST,40.631716,-74.036406,36047004400,3.0
901007,CADMAN PLAZA WEST/JOHNSON ST,40.695406,-73.990781,36047001300,3.0
901009,EMMONS AV/NOSTRAND AV,40.584028,-73.938408,36047062200,2.0
901010,WILLIAMSBURG BRIDGE PLAZA/LANE 4,40.70932,-73.959616,36047052500,3.0
901011,KNAPP ST/SHORE PKWY,40.585064,-73.93134,36047062200,2.0
901012,ROCKAWAY PKWY/SUBWAY STATION,40.645816,-73.901797,36047097400,1.0
901013,SARATOGA AV/HALSEY ST,40.685841,-73.917823,36047037700,2.0
901014,QUENTIN RD/CONEY ISLAND AV,40.607951,-73.961295,36047055400,2.0
901017,MARCUS GARVEY BLVD/BROADWAY,40.699747,-73.941465,36047028501,1.0
901019,EASTERN PKWY/UTICA AV,40.668556,-73.931625,36047035102,1.0
901020,GLENWOOD RD/REMSEN AV,40.642081,-73.906966,36047096400,1.0
901024,SHORE RD/4 AV,40.611763,-74.035126,36047005602,3.0
901029,ROCKAWAY AV/HEGEMAN AV,40.656047,-73.907383,36047092200,1.0
901055,SMITH ST/LIVINGSTON ST,40.690715,-73.987693,36047003700,3.0
901058,SURF AV/W 37 ST,40.573237,-74.002018,36047034200,1.0
901067,POSTAL FACILITY RD/BROOKLYN MAIL FACILITY,40.66491,-73.86333,36047122000,2.0
901070,TILLARY ST/CADMAN PLAZA EAST,40.696162,-73.990737,36047001300,3.0
901076,WILLIAMS AV/FLATLANDS AV,40.650351,-73.891679,36047098200,1.0
901080,SEAVIEW AV/PENNSYLVANIA AV,40.642968,-73.878269,36047105804,1.0
901082,4 AV/95 ST,40.616262,-74.031131,36047005400,3.0
901086,WILLIAMSBURG BRIDGE PLAZA/LANE 4,40.709489,-73.959742,36047052500,3.0
901087,FRANKLIN AV/FULTON St,40.680805,-73.955629,36047022700,2.0
901088,SURF AV/W 37 ST,40.573337,-74.002189,36047034200,1.0
901089,PARKSIDE AV/OCEAN AV,40.654848,-73.961754,36047050803,1.0
901090,KINGS HWY/FRASER SQ,40.620145,-73.941484,36047074600,3.0
901093,KINGS PLAZA,40.60914,-73.921443,36047069800,3.0
901111,fdr/catherine slip,40.708985,-73.996247,,
901145,BEARD ST/OTSEGO ST,40.672325,-74.011323,36047005301,3.0
901172,pearl st/prospect st,40.700316,-73.987811,36047001300,3.0
901177,Gowanus Exp./Lorraine St (S.B.),40.671621,-73.998713,36047001801,
901190,Gowanus Ep En Rp/86 St,40.620062,-74.023605,36047014200,2.0
901193,Battery Pk Vi Park/Battery Pk Vi Park,40.704264,-74.016565,,
901194,fdr dr s/fdr dr s,40.710803,-73.982466,,
901195,Battery Pk Vi Park/Battery Pk Vi Park,40.704174,-74.016698,,
901196,fdr dr n/cherry st,40.711328,-73.978728,,
901197,Gwnus Cntrline Ep-S/Gwnus Cntrline Ep-S,40.634943,-74.016649,36047012600,2.0
901200,south conduit en eb/cohancy st,40.665797,-73.834607,,
901201,South conduit en EB/lefferts bl,40.663419,-73.823215,,
901236,SHORE PKWY EAST/PENNSYLVANIA AV,40.643204,-73.875619,36047107002,
901258,PALMETTO ST/SAINT NICHOLAS AV,40.700503,-73.91004,,
901263,KNAPP ST/HARKNESS AV,40.586626,-73.931703,36047059800,2.0
901267,QUENTIN RD/E 16 ST,40.608453,-73.956546,36047055200,3.0
901269,WYCKOFF AV/DE KALB AV,40.704385,-73.919467,36047044500,2.0
901273,SEAVIEW AV/ERSKINE ST,40.653386,-73.86608,36047107001,1.0
901278,NOSTRAND AV/AVENUE H,40.631827,-73.947438,36047077400,1.0
901280,ROGERS AV/SAINT JOHNS PL,40.671595,-73.952992,36047031702,2.0
901295,87 ST/4 AV,40.621842,-74.028363,36047016000,2.0
901297,SHORE RD/71 ST,40.636809,-74.036295,36047003400,3.0
901311,pulaski br/box st,40.738489,-73.952717,36047057902,
901314,21 ST/44 DR,40.74794,-73.94749,,
901325,BROADWAY/ROEBLING ST,40.709168,-73.959974,36047052500,3.0
901333,DIVISION AV/WYTHE AV,40.706945,-73.967485,36047054500,1.0
901340,STILLWELL AV/MERMAID AV,40.577038,-73.98159,36047035000,2.0
901444,s 4 st/havemeyer st,40.710338,-73.958606,36047052300,2.0
901445,SHORE RD/4 AV,40.611716,-74.035076,36047005602,3.0
901463,CADMAN PLAZA WEST/TILLARY ST,40.695231,-73.990816,36047000502,3.0
901469,CROPSEY AV/BAY 38 ST,40.593014,-73.993795,36047030400,2.0
901473,MACKENZIE LOOP (no G-A-R: use 300000),40.578205,-73.939748,36047061600,3.0
901475,GATEWAY PLAZA 2/BAY 2,40.652687,-73.876588,36047107001,1.0
901494,UTICA AV/FILLMORE AV (NON-PUBLIC/FOR RELIEFS),40.614579,-73.926533,36047067200,3.0
901502,WYCKOFF AV / PALMETTO ST,40.699291,-73.910755,36047043900,1.0
901518,HEGEMAN AV/WATKINS ST,40.656854,-73.904315,36047092000,1.0
901534,ROCKAWAY PKWY/SUBWAY STATION,40.64576,-73.90157,36047097400,1.0
901628,WILLIAMSBURG BRIDGE PLAZA/LANE 2,40.709623,-73.959635,36047052500,3.0
901681,E 70 ST/VETERANS AV,40.619755,-73.908532,36047070000,3.0
901794,50 ST/19 AV,40.626344,-73.979344,36047047400,3.0
901798,HEGEMAN ST/HERZL ST,40.655526,-73.912136,36047089000,1.0
901799,39 ST/3 AV,40.653981,-74.008385,36047000200,1.0
901800,39 ST/3 AV,40.654062,-74.008517,36047000200,1.0
901803,W 22 St/SURF AV,40.574467,-73.988663,36047032600,1.0
901824,DE KALB AV/BROADWAY,40.693845,-73.929884,36047028900,1.0
901834,BERGEN ST/5 AV,40.681572,-73.977125,36047012901,3.0
904253,LEFFERTS BLVD/AIRTRAIN STATION,40.66151,-73.824107,,
904254,LEFFERTS BLVD/AIRTRAIN STATION,40.66158,-73.824645,,
930032,ROCKAWAY AV/EAST NEW YORK AV,40.672357,-73.91122,36047036300,1.0
930049,KENT AV/N 12 ST,40.723203,-73.958439,36047055700,3.0
930105,2 AV/37 ST,40.656098,-74.009576,36047000200,1.0
930106,GREENPOINT AV/McGUINNESS BLVD,40.730444,-73.951075,36047057901,2.0
300788,E 16 ST / KINGS HWY,40.608438,-73.957361,36047055200,3.0
302219,CORTELYOU RD / WESTMINSTER RD,40.639883,-73.967187,36047052600,2.0
302228,CORTELYOU RD / E 19 ST,40.643033,-73.960668,36047051400,1.0
303294,LIVINGSTON ST / NEVINS ST,40.687734,-73.981057,36047003700,3.0
306239,CORTELYOU RD / E 18 ST,40.642462,-73.961532,36047051400,1.0
307771,AVENUE X / BATCHELDER ST,40.594203,-73.938037,36047057200,1.0
307840,FLATBUSH AV / NOSTRAND AV,40.632512,-73.947447,36047077400,1.0
307988,CADMAN PLAZA WEST/JOHNSON ST,40.694944,-73.990592,36047001100,3.0
308734,4 AV/WARREN ST,40.681094,-73.980827,36047012700,2.0
308735,4 AV/4 ST,40.673308,-73.986535,36047011901,3.0
308736,4 AV/10 ST,40.669918,-73.989286,36047012100,3.0
308940,JORALEMON ST/ADAMS ST,40.692522,-73.990078,36047001100,3.0
350017,56 DR / E 63 ST,40.60786,-73.912909,36047070201,3.0
350018,56 DR / E 66 ST,40.606229,-73.911084,36047070201,3.0
350019,56 DR / STRICKLAND AV,40.60866,-73.913789,36047070201,3.0
350024,AVENUE H / E 39 ST,40.632211,-73.938335,36047077600,1.0
350025,AVENUE H / E 38 ST,40.632202,-73.939996,36047078000,2.0
350026,AVENUE H / NEW YORK AV,40.631833,-73.944214,36047077600,1.0
350027,AVENUE H / E 32 ST,40.631852,-73.946005,36047078601,1.0
350028,AVENUE K / BEDFORD AV,40.623831,-73.950953,36047075400,3.0
350029,AVENUE K / BEDFORD AV,40.623948,-73.951426,36047075200,3.0
350030,AVENUE K / E 29 ST,40.624238,-73.947183,36047074800,3.0
350031,AVENUE K / E 29 ST,40.624355,-73.947643,36047075000,3.0
350032,AVENUE K /E 38 ST,40.625568,-73.938863,36047073600,2.0
350033,AVENUE K /E 38 ST,40.625714,-73.938914,36047073400,3.0
350034,AVENUE K /E 43 ST,40.625867,-73.934186,36047073600,2.0
350035,AVENUE K /E 43 ST,40.625984,-73.934671,36047073200,3.0
350036,AVENUE K /E 52 ST,40.62592,-73.925483,36047067600,2.0
350038,AVENUE K /E 57 ST,40.626209,-73.920691,36047069200,2.0
350039,AVENUE K /E 58 ST,40.626404,-73.920154,36047072000,1.0
350040,AVENUE K /NEW YORK AV,40.624665,-73.943298,36047074400,3.0
350041,AVENUE K /NEW YORK AV,40.624782,-73.943835,36047074200,2.0
350043,AVENUE K / OCEAN AV,40.623326,-73.955643,36047076000,2.0
350044,AVENUE K /SCHENECTADY AV,40.625573,-73.930289,36047073000,2.0
350045,AVENUE K /SCHENECTADY AV,40.625806,-73.93034,36047073000,2.0
350046,AVENUE M / E 102 ST,40.639604,-73.889484,36047102000,3.0
350047,AVENUE M / E 102 ST,40.639583,-73.889731,36047101400,1.0
350048,AVENUE M / E 105 ST,40.640862,-73.887435,36047102000,3.0
350049,AVENUE M / E 80 ST,40.6298,-73.904634,36047100400,2.0
350050,AVENUE M / E 80 ST,40.629866,-73.904758,36047100400,2.0
350052,AVENUE M / E 85 ST,40.631338,-73.902516,36047100400,2.0
350053,AVENUE M / E 93 ST,40.635117,-73.896608,36047100800,2.0
350054,AVENUE M / CANARSIE RD,40.63485,-73.89684,36047101000,1.0
350055,AVENUE M / REMSEN AV,40.633749,-73.898464,36047100800,2.0
350056,AVENUE M / REMSEN AV,40.633589,-73.898951,36047100800,2.0
350058,AVENUE M / ROCKAWAY PKY,40.637133,-73.893498,36047101000,1.0
350059,AVENUE T / E 58 ST,40.615349,-73.918549,36047068800,3.0
350060,AVENUE T / E 59 ST,40.615723,-73.91768,36047068600,3.0
350061,AVENUE T / MILL AV,40.616917,-73.915774,36047068600,3.0
350062,AVENUE T / MILL AV,40.617055,-73.915929,36047068600,3.0
350067,AVENUE X / BEDFORD AV,40.593213,-73.945561,36047059404,2.0
350069,AVENUE X / E 28 ST,40.593524,-73.942777,36047059402,3.0
350071,AVENUE X / OCEAN AV,40.592748,-73.94979,36047059404,2.0
350074,BATCHELDER ST/AVENUE Z,40.589713,-73.93684,36047059800,2.0
350075,BATCHELDER ST / VOORHIES AV,40.587834,-73.936689,36047059800,2.0
350076,CORTELYOU RD/STRATFORD RD,40.639681,-73.968061,36047152200,3.0
350078,E 105 ST / AVENUE J,40.645886,-73.89269,36047098400,2.0
350080,E 105 ST / AVENUE K,40.644162,-73.890717,36047101600,3.0
350081,E 105 ST / AVENUE K,40.64435,-73.891292,36047098600,2.0
350082,E 105 ST / AVENUE L,40.642616,-73.888966,36047101600,3.0
350083,E 105 ST / AVENUE L,40.642679,-73.889432,36047101400,1.0
350084,E 105 ST / AVENUE M,40.641133,-73.887654,36047101400,1.0
350086,E 66 ST / 56 DR,40.606298,-73.910734,36047070201,3.0
350087,E 66 ST /AVENUE U,40.617293,-73.910735,36047070201,3.0
350088,E 66 ST / BASSETT AV,40.609939,-73.907128,36047070201,3.0
350089,E 66 ST / BASSETT AV,40.609603,-73.907077,36047070201,3.0
350090,E 66 ST / DAKOTA PL,40.607408,-73.908875,36047070201,3.0
350091,E 66 ST / MAYFAIR DR NORTH,40.612022,-73.906762,36047070201,3.0
350092,E 66 ST / MAYFAIR DR N,40.611666,-73.906543,36047070201,3.0
350093,E 66 ST / MAYFAIR DR SOUTH,40.608084,-73.908413,36047070201,3.0
350094,E 66 ST / OHIO WALK,40.614057,-73.907589,36047070201,3.0
350095,E 66 ST / OHIO WALK,40.613711,-73.907136,36047070201,3.0
350096,E 66 ST / STRICKLAND AV,40.615806,-73.909348,36047070201,3.0
350097,E 66 ST / STRICKLAND AV,40.615714,-73.908986,36047070201,3.0
350099,E 80 ST / AVENUE K,40.632391,-73.909605,36047099600,2.0
350100,E 80 ST / AVENUE L,40.630868,-73.907168,36047100400,2.0
350101,E 80 ST / FLATLANDS AV,40.635351,-73.91317,36047095600,2.0
350102,E 80 ST / FLATLANDS AV,40.635753,-73.913447,36047095400,2.0
350104,E 80 ST / PAERDEGAT 4 ST,40.632041,-73.909462,36047099800,2.0
350105,EMMONS AV / COYLE ST,40.583948,-73.934113,36047062200,2.0
350106,EMMONS AV / NOSTRAND AV,40.583736,-73.939081,36047062200,2.0
350107,EMMONS AV / OCEAN AV,40.583555,-73.948123,36047060800,3.0
350109,FILLMORE AV / BURNETT ST,40.60759,-73.939249,36047063800,3.0
350110,FILLMORE AV / COLEMAN ST,40.613795,-73.929331,36047065200,3.0
350111,FILLMORE AV / COLEMAN ST,40.613677,-73.929836,36047065200,3.0
350112,FILLMORE AV / E 32 ST,40.609613,-73.935788,36047063600,3.0
350113,FILLMORE AV / E 32 ST,40.609465,-73.936345,36047063600,3.0
350114,FILLMORE AV / E 34 ST,40.61052,-73.9344,36047065800,3.0
350115,FILLMORE AV / E 37 ST,40.611931,-73.932171,36047065400,3.0
350116,FILLMORE AV / E 37 ST,40.611833,-73.932676,36047065600,3.0
350117,FILLMORE AV / E 51 ST,40.614484,-73.925612,36047067000,2.0
350118,FILLMORE AV / E 51 ST,40.614632,-73.925236,36047068200,2.0
350119,FILLMORE AV / E 53 ST,40.614602,-73.923694,36047067000,2.0
350120,FILLMORE AV / E 53 ST,40.614779,-73.923331,36047068200,2.0
350121,FILLMORE AV / E 55 ST,40.614689,-73.921841,36047067000,2.0
350122,FILLMORE AV / E 55 ST,40.614896,-73.9214,36047068200,2.0
350123,FILLMORE AV / E 57 ST,40.614816,-73.919832,36047068800,3.0
350124,FILLMORE AV / E 57 ST,40.614984,-73.919845,36047068800,3.0
350125,FILLMORE AV / E 34 ST,40.610412,-73.934867,36047063600,3.0
350126,FILLMORE AV / FLATBUSH AV,40.614496,-73.928138,36047065200,3.0
350127,FILLMORE AV / FLATBUSH AV,40.614664,-73.928332,36047065200,3.0
350129,FILLMORE AV / GERRITSEN AV,40.606811,-73.940416,36047063800,3.0
350130,FILLMORE AV / MARINE PKWY,40.608646,-73.937292,36047066600,
350131,FILLMORE AV / MARINE PKWY,40.608528,-73.93781,36047063800,3.0
350132,FILLMORE AV / RYDER ST,40.612868,-73.930732,36047065400,3.0
350133,FILLMORE AV / RYDER ST,40.61275,-73.931263,36047065400,3.0
350148,GLENWOOD RD / E 80 ST,40.636939,-73.914978,36047095000,2.0
350149,GLENWOOD RD / E 80 ST,40.636998,-73.915156,36047095000,2.0
350154,OCEAN AV / DITMAS AV,40.639481,-73.959109,36047051800,2.0
350158,QUENTIN RD / BEDFORD AV,40.609441,-73.948239,36047064200,3.0
350159,QUENTIN RD / BEDFORD AV,40.609303,-73.948122,36047054800,3.0
350164,QUENTIN RD / NOSTRAND AV,40.609755,-73.94382,36047056400,3.0
350168,SHORE PKWY/BATCHELDER ST,40.586626,-73.936179,36047059800,2.0
350183,NATIONAL DR / E 66 ST,40.604632,-73.913419,36047070201,3.0
350184,NATIONAL DR / MILL AV,40.606942,-73.915935,36047070201,3.0
350192,EMMONS AV / BEDFORD AV,40.583524,-73.943245,36047060800,3.0
350194,AVENUE K /UTICA AV,40.625961,-73.927349,36047067600,2.0
350198,VOORHIES AV / BRAGG ST,40.587871,-73.933867,36047059800,2.0
350199,AVENUE X / BEDFORD AV,40.593359,-73.945612,36047059403,2.0
350200,AVENUE X / E 28 ST,40.59367,-73.942828,36047059402,3.0
350203,EMMONS AV/SHORE BLVD,40.583032,-73.95373,36047060800,3.0
350204,EMMONS AV / E 19 ST,40.583692,-73.949834,36047060800,3.0
350205,EMMONS AV / BRAGG ST,40.584073,-73.932364,36047062200,2.0
350207,VAN SICLEN AV /COZINE AV,40.656201,-73.882389,36047107800,2.0
350208,ADAMS ST / JOHNSON ST,40.694772,-73.989104,36047001100,3.0
350217,QUENTIN RD / NOSTRAND AV,40.609933,-73.943885,36047064200,3.0
350220,COZINE AV /SCHENCK AV,40.65688,-73.880847,36047107800,2.0
350224,OCEAN AV / DITMAS AV,40.639169,-73.958803,36047051601,1.0
350225,GERRITSEN AV / NOSTRAND AV,40.60904,-73.94336,36047056400,3.0
350226,GERRITSEN AV / HARING ST,40.608076,-73.942164,36047056400,3.0
350228,AVENUE M / E 85 ST,40.631221,-73.902372,36047100400,2.0
350240,E 66 ST /AVENUE U,40.616972,-73.910658,36047070201,3.0
350241,VETERANS AV /E 71 ST,40.62025,-73.907626,36047070000,3.0
350243,WILLIAMS AV / FLATLANDS AV,40.650381,-73.891446,36047098200,1.0
350244,FLATLANDS AV / WILLIAMS AV,40.650061,-73.891029,36047105804,1.0
350245,E 105 ST / FLATLANDS AV,40.647353,-73.894586,36047098600,2.0
350246,E 105 ST / AVENUE J,40.645725,-73.892783,36047098600,2.0
350247,AVENUE X / BROWN ST,40.594008,-73.93851,36047059600,3.0
350248,BATCHELDER ST/AVENUE Z,40.589704,-73.937058,36047059800,2.0
350264,AVENUE M / E 98 ST,40.637428,-73.892805,36047102200,2.0
350274,FILLMORE AV / BURNETT ST,40.607663,-73.938871,36047066600,
400354,MADISON AV / E 34 ST,40.747888,-73.982775,,
401822,E 34 ST /5 AV,40.748302,-73.984386,,
401823,E 34 ST /MADISON AV,40.747644,-73.98283,,
401824,E 34 ST /PARK AV,40.746929,-73.981102,,
401826,E 34 ST /3 AV,40.745599,-73.977973,,
401827,E 34 ST /2 AV,40.74478,-73.976027,,
401840,E 34 ST/3 AV,40.746026,-73.97858,,
402082,PARK ROW/SPRUCE ST,40.711867,-74.006112,,
402135,E 23 ST / 2 AV,40.737898,-73.981026,,
402215,E 57 ST / 3 AV,40.760058,-73.96725,,
403293,PEARL ST / PECK SLIP,40.708771,-74.002757,,
403457,MADISON AV / E 40 ST,40.751633,-73.980114,,
403617,E 57 ST / LEXINGTON AV,40.76126,-73.969737,,
404202,BROADWAY/RECTOR ST,40.70741,-74.012137,,
404208,BROADWAY/WORTH ST,40.716249,-74.004629,,
404220,BROADWAY/VESEY ST,40.711494,-74.008638,,
405024,CHURCH ST /WORTH ST,40.716991,-74.006211,,
405220,WATER ST / PINE ST,40.705789,-74.006696,,
405380,MADISON AV/E 28 ST,40.744106,-73.9855,,
450054,5 AV/W 26 ST,40.743613,-73.988216,,
450057,5 AV/W 39 ST,40.751679,-73.982272,,
450059,5 AV/W 48 ST,40.757419,-73.978122,,
450062,5 AV/W 54 ST,40.76116,-73.975377,,
450063,5 AV/W 55 ST,40.761646,-73.975047,,
450157,5 AV/W 30 ST,40.746027,-73.986439,,
450176,CHURCH ST/PARK PL,40.713187,-74.009252,,
450202,STATE ST / BATTERY PL,40.704472,-74.014153,,
450387,CHURCH ST/PARK PL,40.713055,-74.009355,,
450391,WATER ST / COENTIES SLIP EAST,40.70323,-74.010937,,
450402,CHURCH ST/FULTON ST,40.711665,-74.010267,,
450419,BATTERY PL /WEST ST,40.704642,-74.016284,,
450420,CHURCH ST / BARCLAY ST,40.71266,-74.009635,,
450552,E 34 ST/PARK AV,40.747533,-73.982055,,
550426,CROSS BAY BLVD/PITKIN AV,40.672357,-73.843019,,
550427,CROSS BAY BLVD/PITKIN AV,40.672344,-73.843378,,
550449,WOODHAVEN BLVD/FOREST PARK DR,40.700573,-73.854289,,
550450,WOODHAVEN BLVD/FOREST PARK DR,40.700646,-73.854863,,
550454,WOODHAVEN BLVD/METROPOLITAN AV,40.71208,-73.859508,,
550462,WOODHAVEN BLVD/63 DR,40.722715,-73.867426,,
550473,WOODHAVEN BLVD/PENELOPE AV,40.722487,-73.867736,,
553141,WOODHAVEN BLVD/METROPOLITAN AV,40.71208,-73.859987,,
901731,LIVINGSTON ST/NEVINS ST,40.688156,-73.981601,36047003700,3.0
901732,LIVINGSTON ST/HOYT ST,40.689825,-73.985858,36047003700,3.0
981004,FRANKFORT ST / PEARL ST,40.709861,-74.00223,,
981005,E 57 ST / 2 AV,40.759729,-73.966051,,
981012,5 AV/W 27 ST,40.743842,-73.988048,,
982178,NATIONAL DR / MILL AV,40.606858,-73.915899,36047070201,3.0
982483,3 AV/STATE ST,40.685849,-73.980211,36047003900,3.0
983012,E 16 ST / KINGS HWY,40.608935,-73.957405,36047055200,3.0
983014,56 DR / STRICKLAND AV,40.60872,-73.913858,36047070201,3.0
983015,SEAVIEW AV / PENNSYLVANIA AV,40.643074,-73.878284,36047105804,1.0
983069,QUENTIN RD/OCEAN AV,40.608807,-73.952864,36047055000,2.0
983070,CONEY ISLAND AV/TURNER PL,40.645186,-73.970331,36047152200,3.0
200008,RICHMOND TERR/SOUTH AV,40.640108,-74.165755,,
200368,HYLAN BLVD/ARMSTRONG AV,40.537497,-74.150362,,
200371,RICHMOND AV/HYLAN BLVD,40.53454,-74.154361,,
200377,RICHMOND AV/ELTINGVILLE BLVD,40.544188,-74.165039,,
200381,RICHMOND AV/KATAN AV,40.550875,-74.167538,,
200384,RICHMOND AV/BARLOW AV,40.557307,-74.168965,,
200386,ELTINGVILLE/TRANSIT CENTER,40.560986,-74.171394,,
200393,RICHMOND AV/NOME AV,40.590836,-74.165295,,
200394,RICHMOND AV/DRAPER PL SOUTH,40.59254,-74.162974,,
200395,RICHMOND AV/ROCKLAND AV,40.595642,-74.161776,,
200399,RICHMOND AV/ETON PL,40.604462,-74.162229,,
200400,RICHMOND AV/VICTORY BLVD,40.607533,-74.162351,,
200401,RICHMOND AV/MORANI ST,40.610084,-74.160172,,
200407,FOREST AV/RICHMOND AV,40.624967,-74.148422,,
200408,FOREST AV/WILLOW RD EAST,40.624908,-74.145244,,
200411,PORT RICHMOND AV/BEEKMAN ST,40.62936,-74.140802,,
200428,PORT RICHMOND AV/CHARLES AV,40.63473,-74.135754,,
200434,FOREST AV/RICHMOND AV,40.625216,-74.148988,,
200441,RICHMOND AV/LAMBERTS LN,40.614809,-74.157578,,
200442,RICHMOND AV/LANDER AV,40.61279,-74.159036,,
200443,RICHMOND AV/MERRILL AV,40.609936,-74.160418,,
200444,RICHMOND AV/VICTORY BLVD,40.607025,-74.162535,,
200446,RICHMOND AV/CARNEGIE AV,40.604121,-74.162796,,
200447,RICHMOND AV/SIGNS RD,40.601378,-74.163365,,
200450,RICHMOND AV/TRAVIS AV,40.593125,-74.162841,,
200452,RICHMOND AV/NOME AV,40.590584,-74.166212,,
200459,RICHMOND AV/FOREST HILL RD,40.570434,-74.170027,,
200462,RICHMOND AV/BARLOW AV,40.556676,-74.169104,,
200466,RICHMOND AV/KATAN AV,40.550244,-74.167605,,
200470,RICHMOND AV/ELTINGVILLE BLVD,40.544066,-74.1652,,
200474,RICHMOND AV/KOCH BLVD,40.53803,-74.159389,,
200476,RICHMOND AV/KING ST,40.535112,-74.155659,,
200534,VICTORY BLVD/PERRY AV,40.612471,-74.129835,,
200535,VICTORY BLVD/MOUNTAINVIEW AV,40.612738,-74.12654,,
200537,VICTORY BLVD/MANOR RD,40.613042,-74.122229,,
200584,VICTORY BLVD/SLOSSON AV,40.613549,-74.117328,,
200586,VICTORY BLVD/MANOR RD,40.613107,-74.123014,,
200700,HYLAN BLVD/CLOVE RD,40.598662,-74.081064,,
200902,PORT RICHMOND AV/ALBION PL,40.634463,-74.135639,,
200930,RICHMOND AV/RIVINGTON AV,40.596999,-74.162512,,
200968,HYLAN BLVD/BRIGHTON ST,40.504403,-74.243602,,
200970,HYLAN BLVD/SPRAGUE AV,40.505398,-74.23832,,
200972,HYLAN BLVD/BEDELL AV,40.506616,-74.233144,,
200974,HYLAN BLVD/RICHARD AV,40.508479,-74.223919,,
200978,HYLAN BLVD/WOODVALE AV,40.514224,-74.206334,,
200979,HYLAN BLVD/BAY VIEW AV,40.516456,-74.20287,,
200981,HYLAN BLVD/SEGUINE AV,40.519069,-74.196924,,
200983,HYLAN BLVD/LUTEN AV,40.523239,-74.187831,,
201003,HYLAN BLVD/NELSON AV,40.542586,-74.145566,,
201005,HYLAN BLVD/HILLSIDE TERR,40.545568,-74.142352,,
201008,HYLAN BLVD/KEEGANS LN,40.549747,-74.136899,,
201010,HYLAN BLVD/BAY TERR,40.552493,-74.132806,,
201012,HYLAN BLVD/BUFFALO ST,40.556809,-74.127636,,
201014,HYLAN BLVD/MONTREAL AV,40.5591,-74.12515,,
201016,HYLAN BLVD/GUYON AV,40.560575,-74.119668,,
201020,HYLAN BLVD/EBBITTS ST,40.566683,-74.113387,,
201031,HYLAN BLVD/JEFFERSON AV,40.581393,-74.098058,,
201034,HYLAN BLVD/BUEL AV,40.58541,-74.092998,,
201036,HYLAN BLVD/CROMWELL AV,40.587827,-74.090773,,
201038,HYLAN BLVD/EVERGREEN AV,40.59125,-74.087864,,
201052,HYLAN BLVD/NARROWS RD SOUTH,40.605294,-74.076561,,
201106,HYLAN BLVD/BURGHER AV,40.590456,-74.088709,,
201108,HYLAN BLVD/CROMWELL AV,40.587445,-74.09146,,
201110,HYLAN BLVD/BUEL AV,40.58508,-74.093786,,
201113,HYLAN BLVD/JEFFERSON AV,40.581093,-74.098806,,
201117,HYLAN BLVD/LINCOLN AV,40.57629,-74.104087,,
201124,HYLAN BLVD/LINDBERGH AV,40.566858,-74.113582,,
201126,HYLAN BLVD/TYSENS LN,40.56374,-74.116769,,
201128,HYLAN BLVD/GUYON AV,40.560209,-74.120441,,
201130,HYLAN BLVD/MONTREAL AV,40.558757,-74.125883,,
201132,HYLAN BLVD/BUFFALO ST,40.556396,-74.12847,,
201133,HYLAN BLVD/JUSTIN AV,40.553465,-74.131975,,
201134,HYLAN BLVD/BAY TERR,40.55218,-74.133575,,
201136,HYLAN BLVD/KEEGANS LN,40.549433,-74.137805,,
201139,HYLAN BLVD/HILLSIDE TERR,40.545287,-74.143082,,
201141,HYLAN BLVD/NELSON AV,40.542228,-74.146245,,
201181,HYLAN BLVD/HUGUENOT AV,40.523955,-74.186502,,
201182,HYLAN BLVD/LUTEN AV,40.52312,-74.188649,,
201184,HYLAN BLVD/SEGUINE AV,40.519247,-74.196959,,
201186,HYLAN BLVD/BAYVIEW AV,40.516802,-74.202702,,
201187,HYLAN BLVD/WOODVALE AV,40.514278,-74.206589,,
201191,HYLAN BLVD/RICHARD AV,40.508721,-74.223579,,
201193,HYLAN BLVD/BEDELL AV,40.506862,-74.232957,,
201195,HYLAN BLVD/SPRAGUE AV,40.505648,-74.238013,,
201325,WATCHOGUE RD/CRYSTAL AV,40.616491,-74.142053,,
201422,VICTORY BLVD/JEWETT AV,40.612624,-74.130404,,
201428,WATCHOGUE RD/CRYSTAL AV,40.61671,-74.142659,,
201525,SOUTH AV/ARLINGTON PL,40.636117,-74.166098,,
201563,FOREST AV/WILLOWBROOK RD,40.62506,-74.144481,,
201569,FOREST AV/UNION AV,40.626357,-74.158231,,
201572,FOREST AV/GRANDVIEW AV,40.627179,-74.165143,,
201630,HYLAN BLVD/LINCOLN AV,40.576815,-74.103316,,
201948,VICTORY BLVD/RICHMOND AV (FAR),40.607246,-74.161211,,
201951,VICTORY BLVD/WILLOWBROOK PK,40.608684,-74.15377,,
202091,ARTHUR KILL RD/ARDEN AV,40.559141,-74.197252,,
202094,ARTHUR KILL RD/WOODROW RD,40.565227,-74.181514,,
202097,ELTINGVILLE/TRANSIT CENTER,40.560594,-74.171242,,
202237,ARTHUR KILL RD/ARDEN HEIGHTS PLAZA,40.562649,-74.191986,,
202239,ARTHUR KILL RD/ARDEN AV,40.558578,-74.198122,,
202289,ARTHUR KILL RD/VETERANS RD EAST,40.556295,-74.203767,,
202292,ARDEN AV/ARTHUR KILL RD,40.558516,-74.197503,,
202616,RICHMOND AV/ARMAND ST,40.618987,-74.154435,,
202681,RICHMOND AV/SIGNS RD,40.602012,-74.163031,,
202823,SOUTH AV/RICHMOND TERR,40.640133,-74.166126,,
202824,SOUTH AV/ARLINGTON PL,40.635428,-74.16628,,
202840,MARSH AV/WESTPORT ST,40.584265,-74.16063,,
202841,MARSH AV/ELMWOOD PK DR,40.581512,-74.162571,,
202842,MARSH AV/WINDHAM LOOP,40.578093,-74.163535,,
202845,RICHMOND AV/YUKON AV,40.576422,-74.16954,,
202849,MARSH AV/ELMWOOD PARK DR,40.580847,-74.163077,,
202850,MARSH AV/WINDHAM LOOP,40.577857,-74.163769,,
202855,RICHMOND AV/KOCH BLVD,40.538608,-74.159781,,
202861,ARTHUR KILL RD/SAINT JOHN NEWMANN,40.564147,-74.186488,,
202886,ARDEN AV/HAMPTON GREEN,40.554845,-74.193451,,
202888,ARDEN AV/WOODROW RD,40.55041,-74.187936,,
202889,WOODROW RD/HOLCOMB AV,40.547543,-74.190407,,
202910,WOODROW RD/BOULDER ST,40.543784,-74.196657,,
202912,WOODROW RD/CANTON AV,40.547741,-74.190325,,
202913,WOODROW RD/ALMOND ST,40.549655,-74.188078,,
202918,ANNADALE RD/TOKEN ST,40.561692,-74.177196,,
202990,RICHMOND HILL RD/VASSAR ST,40.586159,-74.162561,,
202991,RICHMOND HILL RD/VASSAR ST,40.585777,-74.162272,,
203002,WOODROW RD/VINELAND AV,40.543643,-74.196718,,
203078,RICHMOND AV/YUKON AV,40.576378,-74.169982,,
203087,SOUTH AV/BRABANT ST,40.631901,-74.166412,,
203110,RICHMOND AV/RIVINGTON AV,40.597681,-74.162199,,
203161,WATCHOGUE RD/LIVERMORE AV,40.616036,-74.138576,,
203164,WATCHOGUE RD/FREDERICK ST,40.614587,-74.133478,,
203165,WATCHOGUE RD/SMITH CT,40.614742,-74.133412,,
203167,WATCHOGUE RD/LIVERMORE AV,40.616286,-74.139297,,
203200,VICTORY BLVD/WILLOWBROOK PARK,40.608776,-74.154099,,
203342,STEUBEN ST/WEST FINGERBOARD RD,40.600798,-74.076405,,
203343,NARROWS RD SOUTH/HYLAN BLVD,40.605338,-74.076078,,
203344,NARROWS RD SOUTH/FINGERBOARD RD,40.603427,-74.068996,,
203345,NARROWS RD NORTH/FINGERBOARD RD,40.604596,-74.069364,,
203390,HYLAN BLVD/CHELSEA ST,40.504308,-74.244701,,
203399,HYLAN BLVD/ARMSTRONG AV,40.537571,-74.149984,,
203478,MARSH AV/RING RD,40.583368,-74.161747,,
203483,HYLAN BLVD/CRAIG AV,40.502982,-74.251287,,
203537,FOREST AV/MAPLE PKWY,40.625972,-74.156804,,
203559,NORTH GANNON AV/BRADLEY AV,40.60856,-74.132465,,
203580,HUGUENOT AV/RATHBUN AV,40.539894,-74.19584,,
203582,HUGUENOT AV/ DRUMGOOLE RD EAST,40.53452,-74.193212,,
203586,ARDEN AV/WOODROW RD,40.550223,-74.187657,,
203592,VETERANS RD EAST/ARTHUR KILL RD,40.55713,-74.202823,,
203593,ARTHUR KILL RD/WOODROW RD,40.565265,-74.181287,,
203603,WATCHOGUE RD/WILLOW RD EAST,40.617451,-74.151729,,
203605,PORT RICHMOND AV/WALKER ST,40.629728,-74.1406,,
203607,WATCHOGUE RD/CAMBRIDGE AV,40.617109,-74.148376,,
203608,SOUTH GANNON AV/WILLOWBROOK RD,40.607592,-74.147015,,
203609,SOUTH GANNON AV/WOOLEY AV,40.60726,-74.140449,,
203612,SOUTH GANNON AV/GANSEVOORT BLVD,40.608165,-74.126855,,
203613,SCHMIDTS LN/MANOR RD,40.608816,-74.120622,,
203614,SCHMIDTS LN/SLOSSON AV,40.609304,-74.116692,,
203615,SLOSSON AV/VICTORY BLVD,40.612792,-74.117056,,
203649,ARTHUR KILL RD/OPP ASPEN KNOLLS,40.564356,-74.186377,,
203653,RICHMOND AV/JULES DR,40.618527,-74.155275,,
203685,RICHMOND AV/FOREST HILL RD,40.571107,-74.169654,,
203693,RICHMOND AV/MONSEY PL,40.624336,-74.149036,,
203694,NARROWS RD NORTH/SAINT JOHNS AV,40.606709,-74.075617,,
203695,HYLAN BLVD/OLD TOWN RD,40.595557,-74.086167,,
203696,HYLAN BLVD/CODDINGTON AV,40.570172,-74.11024,,
203700,HYLAN BLVD/QUINTARD ST,40.596234,-74.085655,,
203701,HYLAN BLVD/MALLORY AV,40.598554,-74.080815,,
203710,VICTORY BLVD/WESTCOTT BLVD,40.612784,-74.127404,,
203714,WATCHOGUE RD/LEVIT AV,40.617267,-74.148812,,
203715,WATCHOGUE RD/WILLOW RD EAST,40.617617,-74.152235,,
203720,SOUTH AV/BRABANT ST,40.632063,-74.166268,,
203724,NARROWS RD SOUTH/TARGEE ST,40.607755,-74.089028,,
203728,STEUBEN ST/WEST FINGERBOARD RD,40.601192,-74.076551,,
203730,FOREST AV/SOUTH AV,40.627114,-74.16596,,
203733,NARROWS RD NORTH/TARGEE ST,40.608744,-74.088118,,
203765,REON AV/HENNING ST,40.611366,-74.117159,,
203766,NORTH GANNON AV/MANOR RD,40.610122,-74.121842,,
203767,NORTH GANNON AV/GANSEVOORT BLVD,40.608971,-74.127667,,
203769,NORTH GANNON AV/WOOLLEY AV,40.608123,-74.141315,,
203770,NORTH GANNON AV/WILLOWBROOK RD,40.608569,-74.147046,,
203772,RICHMOND AV/YONA AV,40.612429,-74.159081,,
203814,DRUMGOOLE RD WEST/ANNADALE RD,40.556646,-74.175851,,
203815,LAMBERTS LN/ RICHMOND AV,40.614852,-74.158286,,
203824,HUGUENOT AV/RAMONA AV,40.539391,-74.195464,,
203827,ARTHUR KILL RD/WEST SERVICE RD,40.557795,-74.206787,,
203833,CRAIG AV/HYLAN BLVD,40.502981,-74.25147,,
203903,ELTINGVILLE/TRANSIT CENTER,40.560388,-74.171241,,
203941,RICHMOND AV/ROCKLAND AV,40.595207,-74.162115,,
203974,ARDEN AV/HAMPTON GREEN,40.554757,-74.19348,,
204067,HUGUENOT AV/DRUMGOOLE RD EAST,40.53452,-74.193012,,
204088,SOUTH GANNON AV/WHEELER AV,40.607786,-74.131061,,
250054,HYLAN BLVD/CANNON BLVD,40.565114,-74.114835,,
250058,GLEN ST/VICTORY BLVD,40.591974,-74.19263,,
250059,WEST SHORE EXPWY/VICTORY BLVD,40.589609,-74.19407,,
250065,HUGUENOT AV/AMBOY RD,40.531628,-74.191492,,
250066,HUGUENOT AV/AMBOY RD,40.531769,-74.191697,,
400145,PARK AV SOUTH/E 22 ST,40.739321,-73.987115,,
400153,BROADWAY/WAVERLY PL,40.7294,-73.993516,,
400726,6 AV/W 15 ST,40.738154,-73.996193,,
400919,6 AV/WEST HOUSTON ST,40.7287,-74.00254,,
400929,6 AV/W 23 ST,40.743027,-73.992644,,
400933,6 AV/W 34 ST,40.74986,-73.987669,,
401833,E 23 ST/1 AV,40.736691,-73.978245,,
402144,E 23 ST/2 AV,40.738311,-73.981712,,
403132,6 AV/W 50 ST,40.759771,-73.980381,,
403311,BROADWAY/WEST HOUSTON ST,40.725107,-73.997106,,
403458,MADISON AV/E 41 ST,40.752028,-73.979748,,
403621,W 57 ST/6 AV,40.764061,-73.976728,,
403971,BROADWAY/CORTLANDT ST,40.709424,-74.010341,,
404132,6 AV/PRINCE ST,40.727023,-74.003348,,
404189,BROADWAY/RECTOR ST,40.707117,-74.012303,,
404190,BROADWAY/MORRIS ST,40.705215,-74.01385,,
404201,BROADWAY/BARCLAY ST,40.71233,-74.007961,,
404205,5 AV/W 40 ST,40.752314,-73.981856,,
404206,5 AV/W 32 ST,40.747215,-73.985526,,
404219,BROADWAY/WARREN ST,40.713766,-74.006749,,
404221,BROADWAY/LIBERTY ST,40.709415,-74.010424,,
404222,BROADWAY/EXCHANGE ALLEY,40.706587,-74.012746,,
404224,BROADWAY/CHAMBERS ST,40.714045,-74.006445,,
404228,5 AV/W 40 ST,40.752548,-73.981679,,
404238,BROADWAY/BARCLAY ST,40.712076,-74.008112,,
404240,BROADWAY/CORTLANDT ST,40.709999,-74.009912,,
404243,WORTH ST/CHURCH ST,40.716552,-74.005256,,
404300,MADISON AV/E 54 ST,40.760615,-73.973461,,
404873,5 AV/W 48 ST,40.757004,-73.978433,,
404883,AVENUE OF THE AMERICAS/WEST BROADWAY,40.720728,-74.005199,,
404887,GREENWICH ST/BATTERY PL,40.70496,-74.01482,,
404891,CHURCH ST/CHAMBERS ST,40.715045,-74.007712,,
404923,CENTRAL PARK SOUTH/6 AV,40.766314,-73.977491,,
404931,WEST HOUSTON ST/MERCER ST,40.725761,-73.997446,,
404940,WEST HOUSTON ST/VARICK ST,40.728569,-74.004612,,
404956,BATTERY PL/WASHINGTON ST,40.704955,-74.015609,,
404992,6 AV/W 57 ST,40.764401,-73.977001,,
404993,BROADWAY/E 13 ST,40.734565,-73.990896,,
405017,WEST ST/CARLISLE ST,40.709633,-74.014694,,
405136,WEST ST/NORTH MOORE ST,40.720234,-74.011966,,
405230,BROADWAY/DUANE ST,40.715143,-74.005594,,
405305,WEST ST/NORTH MOORE ST,40.720253,-74.012307,,
450180,MADISON AV/E 47 ST,40.756193,-73.976722,,
803031,fdr service rd/e 16 st,40.729685,-73.972354,,
805031,Gowanus Exp./Lee Av (S.B.),40.609459,-74.035969,36047005602,3.0
805032,Gowanus Exp./78 Street (S.B.),40.625054,-74.019194,36047013600,2.0
805033,Verrazano Bridge/Lee Av (N.B.),40.610786,-74.031356,36047016400,3.0
805034,Gowanus Exp./65 St (N.B.),40.637706,-74.020302,36047012200,1.0
805035,Gowanus Exp./78 St (N.B.),40.624909,-74.018958,36047013600,2.0
805036,Gowanus Exp./63 St. (S.B.),40.636916,-74.019496,36047012600,2.0
805037,Gowanus Exp./3 Av (N.B.),40.640448,-74.021466,36047007200,1.0
805038,Gowanus Exp./Hicks St (N.B.),40.679884,-74.003929,36047005900,3.0
805154,slosson av/si ep en eb,40.610655,-74.117147,,
805158,richmond av/sumner av,40.616292,-74.157542,,
805159,SIE/Gansevoort bl,40.608775,-74.127251,,
805160,richmond av/sumner av,40.608682,-74.14817,,
805161,West Shore ep/SIE(S),40.622105,-74.171852,,
805162,West Shore ep/SIE(N),40.620825,-74.17247,,
805168,HYLAN BLVD/NEW DORP LN,40.570271,-74.109771,,
805187,BROADWAY/MORRIS ST,40.705189,-74.013878,,
901108,gowanus py/6 av(NB),40.635388,-74.016662,36047012000,1.0
901109,gowanus py/6 av,40.635157,-74.016821,36047012600,2.0
901110,fdr/beekman st,40.706646,-74.002308,,
901112,fdr/battery pl,40.704094,-74.016695,,
901113,fdr/battery pl,40.704457,-74.01658,,
901114,Gowanus Exp./6 Av (N.B.),40.635379,-74.016664,36047012000,1.0
901116,Gowanus Exp./7 Av (S.B.),40.633451,-74.016178,36047012600,2.0
901169,Gowanus EXP./ 29 St. (S.B.),40.659465,-74.00248,36047001801,
901171,B.B.T./Andes Road (N.B.),40.690928,-74.011201,,
903013,VESEY ST/WEST ST,40.714123,-74.014863,,
903017,AVENUE OF THE AMERICAS/W 14 ST,40.73742,-73.996705,,
903036,CENTRAL PARK SOUTH/6 AV,40.766007,-73.976806,,
903037,AVENUE OF THE AMERICAS/W 41 ST,40.754307,-73.984397,,
903165,CENTRAL PARK SOUTH/6 AV,40.766037,-73.976956,,
905019,CASTLETON AV/JEWETT AV,40.63385,-74.129613,,
905021,CASTLETON AV/JEWETT AV,40.633696,-74.129779,,
905046,ELTINGVILLE/TRANSIT CENTER,40.560931,-74.171352,,
905148,west st/morris st,40.706862,-74.015765,,
905149,murray st/north end av,40.715823,-74.015194,,
905150,west st/morris st,40.706838,-74.015774,,
905153,staten island expwy/wooley av,40.607568,-74.140691,,
905194,BATTERY PL/WASHINGTON ST,40.70477,-74.015508,,
905196,WEST ST/WARREN ST,40.716422,-74.012858,,
905216,BROADWAY/THOMAS ST,40.716,-74.004771,,
